{
  "bbox": [
    79.8425134,
    6.911255,
    79.8749634,
    6.9431642
  ],
  "features": [
    {
      "geometry": {
        "coordinates": [
          79.8449543,
          6.9314745
        ],
        "type": "Point"
      },
      "id": "node/91030461",
      "properties": {
        "feature_type": "crossing",
        "in_core": false,
        "kind": "marked",
        "linked_way_ids": [
          10590157
        ],
        "osm_id": 91030461,
        "osm_type": "node",
        "tags": {
          "crossing": "marked",
          "crossing:island": "no",
          "crossing:markings": "yes",
          "crossing_ref": "zebra",
          "highway": "crossing",
          "kerb": "raised"
        },
        "zone": "relation_completion"
      },
      "type": "Feature"
    },
    {
      "geometry": {
        "coordinates": [
          79.8614883,
          6.9345687
        ],
        "type": "Point"
      },
      "id": "node/91031859",
      "properties": {
        "feature_type": "mini_roundabout",
        "in_core": true,
        "kind": "mini_roundabout",
        "linked_way_ids": [
          98046427,
          347548880,
          1163785910
        ],
        "osm_id": 91031859,
        "osm_type": "node",
        "tags": {
          "diameter_crown": "5",
          "highway": "mini_roundabout"
        },
        "zone": "core"
      },
      "type": "Feature"
    },
    {
      "geometry": {
        "coordinates": [
          79.8666391,
          6.926066
        ],
        "type": "Point"
      },
      "id": "node/91032005",
      "properties": {
        "feature_type": "crossing",
        "in_core": true,
        "kind": "traffic_signals",
        "linked_way_ids": [
          24791500,
          1132104058,
          1463948689
        ],
        "osm_id": 91032005,
        "osm_type": "node",
        "tags": {
          "crossing": "traffic_signals",
          "crossing_ref": "zebra",
          "highway": "crossing"
        },
        "zone": "core"
      },
      "type": "Feature"
    },
    {
      "geometry": {
        "coordinates": [
          79.8501417,
          6.933429
        ],
        "type": "Point"
      },
      "id": "node/91032773",
      "properties": {
        "feature_type": "poi",
        "in_core": false,
        "kind": "public_transport=stop_position",
        "linked_way_ids": [],
        "osm_id": 91032773,
        "osm_type": "node",
        "tags": {
          "name": "Colombo Fort",
          "public_transport": "stop_position",
          "railway": "stop",
          "train": "yes"
        },
        "zone": "context"
      },
      "type": "Feature"
    },
    {
      "geometry": {
        "coordinates": [
          79.8460198,
          6.9314456
        ],
        "type": "Point"
      },
      "id": "node/92132195",
      "properties": {
        "feature_type": "poi",
        "in_core": false,
        "kind": "public_transport=station",
        "linked_way_ids": [],
        "osm_id": 92132195,
        "osm_type": "node",
        "tags": {
          "abbr_name": "SCR",
          "name": "Secretariat Halt",
          "network": "Coastal Line",
          "operator": "Sri Lanka Railways",
          "public_transport": "station",
          "railway": "station",
          "train": "yes"
        },
        "zone": "context"
      },
      "type": "Feature"
    },
    {
      "geometry": {
        "coordinates": [
          79.8613844,
          6.9186723
        ],
        "type": "Point"
      },
      "id": "node/127657312",
      "properties": {
        "feature_type": "traffic_signal",
        "in_core": true,
        "kind": "traffic_signals",
        "linked_way_ids": [
          23581014,
          1089605498,
          1089605499
        ],
        "osm_id": 127657312,
        "osm_type": "node",
        "tags": {
          "highway": "traffic_signals",
          "junction": "yes",
          "population": "1000"
        },
        "zone": "core"
      },
      "type": "Feature"
    },
    {
      "geometry": {
        "coordinates": [
          79.874386,
          6.9152796
        ],
        "type": "Point"
      },
      "id": "node/127658071",
      "properties": {
        "feature_type": "traffic_signal",
        "in_core": false,
        "kind": "traffic_signals",
        "linked_way_ids": [
          13858379
        ],
        "osm_id": 127658071,
        "osm_type": "node",
        "tags": {
          "highway": "traffic_signals"
        },
        "zone": "relation_completion"
      },
      "type": "Feature"
    },
    {
      "geometry": {
        "coordinates": [
          79.8712568,
          6.9185302
        ],
        "type": "Point"
      },
      "id": "node/127658086",
      "properties": {
        "feature_type": "traffic_signal",
        "in_core": false,
        "kind": "signal",
        "linked_way_ids": [
          13858379,
          366452499
        ],
        "osm_id": 127658086,
        "osm_type": "node",
        "tags": {
          "highway": "traffic_signals",
          "traffic_signals": "signal"
        },
        "zone": "relation_completion"
      },
      "type": "Feature"
    },
    {
      "geometry": {
        "coordinates": [
          79.8502264,
          6.9265762
        ],
        "type": "Point"
      },
      "id": "node/127659163",
      "properties": {
        "feature_type": "crossing",
        "in_core": true,
        "kind": "marked",
        "linked_way_ids": [
          50061749,
          1495325122
        ],
        "osm_id": 127659163,
        "osm_type": "node",
        "tags": {
          "crossing": "marked",
          "crossing:markings": "yes",
          "highway": "crossing",
          "kerb": "flush"
        },
        "zone": "core"
      },
      "type": "Feature"
    },
    {
      "geometry": {
        "coordinates": [
          79.8566985,
          6.9130501
        ],
        "type": "Point"
      },
      "id": "node/130038164",
      "properties": {
        "feature_type": "crossing",
        "in_core": false,
        "kind": "marked",
        "linked_way_ids": [
          359945311
        ],
        "osm_id": 130038164,
        "osm_type": "node",
        "tags": {
          "crossing": "marked",
          "crossing:markings": "yes",
          "crossing_ref": "zebra",
          "highway": "crossing"
        },
        "zone": "relation_completion"
      },
      "type": "Feature"
    },
    {
      "geometry": {
        "coordinates": [
          79.8462778,
          6.920953
        ],
        "type": "Point"
      },
      "id": "node/206593477",
      "properties": {
        "feature_type": "crossing",
        "in_core": false,
        "kind": "marked",
        "linked_way_ids": [
          1430312632,
          1489623836
        ],
        "osm_id": 206593477,
        "osm_type": "node",
        "tags": {
          "crossing": "marked",
          "crossing:markings": "zebra",
          "highway": "crossing"
        },
        "zone": "context"
      },
      "type": "Feature"
    },
    {
      "geometry": {
        "coordinates": [
          79.8469829,
          6.9362774
        ],
        "type": "Point"
      },
      "id": "node/248608286",
      "properties": {
        "feature_type": "crossing",
        "in_core": false,
        "kind": "marked",
        "linked_way_ids": [
          24790881,
          343838577,
          374792296,
          692274650
        ],
        "osm_id": 248608286,
        "osm_type": "node",
        "tags": {
          "crossing": "marked",
          "crossing:markings": "yes",
          "crossing_ref": "zebra",
          "highway": "crossing",
          "kerb": "raised"
        },
        "zone": "relation_completion"
      },
      "type": "Feature"
    },
    {
      "geometry": {
        "coordinates": [
          79.8493786,
          6.9291227
        ],
        "type": "Point"
      },
      "id": "node/253144768",
      "properties": {
        "feature_type": "poi",
        "in_core": false,
        "kind": "tourism=hotel",
        "linked_way_ids": [],
        "osm_id": 253144768,
        "osm_type": "node",
        "tags": {
          "addr:city": "Colombo",
          "air_conditioning": "yes",
          "bar": "yes",
          "check_date": "2022-11-29",
          "internet_access:fee": "no",
          "name": "Cinnamon Lakeside Hotel",
          "opening_hours": "24/7",
          "payment:cash": "yes",
          "payment:credit_cards": "yes",
          "payment:debit_cards": "yes",
          "reservation": "yes",
          "stars": "5",
          "tourism": "hotel",
          "website": "https://www.cinnamonhotels.com/cinnamonlakesidecolombo",
          "wheelchair": "yes"
        },
        "zone": "context"
      },
      "type": "Feature"
    },
    {
      "geometry": {
        "coordinates": [
          79.8468093,
          6.9319851
        ],
        "type": "Point"
      },
      "id": "node/255040405",
      "properties": {
        "feature_type": "traffic_signal",
        "in_core": false,
        "kind": "signal",
        "linked_way_ids": [
          23924485,
          359949478,
          1463499815
        ],
        "osm_id": 255040405,
        "osm_type": "node",
        "tags": {
          "highway": "traffic_signals",
          "traffic_signals": "signal"
        },
        "zone": "context"
      },
      "type": "Feature"
    },
    {
      "geometry": {
        "coordinates": [
          79.8647247,
          6.9139438
        ],
        "type": "Point"
      },
      "id": "node/255361132",
      "properties": {
        "feature_type": "traffic_signal",
        "in_core": false,
        "kind": "signal",
        "linked_way_ids": [
          23581016,
          359934145,
          1089605517,
          1121878510
        ],
        "osm_id": 255361132,
        "osm_type": "node",
        "tags": {
          "highway": "traffic_signals",
          "traffic_signals": "signal"
        },
        "zone": "relation_completion"
      },
      "type": "Feature"
    },
    {
      "geometry": {
        "coordinates": [
          79.8647531,
          6.9119987
        ],
        "type": "Point"
      },
      "id": "node/255361138",
      "properties": {
        "feature_type": "crossing",
        "in_core": false,
        "kind": "zebra",
        "linked_way_ids": [
          119971341
        ],
        "osm_id": 255361138,
        "osm_type": "node",
        "tags": {
          "crossing": "zebra",
          "highway": "crossing"
        },
        "zone": "relation_completion"
      },
      "type": "Feature"
    },
    {
      "geometry": {
        "coordinates": [
          79.8558233,
          6.9202306
        ],
        "type": "Point"
      },
      "id": "node/255671691",
      "properties": {
        "feature_type": "poi",
        "in_core": true,
        "kind": "shop=supermarket",
        "linked_way_ids": [],
        "osm_id": 255671691,
        "osm_type": "node",
        "tags": {
          "brand": "Cargills Food City",
          "brand:wikidata": "Q58353955",
          "name": "Cargills Food City",
          "operator:wikidata": "Q5039260",
          "operator:wikipedia": "en:Cargills (Ceylon)",
          "shop": "supermarket"
        },
        "zone": "core"
      },
      "type": "Feature"
    },
    {
      "geometry": {
        "coordinates": [
          79.8713052,
          6.9212511
        ],
        "type": "Point"
      },
      "id": "node/270333418",
      "properties": {
        "feature_type": "traffic_signal",
        "in_core": false,
        "kind": "traffic_signals",
        "linked_way_ids": [
          24791500,
          48730915,
          313246313
        ],
        "osm_id": 270333418,
        "osm_type": "node",
        "tags": {
          "highway": "traffic_signals"
        },
        "zone": "relation_completion"
      },
      "type": "Feature"
    },
    {
      "geometry": {
        "coordinates": [
          79.8559888,
          6.9214572
        ],
        "type": "Point"
      },
      "id": "node/617141645",
      "properties": {
        "feature_type": "poi",
        "in_core": true,
        "kind": "shop=supermarket",
        "linked_way_ids": [],
        "osm_id": 617141645,
        "osm_type": "node",
        "tags": {
          "name": "Keells Super",
          "shop": "supermarket"
        },
        "zone": "core"
      },
      "type": "Feature"
    },
    {
      "geometry": {
        "coordinates": [
          79.8578214,
          6.9204412
        ],
        "type": "Point"
      },
      "id": "node/617169300",
      "properties": {
        "feature_type": "traffic_signal",
        "in_core": true,
        "kind": "traffic_signals",
        "linked_way_ids": [
          13859252,
          48588739,
          317497969,
          1105989857
        ],
        "osm_id": 617169300,
        "osm_type": "node",
        "tags": {
          "highway": "traffic_signals"
        },
        "zone": "core"
      },
      "type": "Feature"
    },
    {
      "geometry": {
        "coordinates": [
          79.8559481,
          6.914556
        ],
        "type": "Point"
      },
      "id": "node/618281743",
      "properties": {
        "feature_type": "crossing",
        "in_core": false,
        "kind": "marked",
        "linked_way_ids": [
          50732593
        ],
        "osm_id": 618281743,
        "osm_type": "node",
        "tags": {
          "crossing": "marked",
          "crossing:markings": "yes",
          "highway": "crossing"
        },
        "zone": "context"
      },
      "type": "Feature"
    },
    {
      "geometry": {
        "coordinates": [
          79.8685501,
          6.9243358
        ],
        "type": "Point"
      },
      "id": "node/618491025",
      "properties": {
        "feature_type": "poi",
        "in_core": false,
        "kind": "shop=department_store",
        "linked_way_ids": [],
        "osm_id": 618491025,
        "osm_type": "node",
        "tags": {
          "amenity": "school",
          "historic": "monument",
          "name": "Ananda College",
          "shop": "department_store"
        },
        "zone": "context"
      },
      "type": "Feature"
    },
    {
      "geometry": {
        "coordinates": [
          79.8576952,
          6.9203283
        ],
        "type": "Point"
      },
      "id": "node/618555631",
      "properties": {
        "feature_type": "poi",
        "in_core": true,
        "kind": "amenity=fast_food",
        "linked_way_ids": [],
        "osm_id": 618555631,
        "osm_type": "node",
        "tags": {
          "alt_name": "Kentucky Fried Chicken",
          "amenity": "fast_food",
          "brand": "KFC",
          "brand:wikidata": "Q524757",
          "cuisine": "chicken",
          "name": "KFC",
          "takeaway": "yes"
        },
        "zone": "core"
      },
      "type": "Feature"
    },
    {
      "geometry": {
        "coordinates": [
          79.8476483,
          6.9211657
        ],
        "type": "Point"
      },
      "id": "node/618555638",
      "properties": {
        "feature_type": "poi",
        "in_core": false,
        "kind": "tourism=hotel",
        "linked_way_ids": [],
        "osm_id": 618555638,
        "osm_type": "node",
        "tags": {
          "addr:city": "Colombo City Limit",
          "brand": "Ramada",
          "brand:wikidata": "Q1502859",
          "name": "Ramada Colombo",
          "tourism": "hotel"
        },
        "zone": "context"
      },
      "type": "Feature"
    },
    {
      "geometry": {
        "coordinates": [
          79.8534981,
          6.924578
        ],
        "type": "Point"
      },
      "id": "node/618749184",
      "properties": {
        "feature_type": "poi",
        "in_core": true,
        "kind": "amenity=fuel",
        "linked_way_ids": [],
        "osm_id": 618749184,
        "osm_type": "node",
        "tags": {
          "amenity": "fuel"
        },
        "zone": "core"
      },
      "type": "Feature"
    },
    {
      "geometry": {
        "coordinates": [
          79.8588223,
          6.9196631
        ],
        "type": "Point"
      },
      "id": "node/618752161",
      "properties": {
        "feature_type": "poi",
        "in_core": true,
        "kind": "amenity=fuel",
        "linked_way_ids": [],
        "osm_id": 618752161,
        "osm_type": "node",
        "tags": {
          "addr:city": "Colombo 2",
          "addr:street": "Union Place",
          "amenity": "fuel",
          "name": "Autodrome"
        },
        "zone": "core"
      },
      "type": "Feature"
    },
    {
      "geometry": {
        "coordinates": [
          79.8658346,
          6.9347198
        ],
        "type": "Point"
      },
      "id": "node/619234315",
      "properties": {
        "feature_type": "poi",
        "in_core": false,
        "kind": "amenity=fuel",
        "linked_way_ids": [],
        "osm_id": 619234315,
        "osm_type": "node",
        "tags": {
          "amenity": "fuel"
        },
        "zone": "context"
      },
      "type": "Feature"
    },
    {
      "geometry": {
        "coordinates": [
          79.8596982,
          6.9334529
        ],
        "type": "Point"
      },
      "id": "node/619259633",
      "properties": {
        "feature_type": "crossing",
        "in_core": true,
        "kind": "uncontrolled",
        "linked_way_ids": [
          1007151487,
          1492471226
        ],
        "osm_id": 619259633,
        "osm_type": "node",
        "tags": {
          "crossing": "uncontrolled",
          "highway": "crossing"
        },
        "zone": "core"
      },
      "type": "Feature"
    },
    {
      "geometry": {
        "coordinates": [
          79.8585274,
          6.9344871
        ],
        "type": "Point"
      },
      "id": "node/619259646",
      "properties": {
        "feature_type": "crossing",
        "in_core": true,
        "kind": "crossing",
        "linked_way_ids": [
          1492499902
        ],
        "osm_id": 619259646,
        "osm_type": "node",
        "tags": {
          "highway": "crossing"
        },
        "zone": "core"
      },
      "type": "Feature"
    },
    {
      "geometry": {
        "coordinates": [
          79.8556206,
          6.9371283
        ],
        "type": "Point"
      },
      "id": "node/619263610",
      "properties": {
        "feature_type": "poi",
        "in_core": false,
        "kind": "public_transport=platform",
        "linked_way_ids": [],
        "osm_id": 619263610,
        "osm_type": "node",
        "tags": {
          "bus": "yes",
          "highway": "bus_stop",
          "name": "Gunasinghepura Bus Stop",
          "public_transport": "platform"
        },
        "zone": "context"
      },
      "type": "Feature"
    },
    {
      "geometry": {
        "coordinates": [
          79.8542579,
          6.9364774
        ],
        "type": "Point"
      },
      "id": "node/619263640",
      "properties": {
        "feature_type": "crossing",
        "in_core": false,
        "kind": "marked",
        "linked_way_ids": [
          48807868
        ],
        "osm_id": 619263640,
        "osm_type": "node",
        "tags": {
          "crossing": "marked",
          "highway": "crossing"
        },
        "zone": "context"
      },
      "type": "Feature"
    },
    {
      "geometry": {
        "coordinates": [
          79.8502961,
          6.9340332
        ],
        "type": "Point"
      },
      "id": "node/619265151",
      "properties": {
        "feature_type": "poi",
        "in_core": false,
        "kind": "public_transport=platform",
        "linked_way_ids": [],
        "osm_id": 619265151,
        "osm_type": "node",
        "tags": {
          "bench": "yes",
          "bus": "yes",
          "highway": "bus_stop",
          "name": "Fort Bus Stop",
          "public_transport": "platform",
          "shelter": "yes",
          "toilets:wheelchair": "no",
          "wheelchair": "no"
        },
        "zone": "context"
      },
      "type": "Feature"
    },
    {
      "geometry": {
        "coordinates": [
          79.8679867,
          6.9246829
        ],
        "type": "Point"
      },
      "id": "node/619274591",
      "properties": {
        "feature_type": "traffic_signal",
        "in_core": false,
        "kind": "traffic_signals",
        "linked_way_ids": [
          24791500,
          48730911
        ],
        "osm_id": 619274591,
        "osm_type": "node",
        "tags": {
          "highway": "traffic_signals"
        },
        "zone": "context"
      },
      "type": "Feature"
    },
    {
      "geometry": {
        "coordinates": [
          79.8679018,
          6.9246135
        ],
        "type": "Point"
      },
      "id": "node/619274598",
      "properties": {
        "feature_type": "traffic_signal",
        "in_core": false,
        "kind": "traffic_signals",
        "linked_way_ids": [
          48730911,
          48809065,
          350014237
        ],
        "osm_id": 619274598,
        "osm_type": "node",
        "tags": {
          "highway": "traffic_signals"
        },
        "zone": "context"
      },
      "type": "Feature"
    },
    {
      "geometry": {
        "coordinates": [
          79.8647576,
          6.9229861
        ],
        "type": "Point"
      },
      "id": "node/619274824",
      "properties": {
        "feature_type": "traffic_signal",
        "in_core": true,
        "kind": "traffic_signals",
        "linked_way_ids": [
          311102111,
          393186966,
          665914474,
          665914477
        ],
        "osm_id": 619274824,
        "osm_type": "node",
        "tags": {
          "highway": "traffic_signals"
        },
        "zone": "core"
      },
      "type": "Feature"
    },
    {
      "geometry": {
        "coordinates": [
          79.8709201,
          6.9213534
        ],
        "type": "Point"
      },
      "id": "node/619297604",
      "properties": {
        "feature_type": "poi",
        "in_core": false,
        "kind": "amenity=post_office",
        "linked_way_ids": [],
        "osm_id": 619297604,
        "osm_type": "node",
        "tags": {
          "addr:city": "Punchi Borella",
          "addr:street": "Gnanartha Pradeepa Mawatha",
          "amenity": "post_office",
          "check_date": "2023-01-05",
          "name": "Post Office Punchi Borerella"
        },
        "zone": "relation_completion"
      },
      "type": "Feature"
    },
    {
      "geometry": {
        "coordinates": [
          79.8653572,
          6.9167897
        ],
        "type": "Point"
      },
      "id": "node/619732371",
      "properties": {
        "feature_type": "poi",
        "in_core": false,
        "kind": "shop=department_store",
        "linked_way_ids": [],
        "osm_id": 619732371,
        "osm_type": "node",
        "tags": {
          "addr:city": "Colombo 07",
          "addr:street": "Alexandra Place",
          "branch": "Alexandra Place",
          "brand": "ODEL",
          "check_date": "2023-01-18",
          "name": "ODEL",
          "payment:mastercard": "yes",
          "payment:visa": "yes",
          "shop": "department_store",
          "website": "https://odel.lk/",
          "wheelchair": "yes"
        },
        "zone": "context"
      },
      "type": "Feature"
    },
    {
      "geometry": {
        "coordinates": [
          79.8639353,
          6.9173705
        ],
        "type": "Point"
      },
      "id": "node/619732375",
      "properties": {
        "feature_type": "traffic_signal",
        "in_core": false,
        "kind": "traffic_signals",
        "linked_way_ids": [
          194100149,
          1109884009,
          1141512437
        ],
        "osm_id": 619732375,
        "osm_type": "node",
        "tags": {
          "highway": "traffic_signals"
        },
        "zone": "context"
      },
      "type": "Feature"
    },
    {
      "geometry": {
        "coordinates": [
          79.8639674,
          6.9172161
        ],
        "type": "Point"
      },
      "id": "node/619732382",
      "properties": {
        "feature_type": "traffic_signal",
        "in_core": false,
        "kind": "traffic_signals",
        "linked_way_ids": [
          48847397,
          194100149
        ],
        "osm_id": 619732382,
        "osm_type": "node",
        "tags": {
          "highway": "traffic_signals"
        },
        "zone": "context"
      },
      "type": "Feature"
    },
    {
      "geometry": {
        "coordinates": [
          79.8639001,
          6.9172025
        ],
        "type": "Point"
      },
      "id": "node/619732387",
      "properties": {
        "feature_type": "traffic_signal",
        "in_core": false,
        "kind": "traffic_signals",
        "linked_way_ids": [
          1141512438,
          1494402811
        ],
        "osm_id": 619732387,
        "osm_type": "node",
        "tags": {
          "highway": "traffic_signals"
        },
        "zone": "context"
      },
      "type": "Feature"
    },
    {
      "geometry": {
        "coordinates": [
          79.8638317,
          6.9172791
        ],
        "type": "Point"
      },
      "id": "node/619732389",
      "properties": {
        "feature_type": "traffic_signal",
        "in_core": false,
        "kind": "traffic_signals",
        "linked_way_ids": [
          359945312,
          1494402810,
          1494402811
        ],
        "osm_id": 619732389,
        "osm_type": "node",
        "tags": {
          "highway": "traffic_signals"
        },
        "zone": "context"
      },
      "type": "Feature"
    },
    {
      "geometry": {
        "coordinates": [
          79.8648013,
          6.9175869
        ],
        "type": "Point"
      },
      "id": "node/619732396",
      "properties": {
        "feature_type": "crossing",
        "in_core": false,
        "kind": "zebra",
        "linked_way_ids": [
          48847393,
          1089605528,
          1120006850
        ],
        "osm_id": 619732396,
        "osm_type": "node",
        "tags": {
          "crossing": "zebra",
          "highway": "crossing"
        },
        "zone": "context"
      },
      "type": "Feature"
    },
    {
      "geometry": {
        "coordinates": [
          79.8645206,
          6.9173498
        ],
        "type": "Point"
      },
      "id": "node/619732398",
      "properties": {
        "feature_type": "traffic_signal",
        "in_core": false,
        "kind": "traffic_signals",
        "linked_way_ids": [
          48847394
        ],
        "osm_id": 619732398,
        "osm_type": "node",
        "tags": {
          "highway": "traffic_signals"
        },
        "zone": "context"
      },
      "type": "Feature"
    },
    {
      "geometry": {
        "coordinates": [
          79.8649131,
          6.9173734
        ],
        "type": "Point"
      },
      "id": "node/619732410",
      "properties": {
        "feature_type": "traffic_signal",
        "in_core": false,
        "kind": "traffic_signals",
        "linked_way_ids": [
          48847399,
          1313004964,
          1494402819
        ],
        "osm_id": 619732410,
        "osm_type": "node",
        "tags": {
          "highway": "traffic_signals"
        },
        "zone": "context"
      },
      "type": "Feature"
    },
    {
      "geometry": {
        "coordinates": [
          79.8646816,
          6.9171815
        ],
        "type": "Point"
      },
      "id": "node/619732443",
      "properties": {
        "feature_type": "traffic_signal",
        "in_core": false,
        "kind": "traffic_signals",
        "linked_way_ids": [
          48847397,
          48847399
        ],
        "osm_id": 619732443,
        "osm_type": "node",
        "tags": {
          "highway": "traffic_signals"
        },
        "zone": "context"
      },
      "type": "Feature"
    },
    {
      "geometry": {
        "coordinates": [
          79.8671954,
          6.9172436
        ],
        "type": "Point"
      },
      "id": "node/619735564",
      "properties": {
        "feature_type": "poi",
        "in_core": false,
        "kind": "amenity=hospital",
        "linked_way_ids": [],
        "osm_id": 619735564,
        "osm_type": "node",
        "tags": {
          "amenity": "hospital",
          "check_date": "2024-08-09",
          "emergency": "yes",
          "healthcare": "hospital",
          "name": "Colombo General Hospital"
        },
        "zone": "context"
      },
      "type": "Feature"
    },
    {
      "geometry": {
        "coordinates": [
          79.8482169,
          6.9170029
        ],
        "type": "Point"
      },
      "id": "node/620385687",
      "properties": {
        "feature_type": "poi",
        "in_core": false,
        "kind": "shop=mall",
        "linked_way_ids": [],
        "osm_id": 620385687,
        "osm_type": "node",
        "tags": {
          "addr:city": "Colombo 03",
          "addr:street": "Galle Road",
          "name": "Crescat Boulevard",
          "shop": "mall"
        },
        "zone": "relation_completion"
      },
      "type": "Feature"
    },
    {
      "geometry": {
        "coordinates": [
          79.8632462,
          6.9177126
        ],
        "type": "Point"
      },
      "id": "node/620519811",
      "properties": {
        "feature_type": "poi",
        "in_core": false,
        "kind": "amenity=cafe",
        "linked_way_ids": [],
        "osm_id": 620519811,
        "osm_type": "node",
        "tags": {
          "amenity": "cafe",
          "name": "Salaka",
          "opening_hours": "Mo-Su,PH 06:00-24:00"
        },
        "zone": "context"
      },
      "type": "Feature"
    },
    {
      "geometry": {
        "coordinates": [
          79.8635977,
          6.9172062
        ],
        "type": "Point"
      },
      "id": "node/620519821",
      "properties": {
        "feature_type": "poi",
        "in_core": false,
        "kind": "amenity=pharmacy",
        "linked_way_ids": [],
        "osm_id": 620519821,
        "osm_type": "node",
        "tags": {
          "addr:city": "Colombo 07",
          "addr:street": "Union Place",
          "amenity": "pharmacy",
          "dispensing": "no",
          "healthcare": "pharmacy",
          "name": "Osu Sala",
          "opening_hours": "Mo-Sa 00:00-00:00",
          "operator": "SPC"
        },
        "zone": "context"
      },
      "type": "Feature"
    },
    {
      "geometry": {
        "coordinates": [
          79.8499986,
          6.9198727
        ],
        "type": "Point"
      },
      "id": "node/625772795",
      "properties": {
        "feature_type": "poi",
        "in_core": false,
        "kind": "amenity=parking",
        "linked_way_ids": [],
        "osm_id": 625772795,
        "osm_type": "node",
        "tags": {
          "amenity": "parking"
        },
        "zone": "context"
      },
      "type": "Feature"
    },
    {
      "geometry": {
        "coordinates": [
          79.8527901,
          6.919191
        ],
        "type": "Point"
      },
      "id": "node/625781653",
      "properties": {
        "feature_type": "poi",
        "in_core": false,
        "kind": "shop=convenience",
        "linked_way_ids": [],
        "osm_id": 625781653,
        "osm_type": "node",
        "tags": {
          "name": "S G T C",
          "shop": "convenience"
        },
        "zone": "context"
      },
      "type": "Feature"
    },
    {
      "geometry": {
        "coordinates": [
          79.8571245,
          6.9204797
        ],
        "type": "Point"
      },
      "id": "node/625781654",
      "properties": {
        "feature_type": "poi",
        "in_core": true,
        "kind": "amenity=parking",
        "linked_way_ids": [],
        "osm_id": 625781654,
        "osm_type": "node",
        "tags": {
          "amenity": "parking"
        },
        "zone": "core"
      },
      "type": "Feature"
    },
    {
      "geometry": {
        "coordinates": [
          79.8617972,
          6.9265976
        ],
        "type": "Point"
      },
      "id": "node/635909831",
      "properties": {
        "feature_type": "crossing",
        "in_core": true,
        "kind": "marked",
        "linked_way_ids": [
          1492462148,
          1495725277
        ],
        "osm_id": 635909831,
        "osm_type": "node",
        "tags": {
          "crossing": "marked",
          "crossing:markings": "yes",
          "crossing_ref": "zebra",
          "highway": "crossing"
        },
        "zone": "core"
      },
      "type": "Feature"
    },
    {
      "geometry": {
        "coordinates": [
          79.8646837,
          6.9174028
        ],
        "type": "Point"
      },
      "id": "node/646762530",
      "properties": {
        "feature_type": "traffic_signal",
        "in_core": false,
        "kind": "traffic_signals",
        "linked_way_ids": [
          48847394,
          48847399
        ],
        "osm_id": 646762530,
        "osm_type": "node",
        "tags": {
          "highway": "traffic_signals"
        },
        "zone": "context"
      },
      "type": "Feature"
    },
    {
      "geometry": {
        "coordinates": [
          79.8487713,
          6.9366777
        ],
        "type": "Point"
      },
      "id": "node/651703025",
      "properties": {
        "feature_type": "poi",
        "in_core": false,
        "kind": "amenity=parking",
        "linked_way_ids": [],
        "osm_id": 651703025,
        "osm_type": "node",
        "tags": {
          "amenity": "parking",
          "capacity": "1000",
          "name": "Chalmer's Granary Parking",
          "park_ride": "yes"
        },
        "zone": "relation_completion"
      },
      "type": "Feature"
    },
    {
      "geometry": {
        "coordinates": [
          79.8450183,
          6.9331721
        ],
        "type": "Point"
      },
      "id": "node/652631249",
      "properties": {
        "feature_type": "crossing",
        "in_core": false,
        "kind": "marked",
        "linked_way_ids": [
          48749072
        ],
        "osm_id": 652631249,
        "osm_type": "node",
        "tags": {
          "crossing": "marked",
          "crossing:markings": "yes",
          "crossing_ref": "zebra",
          "highway": "crossing",
          "kerb": "flush"
        },
        "zone": "relation_completion"
      },
      "type": "Feature"
    },
    {
      "geometry": {
        "coordinates": [
          79.8573358,
          6.9144755
        ],
        "type": "Point"
      },
      "id": "node/653109308",
      "properties": {
        "feature_type": "poi",
        "in_core": false,
        "kind": "amenity=parking",
        "linked_way_ids": [],
        "osm_id": 653109308,
        "osm_type": "node",
        "tags": {
          "amenity": "parking"
        },
        "zone": "context"
      },
      "type": "Feature"
    },
    {
      "geometry": {
        "coordinates": [
          79.8632875,
          6.9210804
        ],
        "type": "Point"
      },
      "id": "node/653113058",
      "properties": {
        "feature_type": "poi",
        "in_core": true,
        "kind": "amenity=parking",
        "linked_way_ids": [],
        "osm_id": 653113058,
        "osm_type": "node",
        "tags": {
          "amenity": "parking"
        },
        "zone": "core"
      },
      "type": "Feature"
    },
    {
      "geometry": {
        "coordinates": [
          79.87237,
          6.937122
        ],
        "type": "Point"
      },
      "id": "node/653145903",
      "properties": {
        "feature_type": "crossing",
        "in_core": false,
        "kind": "crossing",
        "linked_way_ids": [
          51193151
        ],
        "osm_id": 653145903,
        "osm_type": "node",
        "tags": {
          "highway": "crossing"
        },
        "zone": "relation_completion"
      },
      "type": "Feature"
    },
    {
      "geometry": {
        "coordinates": [
          79.8538363,
          6.9201059
        ],
        "type": "Point"
      },
      "id": "node/654743924",
      "properties": {
        "feature_type": "poi",
        "in_core": true,
        "kind": "amenity=parking",
        "linked_way_ids": [],
        "osm_id": 654743924,
        "osm_type": "node",
        "tags": {
          "amenity": "parking"
        },
        "zone": "core"
      },
      "type": "Feature"
    },
    {
      "geometry": {
        "coordinates": [
          79.8620268,
          6.9228721
        ],
        "type": "Point"
      },
      "id": "node/662875960",
      "properties": {
        "feature_type": "traffic_signal",
        "in_core": true,
        "kind": "traffic_signals",
        "linked_way_ids": [
          48809066,
          1089605503
        ],
        "osm_id": 662875960,
        "osm_type": "node",
        "tags": {
          "highway": "traffic_signals"
        },
        "zone": "core"
      },
      "type": "Feature"
    },
    {
      "geometry": {
        "coordinates": [
          79.8632008,
          6.9294279
        ],
        "type": "Point"
      },
      "id": "node/662913149",
      "properties": {
        "feature_type": "poi",
        "in_core": true,
        "kind": "amenity=parking",
        "linked_way_ids": [],
        "osm_id": 662913149,
        "osm_type": "node",
        "tags": {
          "amenity": "parking"
        },
        "zone": "core"
      },
      "type": "Feature"
    },
    {
      "geometry": {
        "coordinates": [
          79.8642309,
          6.9283514
        ],
        "type": "Point"
      },
      "id": "node/663253013",
      "properties": {
        "feature_type": "traffic_signal",
        "in_core": true,
        "kind": "traffic_signals",
        "linked_way_ids": [
          350016400,
          386046674,
          665898437
        ],
        "osm_id": 663253013,
        "osm_type": "node",
        "tags": {
          "highway": "traffic_signals"
        },
        "zone": "core"
      },
      "type": "Feature"
    },
    {
      "geometry": {
        "coordinates": [
          79.863709,
          6.9283237
        ],
        "type": "Point"
      },
      "id": "node/663253092",
      "properties": {
        "feature_type": "traffic_signal",
        "in_core": true,
        "kind": "traffic_signals",
        "linked_way_ids": [
          24256078,
          350014245,
          350016400
        ],
        "osm_id": 663253092,
        "osm_type": "node",
        "tags": {
          "highway": "traffic_signals"
        },
        "zone": "core"
      },
      "type": "Feature"
    },
    {
      "geometry": {
        "coordinates": [
          79.863837,
          6.9169956
        ],
        "type": "Point"
      },
      "id": "node/664420352",
      "properties": {
        "feature_type": "traffic_signal",
        "in_core": false,
        "kind": "traffic_signals",
        "linked_way_ids": [
          48678609,
          52145793,
          1113383569
        ],
        "osm_id": 664420352,
        "osm_type": "node",
        "tags": {
          "highway": "traffic_signals"
        },
        "zone": "context"
      },
      "type": "Feature"
    },
    {
      "geometry": {
        "coordinates": [
          79.8459655,
          6.93259
        ],
        "type": "Point"
      },
      "id": "node/665241266",
      "properties": {
        "feature_type": "traffic_signal",
        "in_core": false,
        "kind": "traffic_signals",
        "linked_way_ids": [
          194101179,
          308340214,
          308341600,
          1122673177
        ],
        "osm_id": 665241266,
        "osm_type": "node",
        "tags": {
          "highway": "traffic_signals"
        },
        "zone": "context"
      },
      "type": "Feature"
    },
    {
      "geometry": {
        "coordinates": [
          79.8467216,
          6.917104
        ],
        "type": "Point"
      },
      "id": "node/666892346",
      "properties": {
        "feature_type": "poi",
        "in_core": false,
        "kind": "amenity=parking",
        "linked_way_ids": [],
        "osm_id": 666892346,
        "osm_type": "node",
        "tags": {
          "amenity": "parking"
        },
        "zone": "relation_completion"
      },
      "type": "Feature"
    },
    {
      "geometry": {
        "coordinates": [
          79.8588625,
          6.9201412
        ],
        "type": "Point"
      },
      "id": "node/667823910",
      "properties": {
        "feature_type": "poi",
        "in_core": true,
        "kind": "amenity=restaurant",
        "linked_way_ids": [],
        "osm_id": 667823910,
        "osm_type": "node",
        "tags": {
          "addr:city": "Colombo 2",
          "addr:housenumber": "321A",
          "addr:street": "Union Place",
          "amenity": "restaurant",
          "branch": "Union Place",
          "brand": "Pizza Hut",
          "brand:wikidata": "Q191615",
          "check_date": "2024-08-10",
          "check_date:opening_hours": "2024-08-10",
          "cuisine": "pizza",
          "delivery": "yes",
          "highchair": "yes",
          "internet_access": "wlan",
          "internet_access:fee": "no",
          "name": "Pizza Hut",
          "opening_hours": "11:00-23:00",
          "payment:mastercard": "yes",
          "payment:visa": "yes",
          "reservation": "yes",
          "smoking": "no",
          "takeaway": "yes",
          "website": "https://www.pizzahut.lk/",
          "wheelchair": "yes"
        },
        "zone": "core"
      },
      "type": "Feature"
    },
    {
      "geometry": {
        "coordinates": [
          79.8649957,
          6.9300854
        ],
        "type": "Point"
      },
      "id": "node/668963648",
      "properties": {
        "feature_type": "traffic_signal",
        "in_core": true,
        "kind": "traffic_signals",
        "linked_way_ids": [
          313262044,
          350014239
        ],
        "osm_id": 668963648,
        "osm_type": "node",
        "tags": {
          "highway": "traffic_signals"
        },
        "zone": "core"
      },
      "type": "Feature"
    },
    {
      "geometry": {
        "coordinates": [
          79.8683648,
          6.9242722
        ],
        "type": "Point"
      },
      "id": "node/671432767",
      "properties": {
        "feature_type": "crossing",
        "in_core": false,
        "kind": "traffic_signals",
        "linked_way_ids": [
          24791500,
          1132104056
        ],
        "osm_id": 671432767,
        "osm_type": "node",
        "tags": {
          "crossing": "traffic_signals",
          "highway": "crossing"
        },
        "zone": "context"
      },
      "type": "Feature"
    },
    {
      "geometry": {
        "coordinates": [
          79.8682918,
          6.9242133
        ],
        "type": "Point"
      },
      "id": "node/671432770",
      "properties": {
        "feature_type": "crossing",
        "in_core": false,
        "kind": "traffic_signals",
        "linked_way_ids": [
          350014237,
          1132104056
        ],
        "osm_id": 671432770,
        "osm_type": "node",
        "tags": {
          "crossing": "traffic_signals",
          "highway": "crossing"
        },
        "zone": "context"
      },
      "type": "Feature"
    },
    {
      "geometry": {
        "coordinates": [
          79.8468691,
          6.9205897
        ],
        "type": "Point"
      },
      "id": "node/675889145",
      "properties": {
        "feature_type": "poi",
        "in_core": false,
        "kind": "amenity=restaurant",
        "linked_way_ids": [],
        "osm_id": 675889145,
        "osm_type": "node",
        "tags": {
          "addr:city": "Colombo 03",
          "addr:street": "Galle Road",
          "amenity": "restaurant",
          "check_date": "2025-11-05",
          "cuisine": "german",
          "name": "The Bavarian"
        },
        "zone": "context"
      },
      "type": "Feature"
    },
    {
      "geometry": {
        "coordinates": [
          79.8472876,
          6.9200252
        ],
        "type": "Point"
      },
      "id": "node/675889230",
      "properties": {
        "feature_type": "poi",
        "in_core": false,
        "kind": "amenity=restaurant",
        "linked_way_ids": [],
        "osm_id": 675889230,
        "osm_type": "node",
        "tags": {
          "amenity": "restaurant",
          "name": "Nihonbashi"
        },
        "zone": "context"
      },
      "type": "Feature"
    },
    {
      "geometry": {
        "coordinates": [
          79.8531208,
          6.9229035
        ],
        "type": "Point"
      },
      "id": "node/678287424",
      "properties": {
        "feature_type": "poi",
        "in_core": true,
        "kind": "amenity=post_office",
        "linked_way_ids": [],
        "osm_id": 678287424,
        "osm_type": "node",
        "tags": {
          "amenity": "post_office",
          "name": "Post Office Slave Island"
        },
        "zone": "core"
      },
      "type": "Feature"
    },
    {
      "geometry": {
        "coordinates": [
          79.8697567,
          6.9139635
        ],
        "type": "Point"
      },
      "id": "node/679004906",
      "properties": {
        "feature_type": "poi",
        "in_core": false,
        "kind": "amenity=hospital",
        "linked_way_ids": [],
        "osm_id": 679004906,
        "osm_type": "node",
        "tags": {
          "amenity": "hospital",
          "healthcare": "hospital",
          "name": "McCarthy Private Hospital"
        },
        "zone": "relation_completion"
      },
      "type": "Feature"
    },
    {
      "geometry": {
        "coordinates": [
          79.8618413,
          6.915813
        ],
        "type": "Point"
      },
      "id": "node/679746589",
      "properties": {
        "feature_type": "traffic_signal",
        "in_core": false,
        "kind": "traffic_signals",
        "linked_way_ids": [
          53840881,
          839348506,
          1089605522,
          1495438322
        ],
        "osm_id": 679746589,
        "osm_type": "node",
        "tags": {
          "button_operated": "no",
          "crossing": "traffic_signals",
          "crossing_ref": "zebra",
          "highway": "traffic_signals",
          "traffic_signals:sound": "no",
          "traffic_signals:vibration": "no"
        },
        "zone": "context"
      },
      "type": "Feature"
    },
    {
      "geometry": {
        "coordinates": [
          79.8702449,
          6.9198065
        ],
        "type": "Point"
      },
      "id": "node/681802896",
      "properties": {
        "feature_type": "poi",
        "in_core": false,
        "kind": "amenity=hospital",
        "linked_way_ids": [],
        "osm_id": 681802896,
        "osm_type": "node",
        "tags": {
          "addr:city": "Colombo 10",
          "addr:housenumber": "19",
          "addr:street": "Kynsey Road",
          "amenity": "hospital",
          "check_date": "2025-08-13",
          "emergency": "yes",
          "healthcare": "hospital",
          "name": "De Soysa Hospital for Women",
          "opening_hours": "24/7",
          "operator:type": "government",
          "wheelchair": "yes"
        },
        "zone": "relation_completion"
      },
      "type": "Feature"
    },
    {
      "geometry": {
        "coordinates": [
          79.8525515,
          6.9394712
        ],
        "type": "Point"
      },
      "id": "node/682685492",
      "properties": {
        "feature_type": "poi",
        "in_core": false,
        "kind": "amenity=parking",
        "linked_way_ids": [],
        "osm_id": 682685492,
        "osm_type": "node",
        "tags": {
          "amenity": "parking"
        },
        "zone": "relation_completion"
      },
      "type": "Feature"
    },
    {
      "geometry": {
        "coordinates": [
          79.8530987,
          6.9399398
        ],
        "type": "Point"
      },
      "id": "node/682685493",
      "properties": {
        "feature_type": "poi",
        "in_core": false,
        "kind": "shop=department_store",
        "linked_way_ids": [],
        "osm_id": 682685493,
        "osm_type": "node",
        "tags": {
          "name": "Gold Market",
          "shop": "department_store"
        },
        "zone": "relation_completion"
      },
      "type": "Feature"
    },
    {
      "geometry": {
        "coordinates": [
          79.8447967,
          6.9356618
        ],
        "type": "Point"
      },
      "id": "node/682747844",
      "properties": {
        "feature_type": "poi",
        "in_core": false,
        "kind": "amenity=fast_food",
        "linked_way_ids": [],
        "osm_id": 682747844,
        "osm_type": "node",
        "tags": {
          "alt_name": "Kentucky Fried Chicken",
          "alt_name:en": "Kentucky Fried Chicken",
          "alt_name:hi": "केंटुकी फ्राइड चिकन",
          "alt_name:pa": "ਕੈਂਟੁਕੀ ਫ੍ਰਾਈਡ ਚਿਕਨ",
          "alt_name:pnb": "کینٹکی فرائیڈ چکن",
          "alt_name:ur": "کینٹکی فرائیڈ چکن",
          "amenity": "fast_food",
          "brand": "KFC",
          "brand:en": "KFC",
          "brand:hi": "केएफसी",
          "brand:pa": "ਕੇਐਫਸੀ",
          "brand:pnb": "کے ایف سی",
          "brand:ur": "کے ایف سی",
          "brand:wikidata": "Q524757",
          "cuisine": "chicken",
          "name": "KFC",
          "name:en": "KFC",
          "name:hi": "केएफसी",
          "name:pa": "ਕੇਐਫਸੀ",
          "name:pnb": "کے ایف سی",
          "name:ur": "کے ایف سی",
          "shop": "supermarket",
          "takeaway": "yes"
        },
        "zone": "relation_completion"
      },
      "type": "Feature"
    },
    {
      "geometry": {
        "coordinates": [
          79.8646684,
          6.9251045
        ],
        "type": "Point"
      },
      "id": "node/976674824",
      "properties": {
        "feature_type": "poi",
        "in_core": true,
        "kind": "amenity=hospital",
        "linked_way_ids": [],
        "osm_id": 976674824,
        "osm_type": "node",
        "tags": {
          "amenity": "hospital",
          "healthcare": "hospital",
          "name": "Dental Surgery"
        },
        "zone": "core"
      },
      "type": "Feature"
    },
    {
      "geometry": {
        "coordinates": [
          79.8660256,
          6.9292111
        ],
        "type": "Point"
      },
      "id": "node/1128193546",
      "properties": {
        "feature_type": "poi",
        "in_core": true,
        "kind": "public_transport=stop_position",
        "linked_way_ids": [],
        "osm_id": 1128193546,
        "osm_type": "node",
        "tags": {
          "name": "Maradana",
          "public_transport": "stop_position",
          "railway": "stop",
          "ref": "7",
          "train": "yes"
        },
        "zone": "core"
      },
      "type": "Feature"
    },
    {
      "geometry": {
        "coordinates": [
          79.8648301,
          6.9139839
        ],
        "type": "Point"
      },
      "id": "node/1278079706",
      "properties": {
        "feature_type": "traffic_signal",
        "in_core": false,
        "kind": "traffic_signals",
        "linked_way_ids": [
          359934143,
          1089605513,
          1089605514,
          1494402833
        ],
        "osm_id": 1278079706,
        "osm_type": "node",
        "tags": {
          "highway": "traffic_signals"
        },
        "zone": "relation_completion"
      },
      "type": "Feature"
    },
    {
      "geometry": {
        "coordinates": [
          79.8647256,
          6.9140288
        ],
        "type": "Point"
      },
      "id": "node/1278079713",
      "properties": {
        "feature_type": "traffic_signal",
        "in_core": false,
        "kind": "traffic_signals",
        "linked_way_ids": [
          1089605512,
          1089605513,
          1089605515,
          1089605517
        ],
        "osm_id": 1278079713,
        "osm_type": "node",
        "tags": {
          "highway": "traffic_signals"
        },
        "zone": "relation_completion"
      },
      "type": "Feature"
    },
    {
      "geometry": {
        "coordinates": [
          79.8457628,
          6.9327158
        ],
        "type": "Point"
      },
      "id": "node/1280869012",
      "properties": {
        "feature_type": "traffic_signal",
        "in_core": false,
        "kind": "signal",
        "linked_way_ids": [
          112750206,
          1122673177,
          1552091944,
          1552855481
        ],
        "osm_id": 1280869012,
        "osm_type": "node",
        "tags": {
          "highway": "traffic_signals",
          "traffic_signals": "signal"
        },
        "zone": "relation_completion"
      },
      "type": "Feature"
    },
    {
      "geometry": {
        "coordinates": [
          79.8461765,
          6.9328945
        ],
        "type": "Point"
      },
      "id": "node/1280869013",
      "properties": {
        "feature_type": "traffic_signal",
        "in_core": false,
        "kind": "traffic_signals",
        "linked_way_ids": [
          112750206,
          112750208,
          194101179,
          308348584
        ],
        "osm_id": 1280869013,
        "osm_type": "node",
        "tags": {
          "highway": "traffic_signals"
        },
        "zone": "context"
      },
      "type": "Feature"
    },
    {
      "geometry": {
        "coordinates": [
          79.8490177,
          6.937983
        ],
        "type": "Point"
      },
      "id": "node/1296776214",
      "properties": {
        "feature_type": "crossing",
        "in_core": false,
        "kind": "crossing",
        "linked_way_ids": [
          490386466
        ],
        "osm_id": 1296776214,
        "osm_type": "node",
        "tags": {
          "highway": "crossing"
        },
        "zone": "relation_completion"
      },
      "type": "Feature"
    },
    {
      "geometry": {
        "coordinates": [
          79.8617956,
          6.9159001
        ],
        "type": "Point"
      },
      "id": "node/1346377753",
      "properties": {
        "feature_type": "traffic_signal",
        "in_core": false,
        "kind": "traffic_signals",
        "linked_way_ids": [
          119971339,
          665917692,
          839348507,
          1089605522
        ],
        "osm_id": 1346377753,
        "osm_type": "node",
        "tags": {
          "button_operated": "no",
          "crossing": "traffic_signals",
          "crossing_ref": "zebra",
          "highway": "traffic_signals",
          "traffic_signals:sound": "no",
          "traffic_signals:vibration": "no"
        },
        "zone": "context"
      },
      "type": "Feature"
    },
    {
      "geometry": {
        "coordinates": [
          79.8480881,
          6.9155325
        ],
        "type": "Point"
      },
      "id": "node/1376677117",
      "properties": {
        "feature_type": "poi",
        "in_core": false,
        "kind": "tourism=hotel",
        "linked_way_ids": [],
        "osm_id": 1376677117,
        "osm_type": "node",
        "tags": {
          "name": "Ranmuthu Hotel",
          "tourism": "hotel"
        },
        "zone": "relation_completion"
      },
      "type": "Feature"
    },
    {
      "geometry": {
        "coordinates": [
          79.870419,
          6.9192775
        ],
        "type": "Point"
      },
      "id": "node/1378988156",
      "properties": {
        "feature_type": "poi",
        "in_core": false,
        "kind": "amenity=hospital",
        "linked_way_ids": [],
        "osm_id": 1378988156,
        "osm_type": "node",
        "tags": {
          "amenity": "hospital",
          "healthcare": "hospital",
          "name": "Neurology Ward"
        },
        "zone": "relation_completion"
      },
      "type": "Feature"
    },
    {
      "geometry": {
        "coordinates": [
          79.8696197,
          6.9206887
        ],
        "type": "Point"
      },
      "id": "node/1378988158",
      "properties": {
        "feature_type": "poi",
        "in_core": false,
        "kind": "amenity=hospital",
        "linked_way_ids": [],
        "osm_id": 1378988158,
        "osm_type": "node",
        "tags": {
          "amenity": "hospital",
          "check_date": "2025-08-13",
          "emergency": "yes",
          "healthcare": "hospital",
          "name": "Cardiac Ward"
        },
        "zone": "context"
      },
      "type": "Feature"
    },
    {
      "geometry": {
        "coordinates": [
          79.8671977,
          6.9186997
        ],
        "type": "Point"
      },
      "id": "node/1378988163",
      "properties": {
        "feature_type": "poi",
        "in_core": false,
        "kind": "amenity=hospital",
        "linked_way_ids": [],
        "osm_id": 1378988163,
        "osm_type": "node",
        "tags": {
          "amenity": "hospital",
          "check_date": "2023-01-01",
          "emergency": "yes",
          "healthcare": "hospital",
          "name": "Accident Ward"
        },
        "zone": "context"
      },
      "type": "Feature"
    },
    {
      "geometry": {
        "coordinates": [
          79.8686501,
          6.923735
        ],
        "type": "Point"
      },
      "id": "node/1378988334",
      "properties": {
        "feature_type": "poi",
        "in_core": false,
        "kind": "amenity=fuel",
        "linked_way_ids": [],
        "osm_id": 1378988334,
        "osm_type": "node",
        "tags": {
          "addr:city": "Maradana",
          "addr:street": "Gnanartha Pradeepa Mawatha",
          "amenity": "fuel",
          "brand": "Lanka IOC",
          "brand:wikidata": "Q30595420",
          "name": "Lanka IOC"
        },
        "zone": "context"
      },
      "type": "Feature"
    },
    {
      "geometry": {
        "coordinates": [
          79.8655884,
          6.9259635
        ],
        "type": "Point"
      },
      "id": "node/1378992434",
      "properties": {
        "feature_type": "poi",
        "in_core": true,
        "kind": "amenity=marketplace",
        "linked_way_ids": [],
        "osm_id": 1378992434,
        "osm_type": "node",
        "tags": {
          "amenity": "marketplace",
          "name": "Maradana Market - Mariya Kade"
        },
        "zone": "core"
      },
      "type": "Feature"
    },
    {
      "geometry": {
        "coordinates": [
          79.8656134,
          6.9329127
        ],
        "type": "Point"
      },
      "id": "node/1428433293",
      "properties": {
        "feature_type": "traffic_signal",
        "in_core": false,
        "kind": "traffic_lights",
        "linked_way_ids": [
          350014239
        ],
        "osm_id": 1428433293,
        "osm_type": "node",
        "tags": {
          "highway": "traffic_signals",
          "note": "现场观测存在红绿灯",
          "traffic_signals": "traffic_lights",
          "traffic_signals:direction": "forward"
        },
        "zone": "context"
      },
      "type": "Feature"
    },
    {
      "geometry": {
        "coordinates": [
          79.8652531,
          6.9250077
        ],
        "type": "Point"
      },
      "id": "node/1428434250",
      "properties": {
        "feature_type": "crossing",
        "in_core": true,
        "kind": "crossing",
        "linked_way_ids": [
          309705718
        ],
        "osm_id": 1428434250,
        "osm_type": "node",
        "tags": {
          "highway": "crossing"
        },
        "zone": "core"
      },
      "type": "Feature"
    },
    {
      "geometry": {
        "coordinates": [
          79.8524089,
          6.9348835
        ],
        "type": "Point"
      },
      "id": "node/1510485243",
      "properties": {
        "feature_type": "poi",
        "in_core": false,
        "kind": "amenity=restaurant",
        "linked_way_ids": [],
        "osm_id": 1510485243,
        "osm_type": "node",
        "tags": {
          "amenity": "restaurant",
          "name": "Norris Hotel"
        },
        "zone": "context"
      },
      "type": "Feature"
    },
    {
      "geometry": {
        "coordinates": [
          79.8522136,
          6.934822
        ],
        "type": "Point"
      },
      "id": "node/1510485246",
      "properties": {
        "feature_type": "poi",
        "in_core": false,
        "kind": "amenity=restaurant",
        "linked_way_ids": [],
        "osm_id": 1510485246,
        "osm_type": "node",
        "tags": {
          "amenity": "restaurant",
          "name": "Jayapura Hotel"
        },
        "zone": "context"
      },
      "type": "Feature"
    },
    {
      "geometry": {
        "coordinates": [
          79.8497046,
          6.9180399
        ],
        "type": "Point"
      },
      "id": "node/1684767682",
      "properties": {
        "feature_type": "crossing",
        "in_core": false,
        "kind": "marked",
        "linked_way_ids": [
          52774235,
          1107981342
        ],
        "osm_id": 1684767682,
        "osm_type": "node",
        "tags": {
          "crossing": "marked",
          "crossing:markings": "yes",
          "highway": "crossing"
        },
        "zone": "context"
      },
      "type": "Feature"
    },
    {
      "geometry": {
        "coordinates": [
          79.8563467,
          6.918475
        ],
        "type": "Point"
      },
      "id": "node/1839459815",
      "properties": {
        "feature_type": "poi",
        "in_core": true,
        "kind": "amenity=cafe",
        "linked_way_ids": [],
        "osm_id": 1839459815,
        "osm_type": "node",
        "tags": {
          "addr:street": "Muttiah Road",
          "amenity": "cafe",
          "check_date": "2026-01-04",
          "cuisine": "burger;pizza;indian;sandwich",
          "fixme": "Does this still exist?",
          "name": "Dinemore"
        },
        "zone": "core"
      },
      "type": "Feature"
    },
    {
      "geometry": {
        "coordinates": [
          79.8568546,
          6.9211084
        ],
        "type": "Point"
      },
      "id": "node/1839459849",
      "properties": {
        "feature_type": "poi",
        "in_core": true,
        "kind": "amenity=hospital",
        "linked_way_ids": [],
        "osm_id": 1839459849,
        "osm_type": "node",
        "tags": {
          "amenity": "hospital",
          "healthcare": "hospital",
          "name": "Ratnam's"
        },
        "zone": "core"
      },
      "type": "Feature"
    },
    {
      "geometry": {
        "coordinates": [
          79.8607565,
          6.9175437
        ],
        "type": "Point"
      },
      "id": "node/1870801706",
      "properties": {
        "feature_type": "poi",
        "in_core": false,
        "kind": "shop=supermarket",
        "linked_way_ids": [],
        "osm_id": 1870801706,
        "osm_type": "node",
        "tags": {
          "addr:housenumber": "69",
          "addr:street": "Hyde Park Conner",
          "ele": "9",
          "name": "Arpico Super Center",
          "shop": "supermarket"
        },
        "zone": "context"
      },
      "type": "Feature"
    },
    {
      "geometry": {
        "coordinates": [
          79.8559089,
          6.9164093
        ],
        "type": "Point"
      },
      "id": "node/2026668068",
      "properties": {
        "feature_type": "poi",
        "in_core": false,
        "kind": "amenity=hospital",
        "linked_way_ids": [],
        "osm_id": 2026668068,
        "osm_type": "node",
        "tags": {
          "amenity": "hospital",
          "emergency": "no",
          "healthcare": "hospital",
          "name": "Colombo Friend-in-Need Society"
        },
        "zone": "context"
      },
      "type": "Feature"
    },
    {
      "geometry": {
        "coordinates": [
          79.8447372,
          6.9353839
        ],
        "type": "Point"
      },
      "id": "node/2049590782",
      "properties": {
        "feature_type": "poi",
        "in_core": false,
        "kind": "shop=supermarket",
        "linked_way_ids": [],
        "osm_id": 2049590782,
        "osm_type": "node",
        "tags": {
          "name": "Millers Fort",
          "shop": "supermarket"
        },
        "zone": "relation_completion"
      },
      "type": "Feature"
    },
    {
      "geometry": {
        "coordinates": [
          79.847143,
          6.9314341
        ],
        "type": "Point"
      },
      "id": "node/2071121697",
      "properties": {
        "feature_type": "poi",
        "in_core": false,
        "kind": "public_transport=platform",
        "linked_way_ids": [],
        "osm_id": 2071121697,
        "osm_type": "node",
        "tags": {
          "bench": "yes",
          "bin": "no",
          "bus": "yes",
          "highway": "bus_stop",
          "name": "Regal Cinema bus stop",
          "public_transport": "platform",
          "shelter": "yes",
          "wheelchair": "no"
        },
        "zone": "context"
      },
      "type": "Feature"
    },
    {
      "geometry": {
        "coordinates": [
          79.8647064,
          6.9170405
        ],
        "type": "Point"
      },
      "id": "node/2083191643",
      "properties": {
        "feature_type": "traffic_signal",
        "in_core": false,
        "kind": "traffic_signals",
        "linked_way_ids": [
          52145793,
          359934142,
          359934144,
          1089605526
        ],
        "osm_id": 2083191643,
        "osm_type": "node",
        "tags": {
          "highway": "traffic_signals"
        },
        "zone": "context"
      },
      "type": "Feature"
    },
    {
      "geometry": {
        "coordinates": [
          79.8638493,
          6.9175442
        ],
        "type": "Point"
      },
      "id": "node/2083191657",
      "properties": {
        "feature_type": "crossing",
        "in_core": false,
        "kind": "marked",
        "linked_way_ids": [
          1089605501,
          1089605525
        ],
        "osm_id": 2083191657,
        "osm_type": "node",
        "tags": {
          "crossing": "marked",
          "crossing:markings": "yes",
          "highway": "crossing"
        },
        "zone": "context"
      },
      "type": "Feature"
    },
    {
      "geometry": {
        "coordinates": [
          79.8461515,
          6.9312621
        ],
        "type": "Point"
      },
      "id": "node/2084875762",
      "properties": {
        "feature_type": "poi",
        "in_core": false,
        "kind": "amenity=restaurant",
        "linked_way_ids": [],
        "osm_id": 2084875762,
        "osm_type": "node",
        "tags": {
          "amenity": "restaurant",
          "name": "Seafish"
        },
        "zone": "context"
      },
      "type": "Feature"
    },
    {
      "geometry": {
        "coordinates": [
          79.8701274,
          6.9159346
        ],
        "type": "Point"
      },
      "id": "node/2093028057",
      "properties": {
        "feature_type": "poi",
        "in_core": false,
        "kind": "shop=supermarket",
        "linked_way_ids": [],
        "osm_id": 2093028057,
        "osm_type": "node",
        "tags": {
          "branch": "Ward Place",
          "brand": "Cargills Food City",
          "brand:wikidata": "Q58353955",
          "name": "Cargills Food City",
          "shop": "supermarket",
          "survey:date": "2024-08-21"
        },
        "zone": "relation_completion"
      },
      "type": "Feature"
    },
    {
      "geometry": {
        "coordinates": [
          79.8710562,
          6.9213835
        ],
        "type": "Point"
      },
      "id": "node/2094306187",
      "properties": {
        "feature_type": "crossing",
        "in_core": false,
        "kind": "crossing",
        "linked_way_ids": [
          350014237,
          1493332246
        ],
        "osm_id": 2094306187,
        "osm_type": "node",
        "tags": {
          "highway": "crossing"
        },
        "zone": "relation_completion"
      },
      "type": "Feature"
    },
    {
      "geometry": {
        "coordinates": [
          79.8658908,
          6.9225169
        ],
        "type": "Point"
      },
      "id": "node/2096574174",
      "properties": {
        "feature_type": "poi",
        "in_core": true,
        "kind": "shop=supermarket",
        "linked_way_ids": [],
        "osm_id": 2096574174,
        "osm_type": "node",
        "tags": {
          "addr:street": "Norris Canal Road",
          "name": "Cargills",
          "shop": "supermarket"
        },
        "zone": "core"
      },
      "type": "Feature"
    },
    {
      "geometry": {
        "coordinates": [
          79.8672158,
          6.9200779
        ],
        "type": "Point"
      },
      "id": "node/2096587466",
      "properties": {
        "feature_type": "poi",
        "in_core": false,
        "kind": "amenity=restaurant",
        "linked_way_ids": [],
        "osm_id": 2096587466,
        "osm_type": "node",
        "tags": {
          "amenity": "restaurant",
          "cuisine": "chinese",
          "name": "Park View"
        },
        "zone": "context"
      },
      "type": "Feature"
    },
    {
      "geometry": {
        "coordinates": [
          79.862665,
          6.916505
        ],
        "type": "Point"
      },
      "id": "node/2098734214",
      "properties": {
        "feature_type": "poi",
        "in_core": false,
        "kind": "amenity=pharmacy",
        "linked_way_ids": [],
        "osm_id": 2098734214,
        "osm_type": "node",
        "tags": {
          "amenity": "pharmacy",
          "dispensing": "yes",
          "healthcare": "pharmacy",
          "name": "Mediccom Superdrugs 24hrs"
        },
        "zone": "context"
      },
      "type": "Feature"
    },
    {
      "geometry": {
        "coordinates": [
          79.8651588,
          6.9304715
        ],
        "type": "Point"
      },
      "id": "node/2105371082",
      "properties": {
        "feature_type": "poi",
        "in_core": true,
        "kind": "tourism=hotel",
        "linked_way_ids": [],
        "osm_id": 2105371082,
        "osm_type": "node",
        "tags": {
          "name": "Shalimar Hotel",
          "source": "Booking.com",
          "tourism": "hotel"
        },
        "zone": "core"
      },
      "type": "Feature"
    },
    {
      "geometry": {
        "coordinates": [
          79.8684044,
          6.9244446
        ],
        "type": "Point"
      },
      "id": "node/2143722741",
      "properties": {
        "feature_type": "barrier",
        "in_core": false,
        "kind": "gate",
        "linked_way_ids": [
          204363021
        ],
        "osm_id": 2143722741,
        "osm_type": "node",
        "tags": {
          "barrier": "gate"
        },
        "zone": "context"
      },
      "type": "Feature"
    },
    {
      "geometry": {
        "coordinates": [
          79.8715778,
          6.9258879
        ],
        "type": "Point"
      },
      "id": "node/2143724558",
      "properties": {
        "feature_type": "barrier",
        "in_core": false,
        "kind": "gate",
        "linked_way_ids": [
          204363262
        ],
        "osm_id": 2143724558,
        "osm_type": "node",
        "tags": {
          "barrier": "gate"
        },
        "zone": "context"
      },
      "type": "Feature"
    },
    {
      "geometry": {
        "coordinates": [
          79.8698236,
          6.9254499
        ],
        "type": "Point"
      },
      "id": "node/2143724564",
      "properties": {
        "feature_type": "barrier",
        "in_core": false,
        "kind": "gate",
        "linked_way_ids": [
          204363263
        ],
        "osm_id": 2143724564,
        "osm_type": "node",
        "tags": {
          "barrier": "gate"
        },
        "zone": "context"
      },
      "type": "Feature"
    },
    {
      "geometry": {
        "coordinates": [
          79.8717219,
          6.9258407
        ],
        "type": "Point"
      },
      "id": "node/2143724567",
      "properties": {
        "feature_type": "poi",
        "in_core": false,
        "kind": "amenity=parking",
        "linked_way_ids": [],
        "osm_id": 2143724567,
        "osm_type": "node",
        "tags": {
          "amenity": "parking"
        },
        "zone": "context"
      },
      "type": "Feature"
    },
    {
      "geometry": {
        "coordinates": [
          79.8698954,
          6.9253933
        ],
        "type": "Point"
      },
      "id": "node/2143724568",
      "properties": {
        "feature_type": "poi",
        "in_core": false,
        "kind": "amenity=parking",
        "linked_way_ids": [],
        "osm_id": 2143724568,
        "osm_type": "node",
        "tags": {
          "amenity": "parking"
        },
        "zone": "context"
      },
      "type": "Feature"
    },
    {
      "geometry": {
        "coordinates": [
          79.8688005,
          6.9239439
        ],
        "type": "Point"
      },
      "id": "node/2143724570",
      "properties": {
        "feature_type": "barrier",
        "in_core": false,
        "kind": "gate",
        "linked_way_ids": [
          204363022
        ],
        "osm_id": 2143724570,
        "osm_type": "node",
        "tags": {
          "barrier": "gate"
        },
        "zone": "context"
      },
      "type": "Feature"
    },
    {
      "geometry": {
        "coordinates": [
          79.8682941,
          6.9245839
        ],
        "type": "Point"
      },
      "id": "node/2143724572",
      "properties": {
        "feature_type": "poi",
        "in_core": false,
        "kind": "amenity=parking",
        "linked_way_ids": [],
        "osm_id": 2143724572,
        "osm_type": "node",
        "tags": {
          "amenity": "parking"
        },
        "zone": "context"
      },
      "type": "Feature"
    },
    {
      "geometry": {
        "coordinates": [
          79.8587561,
          6.9202517
        ],
        "type": "Point"
      },
      "id": "node/2143730214",
      "properties": {
        "feature_type": "poi",
        "in_core": true,
        "kind": "amenity=parking",
        "linked_way_ids": [],
        "osm_id": 2143730214,
        "osm_type": "node",
        "tags": {
          "amenity": "parking",
          "parking": "street_side"
        },
        "zone": "core"
      },
      "type": "Feature"
    },
    {
      "geometry": {
        "coordinates": [
          79.8493606,
          6.9331721
        ],
        "type": "Point"
      },
      "id": "node/2328937237",
      "properties": {
        "feature_type": "barrier",
        "in_core": false,
        "kind": "gate",
        "linked_way_ids": [
          224056975,
          1493258105
        ],
        "osm_id": 2328937237,
        "osm_type": "node",
        "tags": {
          "barrier": "gate",
          "bicycle": "yes",
          "foot": "yes"
        },
        "zone": "context"
      },
      "type": "Feature"
    },
    {
      "geometry": {
        "coordinates": [
          79.8512184,
          6.9325666
        ],
        "type": "Point"
      },
      "id": "node/2328940514",
      "properties": {
        "feature_type": "poi",
        "in_core": true,
        "kind": "amenity=post_office",
        "linked_way_ids": [],
        "osm_id": 2328940514,
        "osm_type": "node",
        "tags": {
          "amenity": "post_office",
          "name": "EMS Speed Post",
          "name:zh": "EMS 速运"
        },
        "zone": "core"
      },
      "type": "Feature"
    },
    {
      "geometry": {
        "coordinates": [
          79.847868,
          6.9326714
        ],
        "type": "Point"
      },
      "id": "node/2328941797",
      "properties": {
        "feature_type": "poi",
        "in_core": false,
        "kind": "public_transport=platform",
        "linked_way_ids": [],
        "osm_id": 2328941797,
        "osm_type": "node",
        "tags": {
          "bus": "yes",
          "highway": "bus_stop",
          "public_transport": "platform",
          "wheelchair": "no"
        },
        "zone": "context"
      },
      "type": "Feature"
    },
    {
      "geometry": {
        "coordinates": [
          79.8550245,
          6.9315736
        ],
        "type": "Point"
      },
      "id": "node/2328962656",
      "properties": {
        "feature_type": "poi",
        "in_core": true,
        "kind": "shop=supermarket",
        "linked_way_ids": [],
        "osm_id": 2328962656,
        "osm_type": "node",
        "tags": {
          "name": "Lanka Sathosa",
          "shop": "supermarket"
        },
        "zone": "core"
      },
      "type": "Feature"
    },
    {
      "geometry": {
        "coordinates": [
          79.8551023,
          6.931523
        ],
        "type": "Point"
      },
      "id": "node/2328963045",
      "properties": {
        "feature_type": "poi",
        "in_core": true,
        "kind": "amenity=fast_food",
        "linked_way_ids": [],
        "osm_id": 2328963045,
        "osm_type": "node",
        "tags": {
          "amenity": "fast_food",
          "cuisine": "seafood",
          "name": "Sey-nor sea food"
        },
        "zone": "core"
      },
      "type": "Feature"
    },
    {
      "geometry": {
        "coordinates": [
          79.855306,
          6.9311621
        ],
        "type": "Point"
      },
      "id": "node/2328964033",
      "properties": {
        "feature_type": "poi",
        "in_core": true,
        "kind": "tourism=hotel",
        "linked_way_ids": [],
        "osm_id": 2328964033,
        "osm_type": "node",
        "tags": {
          "name": "Benchmark Holidays",
          "tourism": "hotel"
        },
        "zone": "core"
      },
      "type": "Feature"
    },
    {
      "geometry": {
        "coordinates": [
          79.8477491,
          6.9181902
        ],
        "type": "Point"
      },
      "id": "node/2376285690",
      "properties": {
        "feature_type": "poi",
        "in_core": false,
        "kind": "amenity=restaurant",
        "linked_way_ids": [],
        "osm_id": 2376285690,
        "osm_type": "node",
        "tags": {
          "amenity": "restaurant",
          "cuisine": "italian",
          "name": "Echo"
        },
        "zone": "relation_completion"
      },
      "type": "Feature"
    },
    {
      "geometry": {
        "coordinates": [
          79.8540564,
          6.9399436
        ],
        "type": "Point"
      },
      "id": "node/2394815239",
      "properties": {
        "feature_type": "crossing",
        "in_core": false,
        "kind": "crossing",
        "linked_way_ids": [
          51269351
        ],
        "osm_id": 2394815239,
        "osm_type": "node",
        "tags": {
          "highway": "crossing"
        },
        "zone": "relation_completion"
      },
      "type": "Feature"
    },
    {
      "geometry": {
        "coordinates": [
          79.8507168,
          6.933607
        ],
        "type": "Point"
      },
      "id": "node/2407528062",
      "properties": {
        "feature_type": "poi",
        "in_core": false,
        "kind": "public_transport=stop_position",
        "linked_way_ids": [],
        "osm_id": 2407528062,
        "osm_type": "node",
        "tags": {
          "name": "Colombo Fort",
          "public_transport": "stop_position",
          "railway": "stop",
          "train": "yes"
        },
        "zone": "context"
      },
      "type": "Feature"
    },
    {
      "geometry": {
        "coordinates": [
          79.8507172,
          6.9336373
        ],
        "type": "Point"
      },
      "id": "node/2407541253",
      "properties": {
        "feature_type": "poi",
        "in_core": false,
        "kind": "public_transport=stop_position",
        "linked_way_ids": [],
        "osm_id": 2407541253,
        "osm_type": "node",
        "tags": {
          "name": "Colombo Fort",
          "public_transport": "stop_position",
          "railway": "stop",
          "train": "yes"
        },
        "zone": "context"
      },
      "type": "Feature"
    },
    {
      "geometry": {
        "coordinates": [
          79.8646097,
          6.9180439
        ],
        "type": "Point"
      },
      "id": "node/2464933241",
      "properties": {
        "feature_type": "poi",
        "in_core": false,
        "kind": "amenity=cafe",
        "linked_way_ids": [],
        "osm_id": 2464933241,
        "osm_type": "node",
        "tags": {
          "addr:city": "Colombo",
          "addr:housenumber": "523",
          "addr:postcode": "00200",
          "addr:street": "Union Place",
          "amenity": "cafe",
          "cuisine": "sandwich;cake",
          "name": "Bread Talk",
          "opening_hours": "Mo-Su 07:30-18:30",
          "outdoor_seating": "no",
          "website": "breadtalksrilanka.com"
        },
        "zone": "context"
      },
      "type": "Feature"
    },
    {
      "geometry": {
        "coordinates": [
          79.8500484,
          6.9330786
        ],
        "type": "Point"
      },
      "id": "node/2648621418",
      "properties": {
        "feature_type": "poi",
        "in_core": false,
        "kind": "public_transport=stop_position",
        "linked_way_ids": [],
        "osm_id": 2648621418,
        "osm_type": "node",
        "tags": {
          "name": "Colombo Fort",
          "public_transport": "stop_position",
          "railway": "stop",
          "train": "yes"
        },
        "zone": "context"
      },
      "type": "Feature"
    },
    {
      "geometry": {
        "coordinates": [
          79.8501117,
          6.933171
        ],
        "type": "Point"
      },
      "id": "node/2648621421",
      "properties": {
        "feature_type": "poi",
        "in_core": false,
        "kind": "public_transport=stop_position",
        "linked_way_ids": [],
        "osm_id": 2648621421,
        "osm_type": "node",
        "tags": {
          "name": "Colombo Fort",
          "public_transport": "stop_position",
          "railway": "stop",
          "train": "yes"
        },
        "zone": "context"
      },
      "type": "Feature"
    },
    {
      "geometry": {
        "coordinates": [
          79.8501155,
          6.9332057
        ],
        "type": "Point"
      },
      "id": "node/2648621423",
      "properties": {
        "feature_type": "poi",
        "in_core": false,
        "kind": "public_transport=stop_position",
        "linked_way_ids": [],
        "osm_id": 2648621423,
        "osm_type": "node",
        "tags": {
          "name": "Colombo Fort",
          "public_transport": "stop_position",
          "railway": "stop",
          "train": "yes"
        },
        "zone": "context"
      },
      "type": "Feature"
    },
    {
      "geometry": {
        "coordinates": [
          79.8501276,
          6.9332985
        ],
        "type": "Point"
      },
      "id": "node/2648621425",
      "properties": {
        "feature_type": "poi",
        "in_core": false,
        "kind": "public_transport=stop_position",
        "linked_way_ids": [],
        "osm_id": 2648621425,
        "osm_type": "node",
        "tags": {
          "name": "Colombo Fort",
          "public_transport": "stop_position",
          "railway": "stop",
          "train": "yes"
        },
        "zone": "context"
      },
      "type": "Feature"
    },
    {
      "geometry": {
        "coordinates": [
          79.8501288,
          6.9333315
        ],
        "type": "Point"
      },
      "id": "node/2648621427",
      "properties": {
        "feature_type": "poi",
        "in_core": false,
        "kind": "public_transport=stop_position",
        "linked_way_ids": [],
        "osm_id": 2648621427,
        "osm_type": "node",
        "tags": {
          "name": "Colombo Fort",
          "public_transport": "stop_position",
          "railway": "stop",
          "train": "yes"
        },
        "zone": "context"
      },
      "type": "Feature"
    },
    {
      "geometry": {
        "coordinates": [
          79.8501407,
          6.9334603
        ],
        "type": "Point"
      },
      "id": "node/2648621430",
      "properties": {
        "feature_type": "poi",
        "in_core": false,
        "kind": "public_transport=stop_position",
        "linked_way_ids": [],
        "osm_id": 2648621430,
        "osm_type": "node",
        "tags": {
          "name": "Colombo Fort",
          "public_transport": "stop_position",
          "railway": "stop",
          "train": "yes"
        },
        "zone": "context"
      },
      "type": "Feature"
    },
    {
      "geometry": {
        "coordinates": [
          79.8501412,
          6.9335444
        ],
        "type": "Point"
      },
      "id": "node/2648621432",
      "properties": {
        "feature_type": "poi",
        "in_core": false,
        "kind": "public_transport=stop_position",
        "linked_way_ids": [],
        "osm_id": 2648621432,
        "osm_type": "node",
        "tags": {
          "name": "Colombo Fort",
          "public_transport": "stop_position",
          "railway": "stop",
          "train": "yes"
        },
        "zone": "context"
      },
      "type": "Feature"
    },
    {
      "geometry": {
        "coordinates": [
          79.8660655,
          6.9291366
        ],
        "type": "Point"
      },
      "id": "node/2648621446",
      "properties": {
        "feature_type": "poi",
        "in_core": true,
        "kind": "public_transport=stop_position",
        "linked_way_ids": [],
        "osm_id": 2648621446,
        "osm_type": "node",
        "tags": {
          "name": "Maradana",
          "public_transport": "stop_position",
          "railway": "stop",
          "ref": "8",
          "train": "yes"
        },
        "zone": "core"
      },
      "type": "Feature"
    },
    {
      "geometry": {
        "coordinates": [
          79.8660161,
          6.9292654
        ],
        "type": "Point"
      },
      "id": "node/2648621449",
      "properties": {
        "feature_type": "poi",
        "in_core": true,
        "kind": "public_transport=stop_position",
        "linked_way_ids": [],
        "osm_id": 2648621449,
        "osm_type": "node",
        "tags": {
          "name": "Maradana",
          "public_transport": "stop_position",
          "railway": "stop",
          "ref": "6",
          "train": "yes"
        },
        "zone": "core"
      },
      "type": "Feature"
    },
    {
      "geometry": {
        "coordinates": [
          79.8659617,
          6.9293826
        ],
        "type": "Point"
      },
      "id": "node/2648621453",
      "properties": {
        "feature_type": "poi",
        "in_core": true,
        "kind": "public_transport=stop_position",
        "linked_way_ids": [],
        "osm_id": 2648621453,
        "osm_type": "node",
        "tags": {
          "name": "Maradana",
          "public_transport": "stop_position",
          "railway": "stop",
          "ref": "5",
          "train": "yes"
        },
        "zone": "core"
      },
      "type": "Feature"
    },
    {
      "geometry": {
        "coordinates": [
          79.8659418,
          6.9294197
        ],
        "type": "Point"
      },
      "id": "node/2648621459",
      "properties": {
        "feature_type": "poi",
        "in_core": true,
        "kind": "public_transport=stop_position",
        "linked_way_ids": [],
        "osm_id": 2648621459,
        "osm_type": "node",
        "tags": {
          "name": "Maradana",
          "public_transport": "stop_position",
          "railway": "stop",
          "ref": "4",
          "train": "yes"
        },
        "zone": "core"
      },
      "type": "Feature"
    },
    {
      "geometry": {
        "coordinates": [
          79.8659074,
          6.9295125
        ],
        "type": "Point"
      },
      "id": "node/2648621462",
      "properties": {
        "feature_type": "poi",
        "in_core": true,
        "kind": "public_transport=stop_position",
        "linked_way_ids": [],
        "osm_id": 2648621462,
        "osm_type": "node",
        "tags": {
          "name": "Maradana",
          "public_transport": "stop_position",
          "railway": "stop",
          "ref": "3",
          "train": "yes"
        },
        "zone": "core"
      },
      "type": "Feature"
    },
    {
      "geometry": {
        "coordinates": [
          79.8658893,
          6.9295353
        ],
        "type": "Point"
      },
      "id": "node/2648621464",
      "properties": {
        "feature_type": "poi",
        "in_core": true,
        "kind": "public_transport=stop_position",
        "linked_way_ids": [],
        "osm_id": 2648621464,
        "osm_type": "node",
        "tags": {
          "name": "Maradana",
          "public_transport": "stop_position",
          "railway": "stop",
          "ref": "2",
          "train": "yes"
        },
        "zone": "core"
      },
      "type": "Feature"
    },
    {
      "geometry": {
        "coordinates": [
          79.8659106,
          6.9296603
        ],
        "type": "Point"
      },
      "id": "node/2648621466",
      "properties": {
        "feature_type": "poi",
        "in_core": true,
        "kind": "public_transport=stop_position",
        "linked_way_ids": [],
        "osm_id": 2648621466,
        "osm_type": "node",
        "tags": {
          "name": "Maradana",
          "public_transport": "stop_position",
          "railway": "stop",
          "ref": "1",
          "train": "yes"
        },
        "zone": "core"
      },
      "type": "Feature"
    },
    {
      "geometry": {
        "coordinates": [
          79.8450405,
          6.9376728
        ],
        "type": "Point"
      },
      "id": "node/2648621776",
      "properties": {
        "feature_type": "barrier",
        "in_core": false,
        "kind": "gate",
        "linked_way_ids": [
          259451368,
          262528222
        ],
        "osm_id": 2648621776,
        "osm_type": "node",
        "tags": {
          "barrier": "gate"
        },
        "zone": "relation_completion"
      },
      "type": "Feature"
    },
    {
      "geometry": {
        "coordinates": [
          79.844103,
          6.9378863
        ],
        "type": "Point"
      },
      "id": "node/2681929094",
      "properties": {
        "feature_type": "barrier",
        "in_core": false,
        "kind": "gate",
        "linked_way_ids": [
          262528222
        ],
        "osm_id": 2681929094,
        "osm_type": "node",
        "tags": {
          "access": "permit",
          "barrier": "gate"
        },
        "zone": "relation_completion"
      },
      "type": "Feature"
    },
    {
      "geometry": {
        "coordinates": [
          79.8511268,
          6.9343954
        ],
        "type": "Point"
      },
      "id": "node/2681938483",
      "properties": {
        "feature_type": "crossing",
        "in_core": false,
        "kind": "uncontrolled",
        "linked_way_ids": [
          23194251,
          1107034739,
          1491072000
        ],
        "osm_id": 2681938483,
        "osm_type": "node",
        "tags": {
          "crossing": "uncontrolled",
          "crossing_ref": "zebra",
          "highway": "crossing"
        },
        "zone": "context"
      },
      "type": "Feature"
    },
    {
      "geometry": {
        "coordinates": [
          79.8437942,
          6.9329898
        ],
        "type": "Point"
      },
      "id": "node/2722414073",
      "properties": {
        "feature_type": "crossing",
        "in_core": false,
        "kind": "uncontrolled",
        "linked_way_ids": [
          194454261
        ],
        "osm_id": 2722414073,
        "osm_type": "node",
        "tags": {
          "crossing": "uncontrolled",
          "crossing:island": "no",
          "highway": "crossing"
        },
        "zone": "relation_completion"
      },
      "type": "Feature"
    },
    {
      "geometry": {
        "coordinates": [
          79.8483186,
          6.9340158
        ],
        "type": "Point"
      },
      "id": "node/2861486172",
      "properties": {
        "feature_type": "poi",
        "in_core": false,
        "kind": "amenity=restaurant",
        "linked_way_ids": [],
        "osm_id": 2861486172,
        "osm_type": "node",
        "tags": {
          "amenity": "restaurant",
          "cuisine": "indian",
          "name": "Makrin Colombo"
        },
        "zone": "context"
      },
      "type": "Feature"
    },
    {
      "geometry": {
        "coordinates": [
          79.8481163,
          6.9171294
        ],
        "type": "Point"
      },
      "id": "node/3053195833",
      "properties": {
        "feature_type": "poi",
        "in_core": false,
        "kind": "amenity=restaurant",
        "linked_way_ids": [],
        "osm_id": 3053195833,
        "osm_type": "node",
        "tags": {
          "amenity": "restaurant",
          "name": "Sugar Bistro & Wine Bar"
        },
        "zone": "relation_completion"
      },
      "type": "Feature"
    },
    {
      "geometry": {
        "coordinates": [
          79.8553721,
          6.9342501
        ],
        "type": "Point"
      },
      "id": "node/3073676023",
      "properties": {
        "feature_type": "traffic_signal",
        "in_core": true,
        "kind": "signal",
        "linked_way_ids": [
          225521547,
          1122816961,
          1122816962
        ],
        "osm_id": 3073676023,
        "osm_type": "node",
        "tags": {
          "highway": "traffic_signals",
          "traffic_signals": "signal"
        },
        "zone": "core"
      },
      "type": "Feature"
    },
    {
      "geometry": {
        "coordinates": [
          79.8473204,
          6.9181678
        ],
        "type": "Point"
      },
      "id": "node/3085695788",
      "properties": {
        "feature_type": "poi",
        "in_core": false,
        "kind": "tourism=hotel",
        "linked_way_ids": [],
        "osm_id": 3085695788,
        "osm_type": "node",
        "tags": {
          "addr:city": "Colombo 03",
          "addr:street": "Galle Road",
          "name": "Samudra Hotel",
          "operator": "Sri Lanka Tourist Board",
          "tourism": "hotel"
        },
        "zone": "relation_completion"
      },
      "type": "Feature"
    },
    {
      "geometry": {
        "coordinates": [
          79.8466171,
          6.9320693
        ],
        "type": "Point"
      },
      "id": "node/3130664917",
      "properties": {
        "feature_type": "poi",
        "in_core": false,
        "kind": "tourism=hotel",
        "linked_way_ids": [],
        "osm_id": 3130664917,
        "osm_type": "node",
        "tags": {
          "addr:city": "Colombo",
          "addr:housenumber": "20 1/2",
          "addr:street": "Sir Chittamapalam A Gardiner Mawatha",
          "name": "City Beds - The Regent",
          "phone": "+94777733747",
          "tourism": "hotel",
          "website": "https://citybedssrilanka.com/"
        },
        "zone": "context"
      },
      "type": "Feature"
    },
    {
      "geometry": {
        "coordinates": [
          79.8542302,
          6.9150324
        ],
        "type": "Point"
      },
      "id": "node/3130689156",
      "properties": {
        "feature_type": "poi",
        "in_core": false,
        "kind": "tourism=hotel",
        "linked_way_ids": [],
        "osm_id": 3130689156,
        "osm_type": "node",
        "tags": {
          "addr:city": "Colombo",
          "name": "Lake Lodge",
          "tourism": "hotel"
        },
        "zone": "context"
      },
      "type": "Feature"
    },
    {
      "geometry": {
        "coordinates": [
          79.8649029,
          6.9160471
        ],
        "type": "Point"
      },
      "id": "node/3136338272",
      "properties": {
        "feature_type": "crossing",
        "in_core": false,
        "kind": "zebra",
        "linked_way_ids": [
          13758915,
          467591926,
          1089605505
        ],
        "osm_id": 3136338272,
        "osm_type": "node",
        "tags": {
          "crossing": "zebra",
          "highway": "crossing"
        },
        "zone": "context"
      },
      "type": "Feature"
    },
    {
      "geometry": {
        "coordinates": [
          79.8467029,
          6.9365692
        ],
        "type": "Point"
      },
      "id": "node/3141171380",
      "properties": {
        "feature_type": "crossing",
        "in_core": false,
        "kind": "zebra",
        "linked_way_ids": [
          354296659,
          1122672153
        ],
        "osm_id": 3141171380,
        "osm_type": "node",
        "tags": {
          "crossing": "zebra",
          "highway": "crossing"
        },
        "zone": "relation_completion"
      },
      "type": "Feature"
    },
    {
      "geometry": {
        "coordinates": [
          79.8720985,
          6.9202882
        ],
        "type": "Point"
      },
      "id": "node/3150394233",
      "properties": {
        "feature_type": "crossing",
        "in_core": false,
        "kind": "crossing",
        "linked_way_ids": [
          350014237
        ],
        "osm_id": 3150394233,
        "osm_type": "node",
        "tags": {
          "crossing_ref": "zebra",
          "highway": "crossing"
        },
        "zone": "relation_completion"
      },
      "type": "Feature"
    },
    {
      "geometry": {
        "coordinates": [
          79.8654473,
          6.9271923
        ],
        "type": "Point"
      },
      "id": "node/3155589780",
      "properties": {
        "feature_type": "traffic_signal",
        "in_core": true,
        "kind": "traffic_signals",
        "linked_way_ids": [
          51988823,
          350014237,
          1120006836,
          1120006839
        ],
        "osm_id": 3155589780,
        "osm_type": "node",
        "tags": {
          "highway": "traffic_signals"
        },
        "zone": "core"
      },
      "type": "Feature"
    },
    {
      "geometry": {
        "coordinates": [
          79.8654966,
          6.9272738
        ],
        "type": "Point"
      },
      "id": "node/3155589781",
      "properties": {
        "feature_type": "traffic_signal",
        "in_core": true,
        "kind": "traffic_signals",
        "linked_way_ids": [
          1120006836,
          1467574496,
          1467574498
        ],
        "osm_id": 3155589781,
        "osm_type": "node",
        "tags": {
          "highway": "traffic_signals"
        },
        "zone": "core"
      },
      "type": "Feature"
    },
    {
      "geometry": {
        "coordinates": [
          79.8513181,
          6.9133762
        ],
        "type": "Point"
      },
      "id": "node/3164317406",
      "properties": {
        "feature_type": "crossing",
        "in_core": false,
        "kind": "zebra",
        "linked_way_ids": [
          46940715
        ],
        "osm_id": 3164317406,
        "osm_type": "node",
        "tags": {
          "crossing": "zebra",
          "highway": "crossing"
        },
        "zone": "relation_completion"
      },
      "type": "Feature"
    },
    {
      "geometry": {
        "coordinates": [
          79.8648087,
          6.9160466
        ],
        "type": "Point"
      },
      "id": "node/3164337527",
      "properties": {
        "feature_type": "crossing",
        "in_core": false,
        "kind": "zebra",
        "linked_way_ids": [
          359934144,
          1089605505,
          1089605516,
          1466879255
        ],
        "osm_id": 3164337527,
        "osm_type": "node",
        "tags": {
          "crossing": "zebra",
          "highway": "crossing"
        },
        "zone": "context"
      },
      "type": "Feature"
    },
    {
      "geometry": {
        "coordinates": [
          79.8650394,
          6.9172277
        ],
        "type": "Point"
      },
      "id": "node/3164337539",
      "properties": {
        "feature_type": "crossing",
        "in_core": false,
        "kind": "zebra",
        "linked_way_ids": [
          310930756,
          1089605527
        ],
        "osm_id": 3164337539,
        "osm_type": "node",
        "tags": {
          "crossing": "zebra",
          "highway": "crossing"
        },
        "zone": "context"
      },
      "type": "Feature"
    },
    {
      "geometry": {
        "coordinates": [
          79.8637504,
          6.9174204
        ],
        "type": "Point"
      },
      "id": "node/3164346855",
      "properties": {
        "feature_type": "crossing",
        "in_core": false,
        "kind": "marked",
        "linked_way_ids": [
          23581014,
          1089605525
        ],
        "osm_id": 3164346855,
        "osm_type": "node",
        "tags": {
          "crossing": "marked",
          "crossing:markings": "yes",
          "highway": "crossing"
        },
        "zone": "context"
      },
      "type": "Feature"
    },
    {
      "geometry": {
        "coordinates": [
          79.8662195,
          6.9170403
        ],
        "type": "Point"
      },
      "id": "node/3166474151",
      "properties": {
        "feature_type": "crossing",
        "in_core": false,
        "kind": "marked",
        "linked_way_ids": [
          308344854
        ],
        "osm_id": 3166474151,
        "osm_type": "node",
        "tags": {
          "crossing": "marked",
          "crossing:island": "no",
          "crossing:markings": "yes",
          "highway": "crossing",
          "kerb": "raised"
        },
        "zone": "context"
      },
      "type": "Feature"
    },
    {
      "geometry": {
        "coordinates": [
          79.86648,
          6.9168654
        ],
        "type": "Point"
      },
      "id": "node/3166474708",
      "properties": {
        "feature_type": "poi",
        "in_core": false,
        "kind": "amenity=pharmacy",
        "linked_way_ids": [],
        "osm_id": 3166474708,
        "osm_type": "node",
        "tags": {
          "addr:city": "Colombo 07",
          "addr:street": "Ward Place",
          "amenity": "pharmacy",
          "check_date": "2025-05-08",
          "healthcare": "pharmacy",
          "name": "Harcourts Pharmacy",
          "opening_hours": "PH,Mo-Su 08:00-22:00",
          "wheelchair": "yes"
        },
        "zone": "context"
      },
      "type": "Feature"
    },
    {
      "geometry": {
        "coordinates": [
          79.8531612,
          6.9408226
        ],
        "type": "Point"
      },
      "id": "node/3186403683",
      "properties": {
        "feature_type": "crossing",
        "in_core": false,
        "kind": "crossing",
        "linked_way_ids": [
          10548322
        ],
        "osm_id": 3186403683,
        "osm_type": "node",
        "tags": {
          "highway": "crossing"
        },
        "zone": "relation_completion"
      },
      "type": "Feature"
    },
    {
      "geometry": {
        "coordinates": [
          79.8500388,
          6.9385417
        ],
        "type": "Point"
      },
      "id": "node/3186416544",
      "properties": {
        "feature_type": "crossing",
        "in_core": false,
        "kind": "crossing",
        "linked_way_ids": [
          490386466
        ],
        "osm_id": 3186416544,
        "osm_type": "node",
        "tags": {
          "highway": "crossing"
        },
        "zone": "relation_completion"
      },
      "type": "Feature"
    },
    {
      "geometry": {
        "coordinates": [
          79.8492225,
          6.9377729
        ],
        "type": "Point"
      },
      "id": "node/3186504904",
      "properties": {
        "feature_type": "barrier",
        "in_core": false,
        "kind": "gate",
        "linked_way_ids": [
          698210795
        ],
        "osm_id": 3186504904,
        "osm_type": "node",
        "tags": {
          "barrier": "gate"
        },
        "zone": "relation_completion"
      },
      "type": "Feature"
    },
    {
      "geometry": {
        "coordinates": [
          79.8494501,
          6.9378675
        ],
        "type": "Point"
      },
      "id": "node/3186504908",
      "properties": {
        "feature_type": "barrier",
        "in_core": false,
        "kind": "gate",
        "linked_way_ids": [
          312761343
        ],
        "osm_id": 3186504908,
        "osm_type": "node",
        "tags": {
          "access": "no",
          "addr:city": "Colombo 11",
          "addr:street": "N.H.M. Abdul Cader Road",
          "barrier": "gate"
        },
        "zone": "relation_completion"
      },
      "type": "Feature"
    },
    {
      "geometry": {
        "coordinates": [
          79.8462284,
          6.9372877
        ],
        "type": "Point"
      },
      "id": "node/3186505815",
      "properties": {
        "feature_type": "barrier",
        "in_core": false,
        "kind": "gate",
        "linked_way_ids": [
          312761007
        ],
        "osm_id": 3186505815,
        "osm_type": "node",
        "tags": {
          "barrier": "gate",
          "name": "L B Gate"
        },
        "zone": "relation_completion"
      },
      "type": "Feature"
    },
    {
      "geometry": {
        "coordinates": [
          79.8464269,
          6.9374531
        ],
        "type": "Point"
      },
      "id": "node/3186505823",
      "properties": {
        "feature_type": "crossing",
        "in_core": false,
        "kind": "crossing",
        "linked_way_ids": [
          149420038
        ],
        "osm_id": 3186505823,
        "osm_type": "node",
        "tags": {
          "crossing_ref": "zebra",
          "highway": "crossing",
          "railway": "level_crossing"
        },
        "zone": "relation_completion"
      },
      "type": "Feature"
    },
    {
      "geometry": {
        "coordinates": [
          79.8549712,
          6.9399368
        ],
        "type": "Point"
      },
      "id": "node/3187945986",
      "properties": {
        "feature_type": "crossing",
        "in_core": false,
        "kind": "marked",
        "linked_way_ids": [
          51270649
        ],
        "osm_id": 3187945986,
        "osm_type": "node",
        "tags": {
          "crossing": "marked",
          "crossing:markings": "yes",
          "highway": "crossing"
        },
        "zone": "context"
      },
      "type": "Feature"
    },
    {
      "geometry": {
        "coordinates": [
          79.8550312,
          6.9409553
        ],
        "type": "Point"
      },
      "id": "node/3187945988",
      "properties": {
        "feature_type": "crossing",
        "in_core": false,
        "kind": "crossing",
        "linked_way_ids": [
          199577908
        ],
        "osm_id": 3187945988,
        "osm_type": "node",
        "tags": {
          "highway": "crossing"
        },
        "zone": "relation_completion"
      },
      "type": "Feature"
    },
    {
      "geometry": {
        "coordinates": [
          79.85409,
          6.9409699
        ],
        "type": "Point"
      },
      "id": "node/3187946396",
      "properties": {
        "feature_type": "crossing",
        "in_core": false,
        "kind": "crossing",
        "linked_way_ids": [
          51269351
        ],
        "osm_id": 3187946396,
        "osm_type": "node",
        "tags": {
          "highway": "crossing"
        },
        "zone": "relation_completion"
      },
      "type": "Feature"
    },
    {
      "geometry": {
        "coordinates": [
          79.8650585,
          6.9173301
        ],
        "type": "Point"
      },
      "id": "node/3187956577",
      "properties": {
        "feature_type": "crossing",
        "in_core": false,
        "kind": "zebra",
        "linked_way_ids": [
          310930757,
          1089605527
        ],
        "osm_id": 3187956577,
        "osm_type": "node",
        "tags": {
          "crossing": "zebra",
          "highway": "crossing"
        },
        "zone": "context"
      },
      "type": "Feature"
    },
    {
      "geometry": {
        "coordinates": [
          79.8691934,
          6.9164049
        ],
        "type": "Point"
      },
      "id": "node/3187956578",
      "properties": {
        "feature_type": "crossing",
        "in_core": false,
        "kind": "zebra",
        "linked_way_ids": [
          311101595
        ],
        "osm_id": 3187956578,
        "osm_type": "node",
        "tags": {
          "crossing": "zebra",
          "crossing:island": "no",
          "highway": "crossing",
          "kerb": "raised"
        },
        "zone": "relation_completion"
      },
      "type": "Feature"
    },
    {
      "geometry": {
        "coordinates": [
          79.8649491,
          6.917554
        ],
        "type": "Point"
      },
      "id": "node/3187956579",
      "properties": {
        "feature_type": "crossing",
        "in_core": false,
        "kind": "zebra",
        "linked_way_ids": [
          1089605528,
          1313004964
        ],
        "osm_id": 3187956579,
        "osm_type": "node",
        "tags": {
          "crossing": "zebra",
          "highway": "crossing"
        },
        "zone": "context"
      },
      "type": "Feature"
    },
    {
      "geometry": {
        "coordinates": [
          79.87085,
          6.9160541
        ],
        "type": "Point"
      },
      "id": "node/3187956581",
      "properties": {
        "feature_type": "crossing",
        "in_core": false,
        "kind": "marked",
        "linked_way_ids": [
          311101595
        ],
        "osm_id": 3187956581,
        "osm_type": "node",
        "tags": {
          "crossing": "marked",
          "crossing:island": "no",
          "crossing:markings": "yes",
          "highway": "crossing",
          "kerb": "raised"
        },
        "zone": "relation_completion"
      },
      "type": "Feature"
    },
    {
      "geometry": {
        "coordinates": [
          79.8623522,
          6.9182898
        ],
        "type": "Point"
      },
      "id": "node/3187957378",
      "properties": {
        "feature_type": "crossing",
        "in_core": false,
        "kind": "marked",
        "linked_way_ids": [
          1089605501,
          1089605504
        ],
        "osm_id": 3187957378,
        "osm_type": "node",
        "tags": {
          "crossing": "marked",
          "crossing:markings": "yes",
          "highway": "crossing"
        },
        "zone": "context"
      },
      "type": "Feature"
    },
    {
      "geometry": {
        "coordinates": [
          79.8623266,
          6.9182324
        ],
        "type": "Point"
      },
      "id": "node/3187957380",
      "properties": {
        "feature_type": "crossing",
        "in_core": false,
        "kind": "marked",
        "linked_way_ids": [
          23581014,
          1089605504
        ],
        "osm_id": 3187957380,
        "osm_type": "node",
        "tags": {
          "crossing": "marked",
          "crossing:markings": "yes",
          "highway": "crossing"
        },
        "zone": "context"
      },
      "type": "Feature"
    },
    {
      "geometry": {
        "coordinates": [
          79.8492238,
          6.9279005
        ],
        "type": "Point"
      },
      "id": "node/3187963588",
      "properties": {
        "feature_type": "crossing",
        "in_core": false,
        "kind": "marked",
        "linked_way_ids": [
          24255940,
          1117701331
        ],
        "osm_id": 3187963588,
        "osm_type": "node",
        "tags": {
          "crossing": "marked",
          "crossing:markings": "yes",
          "highway": "crossing"
        },
        "zone": "context"
      },
      "type": "Feature"
    },
    {
      "geometry": {
        "coordinates": [
          79.8493248,
          6.9279924
        ],
        "type": "Point"
      },
      "id": "node/3187963590",
      "properties": {
        "feature_type": "crossing",
        "in_core": true,
        "kind": "marked",
        "linked_way_ids": [
          24255942,
          1117701331
        ],
        "osm_id": 3187963590,
        "osm_type": "node",
        "tags": {
          "crossing": "marked",
          "crossing:markings": "yes",
          "highway": "crossing"
        },
        "zone": "core"
      },
      "type": "Feature"
    },
    {
      "geometry": {
        "coordinates": [
          79.8700413,
          6.9324298
        ],
        "type": "Point"
      },
      "id": "node/3188336120",
      "properties": {
        "feature_type": "crossing",
        "in_core": false,
        "kind": "crossing",
        "linked_way_ids": [
          312913562
        ],
        "osm_id": 3188336120,
        "osm_type": "node",
        "tags": {
          "highway": "crossing"
        },
        "zone": "context"
      },
      "type": "Feature"
    },
    {
      "geometry": {
        "coordinates": [
          79.8674157,
          6.9347295
        ],
        "type": "Point"
      },
      "id": "node/3188785944",
      "properties": {
        "feature_type": "poi",
        "in_core": false,
        "kind": "shop=convenience",
        "linked_way_ids": [],
        "osm_id": 3188785944,
        "osm_type": "node",
        "tags": {
          "shop": "convenience"
        },
        "zone": "context"
      },
      "type": "Feature"
    },
    {
      "geometry": {
        "coordinates": [
          79.8674142,
          6.9346772
        ],
        "type": "Point"
      },
      "id": "node/3188801113",
      "properties": {
        "feature_type": "poi",
        "in_core": false,
        "kind": "public_transport=platform",
        "linked_way_ids": [],
        "osm_id": 3188801113,
        "osm_type": "node",
        "tags": {
          "bench": "yes",
          "bus": "yes",
          "highway": "bus_stop",
          "public_transport": "platform",
          "shelter": "yes"
        },
        "zone": "context"
      },
      "type": "Feature"
    },
    {
      "geometry": {
        "coordinates": [
          79.8633713,
          6.9179118
        ],
        "type": "Point"
      },
      "id": "node/3191487046",
      "properties": {
        "feature_type": "poi",
        "in_core": false,
        "kind": "amenity=fast_food",
        "linked_way_ids": [],
        "osm_id": 3191487046,
        "osm_type": "node",
        "tags": {
          "addr:city": "Colombo",
          "addr:housenumber": "505",
          "addr:street": "Union Place",
          "air_conditioning": "yes",
          "amenity": "fast_food",
          "branch": "Union place",
          "brand": "Domino's",
          "brand:wikidata": "Q839466",
          "brand:wikipedia": "en:Domino's Pizza",
          "check_date": "2023-03-21",
          "cuisine": "pizza",
          "delivery": "yes",
          "drive_through": "no",
          "highchair": "yes",
          "name": "Domino's",
          "opening_hours": "Mo-Su 11:00-23:00",
          "outdoor_seating": "no",
          "payment:mastercard": "yes",
          "payment:visa": "yes",
          "smoking": "no",
          "takeaway": "yes",
          "website": "dominos.lk",
          "wheelchair": "no"
        },
        "zone": "context"
      },
      "type": "Feature"
    },
    {
      "geometry": {
        "coordinates": [
          79.8645467,
          6.92042
        ],
        "type": "Point"
      },
      "id": "node/3191506637",
      "properties": {
        "feature_type": "crossing",
        "in_core": false,
        "kind": "marked",
        "linked_way_ids": [
          393186966,
          1089605529
        ],
        "osm_id": 3191506637,
        "osm_type": "node",
        "tags": {
          "crossing": "marked",
          "crossing:markings": "yes",
          "highway": "crossing"
        },
        "zone": "context"
      },
      "type": "Feature"
    },
    {
      "geometry": {
        "coordinates": [
          79.8710212,
          6.9210922
        ],
        "type": "Point"
      },
      "id": "node/3191512761",
      "properties": {
        "feature_type": "crossing",
        "in_core": false,
        "kind": "crossing",
        "linked_way_ids": [
          667317200
        ],
        "osm_id": 3191512761,
        "osm_type": "node",
        "tags": {
          "highway": "crossing"
        },
        "zone": "relation_completion"
      },
      "type": "Feature"
    },
    {
      "geometry": {
        "coordinates": [
          79.8711851,
          6.9213854
        ],
        "type": "Point"
      },
      "id": "node/3191696090",
      "properties": {
        "feature_type": "traffic_signal",
        "in_core": false,
        "kind": "traffic_signals",
        "linked_way_ids": [
          24791500,
          346468666,
          346468667
        ],
        "osm_id": 3191696090,
        "osm_type": "node",
        "tags": {
          "highway": "traffic_signals"
        },
        "zone": "relation_completion"
      },
      "type": "Feature"
    },
    {
      "geometry": {
        "coordinates": [
          79.8711457,
          6.9212898
        ],
        "type": "Point"
      },
      "id": "node/3191696092",
      "properties": {
        "feature_type": "traffic_signal",
        "in_core": false,
        "kind": "traffic_signals",
        "linked_way_ids": [
          313260449,
          346468666,
          350014237
        ],
        "osm_id": 3191696092,
        "osm_type": "node",
        "tags": {
          "highway": "traffic_signals"
        },
        "zone": "relation_completion"
      },
      "type": "Feature"
    },
    {
      "geometry": {
        "coordinates": [
          79.8711283,
          6.9214469
        ],
        "type": "Point"
      },
      "id": "node/3191697344",
      "properties": {
        "feature_type": "crossing",
        "in_core": false,
        "kind": "crossing",
        "linked_way_ids": [
          24791500,
          1493332246
        ],
        "osm_id": 3191697344,
        "osm_type": "node",
        "tags": {
          "highway": "crossing"
        },
        "zone": "relation_completion"
      },
      "type": "Feature"
    },
    {
      "geometry": {
        "coordinates": [
          79.8647209,
          6.9336711
        ],
        "type": "Point"
      },
      "id": "node/3191709664",
      "properties": {
        "feature_type": "crossing",
        "in_core": false,
        "kind": "unmarked",
        "linked_way_ids": [
          10557898
        ],
        "osm_id": 3191709664,
        "osm_type": "node",
        "tags": {
          "crossing": "unmarked",
          "crossing:markings": "no",
          "highway": "crossing"
        },
        "zone": "context"
      },
      "type": "Feature"
    },
    {
      "geometry": {
        "coordinates": [
          79.8629728,
          6.9329443
        ],
        "type": "Point"
      },
      "id": "node/3191709665",
      "properties": {
        "feature_type": "crossing",
        "in_core": true,
        "kind": "marked",
        "linked_way_ids": [
          10557898
        ],
        "osm_id": 3191709665,
        "osm_type": "node",
        "tags": {
          "crossing": "marked",
          "crossing:markings": "yes",
          "highway": "crossing"
        },
        "zone": "core"
      },
      "type": "Feature"
    },
    {
      "geometry": {
        "coordinates": [
          79.8624511,
          6.9329917
        ],
        "type": "Point"
      },
      "id": "node/3191709666",
      "properties": {
        "feature_type": "crossing",
        "in_core": true,
        "kind": "marked",
        "linked_way_ids": [
          10548353
        ],
        "osm_id": 3191709666,
        "osm_type": "node",
        "tags": {
          "crossing": "marked",
          "crossing:island": "no",
          "crossing:markings": "yes",
          "highway": "crossing"
        },
        "zone": "core"
      },
      "type": "Feature"
    },
    {
      "geometry": {
        "coordinates": [
          79.8615972,
          6.9343915
        ],
        "type": "Point"
      },
      "id": "node/3191715075",
      "properties": {
        "feature_type": "crossing",
        "in_core": true,
        "kind": "marked",
        "linked_way_ids": [
          98046427
        ],
        "osm_id": 3191715075,
        "osm_type": "node",
        "tags": {
          "crossing": "marked",
          "crossing:markings": "yes",
          "highway": "crossing"
        },
        "zone": "core"
      },
      "type": "Feature"
    },
    {
      "geometry": {
        "coordinates": [
          79.8605328,
          6.9366411
        ],
        "type": "Point"
      },
      "id": "node/3191723182",
      "properties": {
        "feature_type": "crossing",
        "in_core": false,
        "kind": "crossing",
        "linked_way_ids": [
          10548393
        ],
        "osm_id": 3191723182,
        "osm_type": "node",
        "tags": {
          "crossing:island": "no",
          "crossing:markings": "yes",
          "crossing:signals": "no",
          "highway": "crossing",
          "kerb": "raised"
        },
        "zone": "context"
      },
      "type": "Feature"
    },
    {
      "geometry": {
        "coordinates": [
          79.8597163,
          6.9346282
        ],
        "type": "Point"
      },
      "id": "node/3191723183",
      "properties": {
        "feature_type": "crossing",
        "in_core": true,
        "kind": "crossing",
        "linked_way_ids": [
          1492499899,
          1492499901
        ],
        "osm_id": 3191723183,
        "osm_type": "node",
        "tags": {
          "crossing:island": "yes",
          "crossing:markings": "yes",
          "crossing:signals": "no",
          "highway": "crossing",
          "kerb": "flush"
        },
        "zone": "core"
      },
      "type": "Feature"
    },
    {
      "geometry": {
        "coordinates": [
          79.8602948,
          6.9359585
        ],
        "type": "Point"
      },
      "id": "node/3191723184",
      "properties": {
        "feature_type": "crossing",
        "in_core": false,
        "kind": "crossing",
        "linked_way_ids": [
          10548351
        ],
        "osm_id": 3191723184,
        "osm_type": "node",
        "tags": {
          "crossing:island": "no",
          "crossing:markings": "yes",
          "crossing:signals": "no",
          "highway": "crossing",
          "kerb": "raised"
        },
        "zone": "context"
      },
      "type": "Feature"
    },
    {
      "geometry": {
        "coordinates": [
          79.8495067,
          6.9376602
        ],
        "type": "Point"
      },
      "id": "node/3241328212",
      "properties": {
        "feature_type": "crossing",
        "in_core": false,
        "kind": "zebra",
        "linked_way_ids": [
          1457570745
        ],
        "osm_id": 3241328212,
        "osm_type": "node",
        "tags": {
          "crossing": "zebra",
          "highway": "crossing"
        },
        "zone": "relation_completion"
      },
      "type": "Feature"
    },
    {
      "geometry": {
        "coordinates": [
          79.8495282,
          6.9369103
        ],
        "type": "Point"
      },
      "id": "node/3339673502",
      "properties": {
        "feature_type": "crossing",
        "in_core": false,
        "kind": "zebra",
        "linked_way_ids": [
          625320319
        ],
        "osm_id": 3339673502,
        "osm_type": "node",
        "tags": {
          "crossing": "zebra",
          "highway": "crossing",
          "kerb": "lowered"
        },
        "zone": "context"
      },
      "type": "Feature"
    },
    {
      "geometry": {
        "coordinates": [
          79.8649673,
          6.9168254
        ],
        "type": "Point"
      },
      "id": "node/3378906787",
      "properties": {
        "feature_type": "poi",
        "in_core": false,
        "kind": "public_transport=platform",
        "linked_way_ids": [],
        "osm_id": 3378906787,
        "osm_type": "node",
        "tags": {
          "bus": "yes",
          "highway": "bus_stop",
          "name": "Town Hall",
          "public_transport": "platform",
          "route_ref": "120",
          "route_ref_1": "125"
        },
        "zone": "context"
      },
      "type": "Feature"
    },
    {
      "geometry": {
        "coordinates": [
          79.861505,
          6.9189954
        ],
        "type": "Point"
      },
      "id": "node/3378906788",
      "properties": {
        "feature_type": "poi",
        "in_core": true,
        "kind": "public_transport=platform",
        "linked_way_ids": [],
        "osm_id": 3378906788,
        "osm_type": "node",
        "tags": {
          "bus": "yes",
          "highway": "bus_stop",
          "public_transport": "platform"
        },
        "zone": "core"
      },
      "type": "Feature"
    },
    {
      "geometry": {
        "coordinates": [
          79.8630651,
          6.9164719
        ],
        "type": "Point"
      },
      "id": "node/3378906789",
      "properties": {
        "feature_type": "poi",
        "in_core": false,
        "kind": "public_transport=platform",
        "linked_way_ids": [],
        "osm_id": 3378906789,
        "osm_type": "node",
        "tags": {
          "bench": "yes",
          "bus": "yes",
          "highway": "bus_stop",
          "name": "Town hall",
          "public_transport": "platform",
          "shelter": "yes"
        },
        "zone": "context"
      },
      "type": "Feature"
    },
    {
      "geometry": {
        "coordinates": [
          79.8604039,
          6.9191004
        ],
        "type": "Point"
      },
      "id": "node/3378906790",
      "properties": {
        "feature_type": "poi",
        "in_core": true,
        "kind": "public_transport=platform",
        "linked_way_ids": [],
        "osm_id": 3378906790,
        "osm_type": "node",
        "tags": {
          "bus": "yes",
          "highway": "bus_stop",
          "public_transport": "platform"
        },
        "zone": "core"
      },
      "type": "Feature"
    },
    {
      "geometry": {
        "coordinates": [
          79.8647474,
          6.9161758
        ],
        "type": "Point"
      },
      "id": "node/3378906791",
      "properties": {
        "feature_type": "poi",
        "in_core": false,
        "kind": "public_transport=platform",
        "linked_way_ids": [],
        "osm_id": 3378906791,
        "osm_type": "node",
        "tags": {
          "bench": "yes",
          "bus": "yes",
          "departures_board": "no",
          "highway": "bus_stop",
          "lit": "no",
          "name": "Townhall Bus Stop",
          "public_transport": "platform",
          "shelter": "yes"
        },
        "zone": "context"
      },
      "type": "Feature"
    },
    {
      "geometry": {
        "coordinates": [
          79.8598125,
          6.9195704
        ],
        "type": "Point"
      },
      "id": "node/3378906792",
      "properties": {
        "feature_type": "poi",
        "in_core": true,
        "kind": "public_transport=platform",
        "linked_way_ids": [],
        "osm_id": 3378906792,
        "osm_type": "node",
        "tags": {
          "bus": "yes",
          "highway": "bus_stop",
          "public_transport": "platform",
          "shelter": "no"
        },
        "zone": "core"
      },
      "type": "Feature"
    },
    {
      "geometry": {
        "coordinates": [
          79.8661797,
          6.9171448
        ],
        "type": "Point"
      },
      "id": "node/3378908694",
      "properties": {
        "feature_type": "poi",
        "in_core": false,
        "kind": "public_transport=platform",
        "linked_way_ids": [],
        "osm_id": 3378908694,
        "osm_type": "node",
        "tags": {
          "bench": "no",
          "bin": "no",
          "bus": "yes",
          "highway": "bus_stop",
          "name": "170 Athurugiriya, 190 Meegoda, 190 Godagama",
          "public_transport": "platform",
          "route_ref": "190, 170, 174, 163",
          "shelter": "no"
        },
        "zone": "context"
      },
      "type": "Feature"
    },
    {
      "geometry": {
        "coordinates": [
          79.8625855,
          6.9164394
        ],
        "type": "Point"
      },
      "id": "node/3378908831",
      "properties": {
        "feature_type": "poi",
        "in_core": false,
        "kind": "public_transport=platform",
        "linked_way_ids": [],
        "osm_id": 3378908831,
        "osm_type": "node",
        "tags": {
          "bus": "yes",
          "highway": "bus_stop",
          "public_transport": "platform"
        },
        "zone": "context"
      },
      "type": "Feature"
    },
    {
      "geometry": {
        "coordinates": [
          79.8467864,
          6.9359837
        ],
        "type": "Point"
      },
      "id": "node/3379005204",
      "properties": {
        "feature_type": "poi",
        "in_core": false,
        "kind": "amenity=restaurant",
        "linked_way_ids": [],
        "osm_id": 3379005204,
        "osm_type": "node",
        "tags": {
          "addr:street": "Lotus Road",
          "amenity": "restaurant",
          "cuisine": "regional",
          "name": "Ruhunu Foods"
        },
        "zone": "relation_completion"
      },
      "type": "Feature"
    },
    {
      "geometry": {
        "coordinates": [
          79.8482164,
          6.9169034
        ],
        "type": "Point"
      },
      "id": "node/3490321392",
      "properties": {
        "feature_type": "poi",
        "in_core": false,
        "kind": "amenity=restaurant",
        "linked_way_ids": [],
        "osm_id": 3490321392,
        "osm_type": "node",
        "tags": {
          "amenity": "restaurant",
          "brand": "Pizza Hut",
          "brand:wikidata": "Q191615",
          "cuisine": "pizza",
          "name": "Pizza Hut"
        },
        "zone": "relation_completion"
      },
      "type": "Feature"
    },
    {
      "geometry": {
        "coordinates": [
          79.848128,
          6.934309
        ],
        "type": "Point"
      },
      "id": "node/3506402568",
      "properties": {
        "feature_type": "barrier",
        "in_core": false,
        "kind": "gate",
        "linked_way_ids": [
          343837973
        ],
        "osm_id": 3506402568,
        "osm_type": "node",
        "tags": {
          "barrier": "gate"
        },
        "zone": "context"
      },
      "type": "Feature"
    },
    {
      "geometry": {
        "coordinates": [
          79.8478741,
          6.9366822
        ],
        "type": "Point"
      },
      "id": "node/3506402571",
      "properties": {
        "feature_type": "barrier",
        "in_core": false,
        "kind": "gate",
        "linked_way_ids": [
          343837973
        ],
        "osm_id": 3506402571,
        "osm_type": "node",
        "tags": {
          "barrier": "gate"
        },
        "zone": "relation_completion"
      },
      "type": "Feature"
    },
    {
      "geometry": {
        "coordinates": [
          79.8607889,
          6.9320432
        ],
        "type": "Point"
      },
      "id": "node/3538138495",
      "properties": {
        "feature_type": "crossing",
        "in_core": true,
        "kind": "traffic_signals",
        "linked_way_ids": [
          349861734
        ],
        "osm_id": 3538138495,
        "osm_type": "node",
        "tags": {
          "crossing": "traffic_signals",
          "highway": "crossing",
          "traffic_signals:sound": "yes"
        },
        "zone": "core"
      },
      "type": "Feature"
    },
    {
      "geometry": {
        "coordinates": [
          79.8655891,
          6.9343147
        ],
        "type": "Point"
      },
      "id": "node/3538149112",
      "properties": {
        "feature_type": "crossing",
        "in_core": false,
        "kind": "zebra",
        "linked_way_ids": [
          10557898,
          347544913,
          1122816991
        ],
        "osm_id": 3538149112,
        "osm_type": "node",
        "tags": {
          "crossing": "zebra",
          "highway": "crossing",
          "kerb": "lowered"
        },
        "zone": "context"
      },
      "type": "Feature"
    },
    {
      "geometry": {
        "coordinates": [
          79.8604813,
          6.9323207
        ],
        "type": "Point"
      },
      "id": "node/3538180787",
      "properties": {
        "feature_type": "traffic_signal",
        "in_core": true,
        "kind": "traffic_signals",
        "linked_way_ids": [
          347544917,
          1122816967,
          1489572404,
          1489572406
        ],
        "osm_id": 3538180787,
        "osm_type": "node",
        "tags": {
          "highway": "traffic_signals",
          "junction": "Technical Junction"
        },
        "zone": "core"
      },
      "type": "Feature"
    },
    {
      "geometry": {
        "coordinates": [
          79.8660911,
          6.933946
        ],
        "type": "Point"
      },
      "id": "node/3538181856",
      "properties": {
        "feature_type": "poi",
        "in_core": false,
        "kind": "public_transport=platform",
        "linked_way_ids": [],
        "osm_id": 3538181856,
        "osm_type": "node",
        "tags": {
          "bus": "yes",
          "highway": "bus_stop",
          "public_transport": "platform"
        },
        "zone": "context"
      },
      "type": "Feature"
    },
    {
      "geometry": {
        "coordinates": [
          79.846199,
          6.9329294
        ],
        "type": "Point"
      },
      "id": "node/3577124029",
      "properties": {
        "feature_type": "crossing",
        "in_core": false,
        "kind": "marked",
        "linked_way_ids": [
          308348584,
          1552091950
        ],
        "osm_id": 3577124029,
        "osm_type": "node",
        "tags": {
          "crossing": "marked",
          "crossing_ref": "zebra",
          "highway": "crossing",
          "kerb": "lowered"
        },
        "zone": "context"
      },
      "type": "Feature"
    },
    {
      "geometry": {
        "coordinates": [
          79.8438323,
          6.9314342
        ],
        "type": "Point"
      },
      "id": "node/3608398480",
      "properties": {
        "feature_type": "crossing",
        "in_core": false,
        "kind": "zebra",
        "linked_way_ids": [
          10590157
        ],
        "osm_id": 3608398480,
        "osm_type": "node",
        "tags": {
          "crossing": "zebra",
          "crossing:island": "no",
          "crossing_ref": "zebra",
          "highway": "crossing"
        },
        "zone": "relation_completion"
      },
      "type": "Feature"
    },
    {
      "geometry": {
        "coordinates": [
          79.8464693,
          6.9324265
        ],
        "type": "Point"
      },
      "id": "node/3610826710",
      "properties": {
        "feature_type": "traffic_signal",
        "in_core": false,
        "kind": "signal",
        "linked_way_ids": [
          1458290176,
          1552091946
        ],
        "osm_id": 3610826710,
        "osm_type": "node",
        "tags": {
          "highway": "traffic_signals",
          "traffic_signals": "signal"
        },
        "zone": "context"
      },
      "type": "Feature"
    },
    {
      "geometry": {
        "coordinates": [
          79.8471463,
          6.9324292
        ],
        "type": "Point"
      },
      "id": "node/3610826712",
      "properties": {
        "feature_type": "traffic_signal",
        "in_core": false,
        "kind": "signal",
        "linked_way_ids": [
          198142590,
          355488334,
          359950099
        ],
        "osm_id": 3610826712,
        "osm_type": "node",
        "tags": {
          "highway": "traffic_signals",
          "traffic_signals": "signal"
        },
        "zone": "context"
      },
      "type": "Feature"
    },
    {
      "geometry": {
        "coordinates": [
          79.8468693,
          6.9321034
        ],
        "type": "Point"
      },
      "id": "node/3610863714",
      "properties": {
        "feature_type": "crossing",
        "in_core": false,
        "kind": "marked",
        "linked_way_ids": [
          360180324,
          558444112
        ],
        "osm_id": 3610863714,
        "osm_type": "node",
        "tags": {
          "crossing": "marked",
          "crossing:markings": "yes",
          "highway": "crossing"
        },
        "zone": "context"
      },
      "type": "Feature"
    },
    {
      "geometry": {
        "coordinates": [
          79.8468481,
          6.9323346
        ],
        "type": "Point"
      },
      "id": "node/3610863717",
      "properties": {
        "feature_type": "traffic_signal",
        "in_core": false,
        "kind": "signal",
        "linked_way_ids": [
          355488330,
          359950099
        ],
        "osm_id": 3610863717,
        "osm_type": "node",
        "tags": {
          "highway": "traffic_signals",
          "traffic_signals": "signal"
        },
        "zone": "context"
      },
      "type": "Feature"
    },
    {
      "geometry": {
        "coordinates": [
          79.8694028,
          6.9312798
        ],
        "type": "Point"
      },
      "id": "node/3613112504",
      "properties": {
        "feature_type": "poi",
        "in_core": false,
        "kind": "public_transport=platform",
        "linked_way_ids": [],
        "osm_id": 3613112504,
        "osm_type": "node",
        "tags": {
          "bus": "yes",
          "highway": "bus_stop",
          "name": "140 Bus Stop",
          "public_transport": "platform"
        },
        "zone": "context"
      },
      "type": "Feature"
    },
    {
      "geometry": {
        "coordinates": [
          79.8674913,
          6.9315002
        ],
        "type": "Point"
      },
      "id": "node/3630805424",
      "properties": {
        "feature_type": "poi",
        "in_core": false,
        "kind": "amenity=post_office",
        "linked_way_ids": [],
        "osm_id": 3630805424,
        "osm_type": "node",
        "tags": {
          "amenity": "post_office",
          "name": "Maligawatta Post Office",
          "opening_hours": "Mo-Fr 08:30-16:15",
          "operator": "Government"
        },
        "zone": "context"
      },
      "type": "Feature"
    },
    {
      "geometry": {
        "coordinates": [
          79.8669653,
          6.9309373
        ],
        "type": "Point"
      },
      "id": "node/3630817326",
      "properties": {
        "feature_type": "poi",
        "in_core": false,
        "kind": "amenity=restaurant",
        "linked_way_ids": [],
        "osm_id": 3630817326,
        "osm_type": "node",
        "tags": {
          "amenity": "restaurant",
          "delivery": "yes",
          "name": "Eat Rite",
          "takeaway": "yes"
        },
        "zone": "context"
      },
      "type": "Feature"
    },
    {
      "geometry": {
        "coordinates": [
          79.8647223,
          6.9137893
        ],
        "type": "Point"
      },
      "id": "node/3645522561",
      "properties": {
        "feature_type": "traffic_signal",
        "in_core": false,
        "kind": "traffic_signals",
        "linked_way_ids": [
          359934145,
          1059490102
        ],
        "osm_id": 3645522561,
        "osm_type": "node",
        "tags": {
          "highway": "traffic_signals"
        },
        "zone": "relation_completion"
      },
      "type": "Feature"
    },
    {
      "geometry": {
        "coordinates": [
          79.8643833,
          6.9141844
        ],
        "type": "Point"
      },
      "id": "node/3645522562",
      "properties": {
        "feature_type": "crossing",
        "in_core": false,
        "kind": "marked",
        "linked_way_ids": [
          1089605518,
          1089605520
        ],
        "osm_id": 3645522562,
        "osm_type": "node",
        "tags": {
          "crossing": "marked",
          "crossing:markings": "yes",
          "crossing_ref": "zebra",
          "highway": "crossing"
        },
        "zone": "relation_completion"
      },
      "type": "Feature"
    },
    {
      "geometry": {
        "coordinates": [
          79.8644387,
          6.9142544
        ],
        "type": "Point"
      },
      "id": "node/3645522563",
      "properties": {
        "feature_type": "crossing",
        "in_core": false,
        "kind": "marked",
        "linked_way_ids": [
          467592508,
          1089605520
        ],
        "osm_id": 3645522563,
        "osm_type": "node",
        "tags": {
          "crossing": "marked",
          "crossing:markings": "yes",
          "crossing_ref": "zebra",
          "highway": "crossing"
        },
        "zone": "relation_completion"
      },
      "type": "Feature"
    },
    {
      "geometry": {
        "coordinates": [
          79.8583203,
          6.9138435
        ],
        "type": "Point"
      },
      "id": "node/3645582157",
      "properties": {
        "feature_type": "crossing",
        "in_core": false,
        "kind": "marked",
        "linked_way_ids": [
          53840879,
          1101546942,
          1492931258
        ],
        "osm_id": 3645582157,
        "osm_type": "node",
        "tags": {
          "crossing": "marked",
          "crossing:markings": "yes",
          "crossing_ref": "zebra",
          "highway": "crossing"
        },
        "zone": "context"
      },
      "type": "Feature"
    },
    {
      "geometry": {
        "coordinates": [
          79.8582737,
          6.9139266
        ],
        "type": "Point"
      },
      "id": "node/3645582158",
      "properties": {
        "feature_type": "crossing",
        "in_core": false,
        "kind": "marked",
        "linked_way_ids": [
          53841328,
          359945309,
          1101546942
        ],
        "osm_id": 3645582158,
        "osm_type": "node",
        "tags": {
          "crossing": "marked",
          "crossing:markings": "yes",
          "crossing_ref": "zebra",
          "highway": "crossing"
        },
        "zone": "context"
      },
      "type": "Feature"
    },
    {
      "geometry": {
        "coordinates": [
          79.8600496,
          6.914942
        ],
        "type": "Point"
      },
      "id": "node/3645582159",
      "properties": {
        "feature_type": "traffic_signal",
        "in_core": false,
        "kind": "traffic_signals",
        "linked_way_ids": [
          359945309,
          359945310,
          1101546944
        ],
        "osm_id": 3645582159,
        "osm_type": "node",
        "tags": {
          "crossing": "traffic_signals",
          "crossing_ref": "zebra",
          "highway": "traffic_signals"
        },
        "zone": "context"
      },
      "type": "Feature"
    },
    {
      "geometry": {
        "coordinates": [
          79.8602998,
          6.9149732
        ],
        "type": "Point"
      },
      "id": "node/3645582160",
      "properties": {
        "feature_type": "traffic_signal",
        "in_core": false,
        "kind": "traffic_signals",
        "linked_way_ids": [
          839348506,
          1101546943,
          1120005983
        ],
        "osm_id": 3645582160,
        "osm_type": "node",
        "tags": {
          "crossing": "traffic_signals",
          "crossing_ref": "zebra",
          "highway": "traffic_signals",
          "traffic_signals:sound": "no"
        },
        "zone": "context"
      },
      "type": "Feature"
    },
    {
      "geometry": {
        "coordinates": [
          79.8706896,
          6.9349779
        ],
        "type": "Point"
      },
      "id": "node/3645629483",
      "properties": {
        "feature_type": "crossing",
        "in_core": false,
        "kind": "marked",
        "linked_way_ids": [
          313262041,
          1122816996
        ],
        "osm_id": 3645629483,
        "osm_type": "node",
        "tags": {
          "crossing": "marked",
          "crossing:markings": "yes",
          "crossing_ref": "zebra",
          "highway": "crossing"
        },
        "zone": "relation_completion"
      },
      "type": "Feature"
    },
    {
      "geometry": {
        "coordinates": [
          79.8706688,
          6.9350699
        ],
        "type": "Point"
      },
      "id": "node/3645629485",
      "properties": {
        "feature_type": "crossing",
        "in_core": false,
        "kind": "marked",
        "linked_way_ids": [
          200571278,
          1122816996
        ],
        "osm_id": 3645629485,
        "osm_type": "node",
        "tags": {
          "crossing": "marked",
          "crossing:markings": "yes",
          "crossing_ref": "zebra",
          "highway": "crossing"
        },
        "zone": "relation_completion"
      },
      "type": "Feature"
    },
    {
      "geometry": {
        "coordinates": [
          79.8715422,
          6.9351193
        ],
        "type": "Point"
      },
      "id": "node/3645629486",
      "properties": {
        "feature_type": "crossing",
        "in_core": false,
        "kind": "traffic_signals",
        "linked_way_ids": [
          313262041,
          1122816997
        ],
        "osm_id": 3645629486,
        "osm_type": "node",
        "tags": {
          "crossing": "traffic_signals",
          "crossing_ref": "zebra",
          "highway": "crossing"
        },
        "zone": "relation_completion"
      },
      "type": "Feature"
    },
    {
      "geometry": {
        "coordinates": [
          79.8715283,
          6.9352096
        ],
        "type": "Point"
      },
      "id": "node/3645629487",
      "properties": {
        "feature_type": "crossing",
        "in_core": false,
        "kind": "traffic_signals",
        "linked_way_ids": [
          200571278,
          1122816997
        ],
        "osm_id": 3645629487,
        "osm_type": "node",
        "tags": {
          "crossing": "traffic_signals",
          "crossing_ref": "zebra",
          "highway": "crossing"
        },
        "zone": "relation_completion"
      },
      "type": "Feature"
    },
    {
      "geometry": {
        "coordinates": [
          79.8721518,
          6.9203412
        ],
        "type": "Point"
      },
      "id": "node/3646111626",
      "properties": {
        "feature_type": "crossing",
        "in_core": false,
        "kind": "crossing",
        "linked_way_ids": [
          24791500
        ],
        "osm_id": 3646111626,
        "osm_type": "node",
        "tags": {
          "crossing_ref": "zebra",
          "highway": "crossing"
        },
        "zone": "relation_completion"
      },
      "type": "Feature"
    },
    {
      "geometry": {
        "coordinates": [
          79.8690805,
          6.9234015
        ],
        "type": "Point"
      },
      "id": "node/3646111627",
      "properties": {
        "feature_type": "crossing",
        "in_core": false,
        "kind": "traffic_signals",
        "linked_way_ids": [
          350014237
        ],
        "osm_id": 3646111627,
        "osm_type": "node",
        "tags": {
          "crossing": "traffic_signals",
          "crossing_ref": "zebra",
          "highway": "crossing"
        },
        "zone": "context"
      },
      "type": "Feature"
    },
    {
      "geometry": {
        "coordinates": [
          79.8665776,
          6.9260095
        ],
        "type": "Point"
      },
      "id": "node/3646111630",
      "properties": {
        "feature_type": "crossing",
        "in_core": true,
        "kind": "traffic_signals",
        "linked_way_ids": [
          350014237,
          1132104058
        ],
        "osm_id": 3646111630,
        "osm_type": "node",
        "tags": {
          "crossing": "traffic_signals",
          "crossing_ref": "zebra",
          "highway": "crossing"
        },
        "zone": "core"
      },
      "type": "Feature"
    },
    {
      "geometry": {
        "coordinates": [
          79.8451153,
          6.9359978
        ],
        "type": "Point"
      },
      "id": "node/3781723174",
      "properties": {
        "feature_type": "crossing",
        "in_core": false,
        "kind": "marked",
        "linked_way_ids": [
          374792304,
          1122672152,
          1457550327
        ],
        "osm_id": 3781723174,
        "osm_type": "node",
        "tags": {
          "crossing": "marked",
          "crossing:markings": "lines",
          "highway": "crossing"
        },
        "zone": "relation_completion"
      },
      "type": "Feature"
    },
    {
      "geometry": {
        "coordinates": [
          79.8453043,
          6.9362294
        ],
        "type": "Point"
      },
      "id": "node/3781723182",
      "properties": {
        "feature_type": "crossing",
        "in_core": false,
        "kind": "marked",
        "linked_way_ids": [
          354296659,
          378754956,
          1122672151
        ],
        "osm_id": 3781723182,
        "osm_type": "node",
        "tags": {
          "crossing": "marked",
          "crossing:markings": "lines",
          "highway": "crossing"
        },
        "zone": "relation_completion"
      },
      "type": "Feature"
    },
    {
      "geometry": {
        "coordinates": [
          79.8450622,
          6.9364437
        ],
        "type": "Point"
      },
      "id": "node/3781723192",
      "properties": {
        "feature_type": "crossing",
        "in_core": false,
        "kind": "marked",
        "linked_way_ids": [
          48750339,
          379149385,
          1490868441
        ],
        "osm_id": 3781723192,
        "osm_type": "node",
        "tags": {
          "crossing": "marked",
          "crossing:markings": "zebra",
          "highway": "crossing",
          "kerb": "flush"
        },
        "zone": "relation_completion"
      },
      "type": "Feature"
    },
    {
      "geometry": {
        "coordinates": [
          79.8467272,
          6.9364831
        ],
        "type": "Point"
      },
      "id": "node/3781723200",
      "properties": {
        "feature_type": "crossing",
        "in_core": false,
        "kind": "zebra",
        "linked_way_ids": [
          389064291,
          1122672153
        ],
        "osm_id": 3781723200,
        "osm_type": "node",
        "tags": {
          "crossing": "zebra",
          "highway": "crossing"
        },
        "zone": "relation_completion"
      },
      "type": "Feature"
    },
    {
      "geometry": {
        "coordinates": [
          79.8453186,
          6.9361405
        ],
        "type": "Point"
      },
      "id": "node/3822116980",
      "properties": {
        "feature_type": "crossing",
        "in_core": false,
        "kind": "marked",
        "linked_way_ids": [
          379149379,
          389064291,
          1122672151,
          1457550327
        ],
        "osm_id": 3822116980,
        "osm_type": "node",
        "tags": {
          "crossing": "marked",
          "crossing:markings": "lines",
          "highway": "crossing"
        },
        "zone": "relation_completion"
      },
      "type": "Feature"
    },
    {
      "geometry": {
        "coordinates": [
          79.8448926,
          6.9345292
        ],
        "type": "Point"
      },
      "id": "node/3822212464",
      "properties": {
        "feature_type": "crossing",
        "in_core": false,
        "kind": "marked",
        "linked_way_ids": [
          374792304,
          1490868442
        ],
        "osm_id": 3822212464,
        "osm_type": "node",
        "tags": {
          "crossing": "marked",
          "crossing:markings": "lines",
          "highway": "crossing",
          "kerb": "raised"
        },
        "zone": "relation_completion"
      },
      "type": "Feature"
    },
    {
      "geometry": {
        "coordinates": [
          79.8447814,
          6.9345459
        ],
        "type": "Point"
      },
      "id": "node/3822212465",
      "properties": {
        "feature_type": "crossing",
        "in_core": false,
        "kind": "marked",
        "linked_way_ids": [
          54139134,
          1490868442
        ],
        "osm_id": 3822212465,
        "osm_type": "node",
        "tags": {
          "crossing": "marked",
          "crossing:markings": "lines",
          "highway": "crossing",
          "kerb": "raised"
        },
        "zone": "relation_completion"
      },
      "type": "Feature"
    },
    {
      "geometry": {
        "coordinates": [
          79.8490198,
          6.9353209
        ],
        "type": "Point"
      },
      "id": "node/3825042447",
      "properties": {
        "feature_type": "barrier",
        "in_core": false,
        "kind": "gate",
        "linked_way_ids": [
          308826582
        ],
        "osm_id": 3825042447,
        "osm_type": "node",
        "tags": {
          "access": "private",
          "barrier": "gate",
          "foot": "private",
          "motor_vehicle": "private"
        },
        "zone": "context"
      },
      "type": "Feature"
    },
    {
      "geometry": {
        "coordinates": [
          79.8507689,
          6.9239571
        ],
        "type": "Point"
      },
      "id": "node/3840392044",
      "properties": {
        "feature_type": "poi",
        "in_core": true,
        "kind": "amenity=fast_food",
        "linked_way_ids": [],
        "osm_id": 3840392044,
        "osm_type": "node",
        "tags": {
          "amenity": "fast_food",
          "name": "Burger's King"
        },
        "zone": "core"
      },
      "type": "Feature"
    },
    {
      "geometry": {
        "coordinates": [
          79.8701142,
          6.9316636
        ],
        "type": "Point"
      },
      "id": "node/3842187166",
      "properties": {
        "feature_type": "poi",
        "in_core": false,
        "kind": "amenity=restaurant",
        "linked_way_ids": [],
        "osm_id": 3842187166,
        "osm_type": "node",
        "tags": {
          "amenity": "restaurant"
        },
        "zone": "context"
      },
      "type": "Feature"
    },
    {
      "geometry": {
        "coordinates": [
          79.8645169,
          6.9141957
        ],
        "type": "Point"
      },
      "id": "node/3893909444",
      "properties": {
        "feature_type": "traffic_signal",
        "in_core": false,
        "kind": "signal",
        "linked_way_ids": [
          386049464,
          467592508,
          1089605515
        ],
        "osm_id": 3893909444,
        "osm_type": "node",
        "tags": {
          "highway": "traffic_signals",
          "traffic_signals": "signal"
        },
        "zone": "relation_completion"
      },
      "type": "Feature"
    },
    {
      "geometry": {
        "coordinates": [
          79.8489576,
          6.9343064
        ],
        "type": "Point"
      },
      "id": "node/3922271601",
      "properties": {
        "feature_type": "poi",
        "in_core": false,
        "kind": "public_transport=platform",
        "linked_way_ids": [],
        "osm_id": 3922271601,
        "osm_type": "node",
        "tags": {
          "bus": "yes",
          "highway": "bus_stop",
          "name": "Fort Bus Stop",
          "public_transport": "platform",
          "route_ref": "187 Airport Katunayake",
          "route_ref_1": "101;102;104;106;107;108;",
          "shelter": "no",
          "toilets:wheelchair": "no",
          "wheelchair": "no"
        },
        "zone": "context"
      },
      "type": "Feature"
    },
    {
      "geometry": {
        "coordinates": [
          79.8481187,
          6.9369319
        ],
        "type": "Point"
      },
      "id": "node/3922273774",
      "properties": {
        "feature_type": "crossing",
        "in_core": false,
        "kind": "zebra",
        "linked_way_ids": [
          389064307,
          1122672154
        ],
        "osm_id": 3922273774,
        "osm_type": "node",
        "tags": {
          "crossing": "zebra",
          "highway": "crossing"
        },
        "zone": "relation_completion"
      },
      "type": "Feature"
    },
    {
      "geometry": {
        "coordinates": [
          79.8481404,
          6.9368574
        ],
        "type": "Point"
      },
      "id": "node/3922273775",
      "properties": {
        "feature_type": "crossing",
        "in_core": false,
        "kind": "zebra",
        "linked_way_ids": [
          374792303,
          1122672154
        ],
        "osm_id": 3922273775,
        "osm_type": "node",
        "tags": {
          "crossing": "zebra",
          "highway": "crossing"
        },
        "zone": "relation_completion"
      },
      "type": "Feature"
    },
    {
      "geometry": {
        "coordinates": [
          79.8505945,
          6.9366553
        ],
        "type": "Point"
      },
      "id": "node/3922274701",
      "properties": {
        "feature_type": "poi",
        "in_core": false,
        "kind": "amenity=fuel",
        "linked_way_ids": [],
        "osm_id": 3922274701,
        "osm_type": "node",
        "tags": {
          "addr:city": "Colombo 11",
          "addr:street": "Keyzer Street",
          "amenity": "fuel"
        },
        "zone": "context"
      },
      "type": "Feature"
    },
    {
      "geometry": {
        "coordinates": [
          79.8651172,
          6.9316967
        ],
        "type": "Point"
      },
      "id": "node/3922514394",
      "properties": {
        "feature_type": "crossing",
        "in_core": true,
        "kind": "crossing",
        "linked_way_ids": [
          350014239
        ],
        "osm_id": 3922514394,
        "osm_type": "node",
        "tags": {
          "highway": "crossing"
        },
        "zone": "core"
      },
      "type": "Feature"
    },
    {
      "geometry": {
        "coordinates": [
          79.860671,
          6.9300934
        ],
        "type": "Point"
      },
      "id": "node/3937888785",
      "properties": {
        "feature_type": "poi",
        "in_core": true,
        "kind": "amenity=charging_station",
        "linked_way_ids": [],
        "osm_id": 3937888785,
        "osm_type": "node",
        "tags": {
          "addr:city": "Maradana",
          "addr:street": "Trace Lane",
          "amenity": "charging_station",
          "name": "ChergeNET Fast Charger"
        },
        "zone": "core"
      },
      "type": "Feature"
    },
    {
      "geometry": {
        "coordinates": [
          79.8649335,
          6.9339921
        ],
        "type": "Point"
      },
      "id": "node/3937908741",
      "properties": {
        "feature_type": "poi",
        "in_core": false,
        "kind": "public_transport=platform",
        "linked_way_ids": [],
        "osm_id": 3937908741,
        "osm_type": "node",
        "tags": {
          "bus": "yes",
          "highway": "bus_stop",
          "public_transport": "platform"
        },
        "zone": "context"
      },
      "type": "Feature"
    },
    {
      "geometry": {
        "coordinates": [
          79.8625627,
          6.9156583
        ],
        "type": "Point"
      },
      "id": "node/4009185290",
      "properties": {
        "feature_type": "crossing",
        "in_core": false,
        "kind": "marked",
        "linked_way_ids": [
          467592516,
          1089605521,
          1495438322
        ],
        "osm_id": 4009185290,
        "osm_type": "node",
        "tags": {
          "crossing": "marked",
          "crossing:markings": "yes",
          "crossing_ref": "zebra",
          "highway": "crossing"
        },
        "zone": "context"
      },
      "type": "Feature"
    },
    {
      "geometry": {
        "coordinates": [
          79.8626354,
          6.9157405
        ],
        "type": "Point"
      },
      "id": "node/4009185291",
      "properties": {
        "feature_type": "crossing",
        "in_core": false,
        "kind": "marked",
        "linked_way_ids": [
          112452773,
          1089605521
        ],
        "osm_id": 4009185291,
        "osm_type": "node",
        "tags": {
          "crossing": "marked",
          "crossing:markings": "yes",
          "crossing_ref": "zebra",
          "highway": "crossing"
        },
        "zone": "context"
      },
      "type": "Feature"
    },
    {
      "geometry": {
        "coordinates": [
          79.8626902,
          6.9162974
        ],
        "type": "Point"
      },
      "id": "node/4009185292",
      "properties": {
        "feature_type": "crossing",
        "in_core": false,
        "kind": "uncontrolled",
        "linked_way_ids": [
          48678609,
          1089605521,
          1089605523
        ],
        "osm_id": 4009185292,
        "osm_type": "node",
        "tags": {
          "crossing": "uncontrolled",
          "crossing_ref": "zebra",
          "highway": "crossing"
        },
        "zone": "context"
      },
      "type": "Feature"
    },
    {
      "geometry": {
        "coordinates": [
          79.8626437,
          6.9163739
        ],
        "type": "Point"
      },
      "id": "node/4009185293",
      "properties": {
        "feature_type": "crossing",
        "in_core": false,
        "kind": "uncontrolled",
        "linked_way_ids": [
          359945312,
          1089605523
        ],
        "osm_id": 4009185293,
        "osm_type": "node",
        "tags": {
          "crossing": "uncontrolled",
          "crossing_ref": "zebra",
          "highway": "crossing"
        },
        "zone": "context"
      },
      "type": "Feature"
    },
    {
      "geometry": {
        "coordinates": [
          79.8641368,
          6.9260489
        ],
        "type": "Point"
      },
      "id": "node/4066195771",
      "properties": {
        "feature_type": "poi",
        "in_core": true,
        "kind": "amenity=restaurant",
        "linked_way_ids": [],
        "osm_id": 4066195771,
        "osm_type": "node",
        "tags": {
          "amenity": "restaurant"
        },
        "zone": "core"
      },
      "type": "Feature"
    },
    {
      "geometry": {
        "coordinates": [
          79.8661463,
          6.9172706
        ],
        "type": "Point"
      },
      "id": "node/4077038318",
      "properties": {
        "feature_type": "poi",
        "in_core": false,
        "kind": "amenity=hospital",
        "linked_way_ids": [],
        "osm_id": 4077038318,
        "osm_type": "node",
        "tags": {
          "addr:city": "Colombo 07",
          "addr:street": "Ward Place",
          "amenity": "hospital",
          "check_date": "2023-03-06",
          "emergency": "yes",
          "healthcare": "dentist",
          "healthcare:speciality": "dentist;dentistry",
          "internet_access": "no",
          "name": "Dental Ward (Colombo National Hospital)",
          "name:en": "National Dental Hospital (Teaching)",
          "opening_hours": "24/7",
          "operator:type": "government",
          "payment:free": "yes",
          "wheelchair": "yes"
        },
        "zone": "context"
      },
      "type": "Feature"
    },
    {
      "geometry": {
        "coordinates": [
          79.8449394,
          6.9320567
        ],
        "type": "Point"
      },
      "id": "node/4338575019",
      "properties": {
        "feature_type": "poi",
        "in_core": false,
        "kind": "amenity=restaurant",
        "linked_way_ids": [],
        "osm_id": 4338575019,
        "osm_type": "node",
        "tags": {
          "addr:city": "Colombo 02",
          "addr:street": "Lotus Road",
          "amenity": "restaurant",
          "cuisine": "sri_lankan",
          "name": "Cury Leaf",
          "website": "https://www.hiltoncolombo1.com/restaurant/curry-leaf"
        },
        "zone": "relation_completion"
      },
      "type": "Feature"
    },
    {
      "geometry": {
        "coordinates": [
          79.8466617,
          6.9201848
        ],
        "type": "Point"
      },
      "id": "node/4354575193",
      "properties": {
        "feature_type": "poi",
        "in_core": false,
        "kind": "amenity=restaurant",
        "linked_way_ids": [],
        "osm_id": 4354575193,
        "osm_type": "node",
        "tags": {
          "amenity": "restaurant",
          "name": "In… on the Green"
        },
        "zone": "context"
      },
      "type": "Feature"
    },
    {
      "geometry": {
        "coordinates": [
          79.864628,
          6.9215411
        ],
        "type": "Point"
      },
      "id": "node/4360917190",
      "properties": {
        "feature_type": "poi",
        "in_core": true,
        "kind": "tourism=hotel",
        "linked_way_ids": [],
        "osm_id": 4360917190,
        "osm_type": "node",
        "tags": {
          "addr:street": "Hedges Court",
          "name": "Booker Banquet Hall",
          "tourism": "hotel"
        },
        "zone": "core"
      },
      "type": "Feature"
    },
    {
      "geometry": {
        "coordinates": [
          79.8588726,
          6.9280541
        ],
        "type": "Point"
      },
      "id": "node/4400790558",
      "properties": {
        "feature_type": "crossing",
        "in_core": true,
        "kind": "marked",
        "linked_way_ids": [
          99242184,
          442389554
        ],
        "osm_id": 4400790558,
        "osm_type": "node",
        "tags": {
          "crossing": "marked",
          "crossing:markings": "zebra",
          "highway": "crossing"
        },
        "zone": "core"
      },
      "type": "Feature"
    },
    {
      "geometry": {
        "coordinates": [
          79.85884,
          6.9279893
        ],
        "type": "Point"
      },
      "id": "node/4400790559",
      "properties": {
        "feature_type": "crossing",
        "in_core": true,
        "kind": "marked",
        "linked_way_ids": [
          13884292,
          442389554,
          1492866619
        ],
        "osm_id": 4400790559,
        "osm_type": "node",
        "tags": {
          "crossing": "marked",
          "crossing:markings": "zebra",
          "highway": "crossing"
        },
        "zone": "core"
      },
      "type": "Feature"
    },
    {
      "geometry": {
        "coordinates": [
          79.8623562,
          6.9273135
        ],
        "type": "Point"
      },
      "id": "node/4451149090",
      "properties": {
        "feature_type": "poi",
        "in_core": true,
        "kind": "amenity=charging_station",
        "linked_way_ids": [],
        "osm_id": 4451149090,
        "osm_type": "node",
        "tags": {
          "amenity": "charging_station"
        },
        "zone": "core"
      },
      "type": "Feature"
    },
    {
      "geometry": {
        "coordinates": [
          79.8585264,
          6.9173938
        ],
        "type": "Point"
      },
      "id": "node/4461531613",
      "properties": {
        "feature_type": "poi",
        "in_core": false,
        "kind": "tourism=hotel",
        "linked_way_ids": [],
        "osm_id": 4461531613,
        "osm_type": "node",
        "tags": {
          "addr:city": "Colombo 2",
          "addr:street": "Park Street",
          "name": "Residence by Uga Escapes",
          "tourism": "hotel"
        },
        "zone": "context"
      },
      "type": "Feature"
    },
    {
      "geometry": {
        "coordinates": [
          79.8556329,
          6.9402683
        ],
        "type": "Point"
      },
      "id": "node/4469635791",
      "properties": {
        "feature_type": "poi",
        "in_core": false,
        "kind": "tourism=hotel",
        "linked_way_ids": [],
        "osm_id": 4469635791,
        "osm_type": "node",
        "tags": {
          "tourism": "hotel"
        },
        "zone": "relation_completion"
      },
      "type": "Feature"
    },
    {
      "geometry": {
        "coordinates": [
          79.8483754,
          6.9188556
        ],
        "type": "Point"
      },
      "id": "node/4481275590",
      "properties": {
        "feature_type": "poi",
        "in_core": false,
        "kind": "amenity=restaurant",
        "linked_way_ids": [],
        "osm_id": 4481275590,
        "osm_type": "node",
        "tags": {
          "amenity": "restaurant",
          "name": "The Lagoon"
        },
        "zone": "context"
      },
      "type": "Feature"
    },
    {
      "geometry": {
        "coordinates": [
          79.8635297,
          6.9180256
        ],
        "type": "Point"
      },
      "id": "node/4509893858",
      "properties": {
        "feature_type": "poi",
        "in_core": false,
        "kind": "amenity=restaurant",
        "linked_way_ids": [],
        "osm_id": 4509893858,
        "osm_type": "node",
        "tags": {
          "addr:city": "Union Place",
          "addr:street": "Union Place",
          "amenity": "restaurant",
          "name": "COi by Vichalya"
        },
        "zone": "context"
      },
      "type": "Feature"
    },
    {
      "geometry": {
        "coordinates": [
          79.8631229,
          6.9177631
        ],
        "type": "Point"
      },
      "id": "node/4509897513",
      "properties": {
        "feature_type": "poi",
        "in_core": false,
        "kind": "amenity=pharmacy",
        "linked_way_ids": [],
        "osm_id": 4509897513,
        "osm_type": "node",
        "tags": {
          "addr:city": "Union Place",
          "addr:street": "Union Place",
          "amenity": "pharmacy",
          "check_date": "2024-11-03",
          "healthcare": "pharmacy",
          "name": "Union Chemists",
          "phone": "+94  76 3592765"
        },
        "zone": "context"
      },
      "type": "Feature"
    },
    {
      "geometry": {
        "coordinates": [
          79.8590568,
          6.9167101
        ],
        "type": "Point"
      },
      "id": "node/4509906904",
      "properties": {
        "feature_type": "poi",
        "in_core": false,
        "kind": "amenity=restaurant",
        "linked_way_ids": [],
        "osm_id": 4509906904,
        "osm_type": "node",
        "tags": {
          "addr:city": "Colombo 2",
          "addr:street": "Park Street",
          "amenity": "restaurant",
          "name": "Park Street Mews"
        },
        "zone": "context"
      },
      "type": "Feature"
    },
    {
      "geometry": {
        "coordinates": [
          79.8586998,
          6.9166285
        ],
        "type": "Point"
      },
      "id": "node/4509906905",
      "properties": {
        "feature_type": "poi",
        "in_core": false,
        "kind": "amenity=restaurant",
        "linked_way_ids": [],
        "osm_id": 4509906905,
        "osm_type": "node",
        "tags": {
          "addr:city": "Colombo 2",
          "addr:housenumber": "50/1",
          "addr:street": "Park Street",
          "air_conditioning": "yes",
          "amenity": "restaurant",
          "bar": "yes",
          "cuisine": "italian;spanish",
          "diet:mediterranean": "yes",
          "name": "Aqua Pizza",
          "opening_hours": "Mo-Su 11:30-22:30",
          "outdoor_seating": "yes",
          "website": "https://www.aquapizzeria.com/aqua-pizza-colombo-2"
        },
        "zone": "context"
      },
      "type": "Feature"
    },
    {
      "geometry": {
        "coordinates": [
          79.8582302,
          6.9170287
        ],
        "type": "Point"
      },
      "id": "node/4509906906",
      "properties": {
        "feature_type": "poi",
        "in_core": false,
        "kind": "amenity=restaurant",
        "linked_way_ids": [],
        "osm_id": 4509906906,
        "osm_type": "node",
        "tags": {
          "addr:city": "Colombo 2",
          "addr:street": "Park Street",
          "amenity": "restaurant",
          "name": "rare at Residence"
        },
        "zone": "context"
      },
      "type": "Feature"
    },
    {
      "geometry": {
        "coordinates": [
          79.8586273,
          6.9165936
        ],
        "type": "Point"
      },
      "id": "node/4509906907",
      "properties": {
        "feature_type": "poi",
        "in_core": false,
        "kind": "amenity=restaurant",
        "linked_way_ids": [],
        "osm_id": 4509906907,
        "osm_type": "node",
        "tags": {
          "addr:city": "Colombo 2",
          "addr:street": "Park Street",
          "amenity": "restaurant",
          "name": "Kuuraku Japanese Restaurant",
          "outdoor_seating": "yes"
        },
        "zone": "context"
      },
      "type": "Feature"
    },
    {
      "geometry": {
        "coordinates": [
          79.8650485,
          6.9167941
        ],
        "type": "Point"
      },
      "id": "node/4509915582",
      "properties": {
        "feature_type": "poi",
        "in_core": false,
        "kind": "amenity=restaurant",
        "linked_way_ids": [],
        "osm_id": 4509915582,
        "osm_type": "node",
        "tags": {
          "addr:city": "Colombo 07",
          "addr:street": "Alexandra Place",
          "amenity": "restaurant",
          "name": "Roots",
          "outdoor_seating": "only"
        },
        "zone": "context"
      },
      "type": "Feature"
    },
    {
      "geometry": {
        "coordinates": [
          79.8651766,
          6.9168007
        ],
        "type": "Point"
      },
      "id": "node/4509915583",
      "properties": {
        "feature_type": "poi",
        "in_core": false,
        "kind": "amenity=restaurant",
        "linked_way_ids": [],
        "osm_id": 4509915583,
        "osm_type": "node",
        "tags": {
          "addr:city": "Colombo 07",
          "addr:street": "Alexandra Place",
          "amenity": "restaurant",
          "name": "Jack Tree"
        },
        "zone": "context"
      },
      "type": "Feature"
    },
    {
      "geometry": {
        "coordinates": [
          79.8484853,
          6.9196439
        ],
        "type": "Point"
      },
      "id": "node/4515020744",
      "properties": {
        "feature_type": "barrier",
        "in_core": false,
        "kind": "gate",
        "linked_way_ids": [
          194455413,
          455043547
        ],
        "osm_id": 4515020744,
        "osm_type": "node",
        "tags": {
          "barrier": "gate"
        },
        "zone": "context"
      },
      "type": "Feature"
    },
    {
      "geometry": {
        "coordinates": [
          79.8519258,
          6.9164814
        ],
        "type": "Point"
      },
      "id": "node/4526335889",
      "properties": {
        "feature_type": "poi",
        "in_core": false,
        "kind": "amenity=cafe",
        "linked_way_ids": [],
        "osm_id": 4526335889,
        "osm_type": "node",
        "tags": {
          "addr:street": "Perahera Road",
          "amenity": "cafe",
          "internet_access": "wlan",
          "name": "Tea Breeze"
        },
        "zone": "context"
      },
      "type": "Feature"
    },
    {
      "geometry": {
        "coordinates": [
          79.8531291,
          6.9351329
        ],
        "type": "Point"
      },
      "id": "node/4537718495",
      "properties": {
        "feature_type": "poi",
        "in_core": false,
        "kind": "amenity=restaurant",
        "linked_way_ids": [],
        "osm_id": 4537718495,
        "osm_type": "node",
        "tags": {
          "addr:housenumber": "237",
          "addr:street": "Olcott Mawatha",
          "amenity": "restaurant",
          "name": "new palm leaf hotel"
        },
        "zone": "context"
      },
      "type": "Feature"
    },
    {
      "geometry": {
        "coordinates": [
          79.8555316,
          6.9342138
        ],
        "type": "Point"
      },
      "id": "node/4577768759",
      "properties": {
        "feature_type": "traffic_signal",
        "in_core": true,
        "kind": "signal",
        "linked_way_ids": [
          1122816962,
          1122816963
        ],
        "osm_id": 4577768759,
        "osm_type": "node",
        "tags": {
          "highway": "traffic_signals",
          "traffic_signals": "signal"
        },
        "zone": "core"
      },
      "type": "Feature"
    },
    {
      "geometry": {
        "coordinates": [
          79.8557162,
          6.9341571
        ],
        "type": "Point"
      },
      "id": "node/4577776877",
      "properties": {
        "feature_type": "traffic_signal",
        "in_core": true,
        "kind": "signal",
        "linked_way_ids": [
          109355207,
          1122816962
        ],
        "osm_id": 4577776877,
        "osm_type": "node",
        "tags": {
          "highway": "traffic_signals",
          "traffic_signals": "signal"
        },
        "zone": "core"
      },
      "type": "Feature"
    },
    {
      "geometry": {
        "coordinates": [
          79.8557055,
          6.9342057
        ],
        "type": "Point"
      },
      "id": "node/4577776881",
      "properties": {
        "feature_type": "traffic_signal",
        "in_core": true,
        "kind": "signal",
        "linked_way_ids": [
          109355207,
          1122816963,
          1122816965,
          1122816966
        ],
        "osm_id": 4577776881,
        "osm_type": "node",
        "tags": {
          "highway": "traffic_signals",
          "traffic_signals": "signal"
        },
        "zone": "core"
      },
      "type": "Feature"
    },
    {
      "geometry": {
        "coordinates": [
          79.8558358,
          6.934541
        ],
        "type": "Point"
      },
      "id": "node/4577776882",
      "properties": {
        "feature_type": "traffic_signal",
        "in_core": true,
        "kind": "signal",
        "linked_way_ids": [
          225521547,
          462376382,
          462376383,
          1122816965
        ],
        "osm_id": 4577776882,
        "osm_type": "node",
        "tags": {
          "highway": "traffic_signals",
          "traffic_signals": "signal"
        },
        "zone": "core"
      },
      "type": "Feature"
    },
    {
      "geometry": {
        "coordinates": [
          79.8558025,
          6.9342133
        ],
        "type": "Point"
      },
      "id": "node/4577776883",
      "properties": {
        "feature_type": "traffic_signal",
        "in_core": true,
        "kind": "signal",
        "linked_way_ids": [
          109355206,
          462376383,
          1122816964,
          1122816966
        ],
        "osm_id": 4577776883,
        "osm_type": "node",
        "tags": {
          "highway": "traffic_signals",
          "traffic_signals": "signal"
        },
        "zone": "core"
      },
      "type": "Feature"
    },
    {
      "geometry": {
        "coordinates": [
          79.8510897,
          6.923703
        ],
        "type": "Point"
      },
      "id": "node/4696764889",
      "properties": {
        "feature_type": "poi",
        "in_core": true,
        "kind": "tourism=hotel",
        "linked_way_ids": [],
        "osm_id": 4696764889,
        "osm_type": "node",
        "tags": {
          "addr:city": "Colombo",
          "addr:postcode": "00200",
          "facebook": "https://www.facebook.com/people/Metro-City-Hotel/100064830470484/",
          "internet_access": "wlan",
          "name": "Metro City",
          "name:en": "Metro City Hotel",
          "name:es": "Hotel Metro City",
          "phone": "+94 (112) 321-133;+94 (112) 321-155;+ 94767321133",
          "tourism": "hotel",
          "website": "https://www.metrocityhotel.com/"
        },
        "zone": "core"
      },
      "type": "Feature"
    },
    {
      "geometry": {
        "coordinates": [
          79.860947,
          6.9188285
        ],
        "type": "Point"
      },
      "id": "node/4715257791",
      "properties": {
        "feature_type": "poi",
        "in_core": true,
        "kind": "shop=convenience",
        "linked_way_ids": [],
        "osm_id": 4715257791,
        "osm_type": "node",
        "tags": {
          "shop": "convenience"
        },
        "zone": "core"
      },
      "type": "Feature"
    },
    {
      "geometry": {
        "coordinates": [
          79.849455,
          6.9338864
        ],
        "type": "Point"
      },
      "id": "node/4762469936",
      "properties": {
        "feature_type": "crossing",
        "in_core": false,
        "kind": "unmarked",
        "linked_way_ids": [
          262529696,
          1363098197
        ],
        "osm_id": 4762469936,
        "osm_type": "node",
        "tags": {
          "crossing": "unmarked",
          "highway": "crossing"
        },
        "zone": "context"
      },
      "type": "Feature"
    },
    {
      "geometry": {
        "coordinates": [
          79.8500406,
          6.9330416
        ],
        "type": "Point"
      },
      "id": "node/4762470007",
      "properties": {
        "feature_type": "poi",
        "in_core": false,
        "kind": "public_transport=stop_position",
        "linked_way_ids": [],
        "osm_id": 4762470007,
        "osm_type": "node",
        "tags": {
          "name": "Colombo Fort",
          "public_transport": "stop_position",
          "railway": "stop",
          "train": "yes"
        },
        "zone": "context"
      },
      "type": "Feature"
    },
    {
      "geometry": {
        "coordinates": [
          79.8486168,
          6.9343411
        ],
        "type": "Point"
      },
      "id": "node/4815806934",
      "properties": {
        "feature_type": "poi",
        "in_core": false,
        "kind": "public_transport=platform",
        "linked_way_ids": [],
        "osm_id": 4815806934,
        "osm_type": "node",
        "tags": {
          "bus": "yes",
          "highway": "bus_stop",
          "name": "Route 187 Airport",
          "name:ru": "Автобус в Аэропорт (187)",
          "public_transport": "platform"
        },
        "zone": "context"
      },
      "type": "Feature"
    },
    {
      "geometry": {
        "coordinates": [
          79.869255,
          6.915641
        ],
        "type": "Point"
      },
      "id": "node/4838256621",
      "properties": {
        "feature_type": "poi",
        "in_core": false,
        "kind": "tourism=hotel",
        "linked_way_ids": [],
        "osm_id": 4838256621,
        "osm_type": "node",
        "tags": {
          "internet_access": "wlan",
          "name": "Black Cat B&B",
          "tourism": "hotel"
        },
        "zone": "relation_completion"
      },
      "type": "Feature"
    },
    {
      "geometry": {
        "coordinates": [
          79.8488214,
          6.9367737
        ],
        "type": "Point"
      },
      "id": "node/4904084995",
      "properties": {
        "feature_type": "barrier",
        "in_core": false,
        "kind": "toll_booth",
        "linked_way_ids": [
          308826585
        ],
        "osm_id": 4904084995,
        "osm_type": "node",
        "tags": {
          "barrier": "toll_booth"
        },
        "zone": "relation_completion"
      },
      "type": "Feature"
    },
    {
      "geometry": {
        "coordinates": [
          79.8699722,
          6.9232471
        ],
        "type": "Point"
      },
      "id": "node/4916682221",
      "properties": {
        "feature_type": "poi",
        "in_core": false,
        "kind": "tourism=hotel",
        "linked_way_ids": [],
        "osm_id": 4916682221,
        "osm_type": "node",
        "tags": {
          "name:en": "Bismillah lodge",
          "tourism": "hotel"
        },
        "zone": "context"
      },
      "type": "Feature"
    },
    {
      "geometry": {
        "coordinates": [
          79.8590051,
          6.9144934
        ],
        "type": "Point"
      },
      "id": "node/4936349823",
      "properties": {
        "feature_type": "poi",
        "in_core": false,
        "kind": "amenity=pharmacy",
        "linked_way_ids": [],
        "osm_id": 4936349823,
        "osm_type": "node",
        "tags": {
          "amenity": "pharmacy",
          "healthcare": "pharmacy",
          "name": "Healthguard"
        },
        "zone": "context"
      },
      "type": "Feature"
    },
    {
      "geometry": {
        "coordinates": [
          79.8662916,
          6.9216798
        ],
        "type": "Point"
      },
      "id": "node/4945655922",
      "properties": {
        "feature_type": "poi",
        "in_core": false,
        "kind": "amenity=clinic",
        "linked_way_ids": [],
        "osm_id": 4945655922,
        "osm_type": "node",
        "tags": {
          "addr:housenumber": "31;No. 31",
          "addr:street": "Norris Canal Road",
          "amenity": "clinic",
          "email": "slmc@lankabellnet.com",
          "healthcare": "clinic",
          "name": "Norris Clinic;Sri Lanka Medical Council",
          "office": "government",
          "opening_hours": "Mo-Fr 08:30-15:00",
          "phone": "+94112691848",
          "website": "http://Srilankamedicalcouncil.com"
        },
        "zone": "context"
      },
      "type": "Feature"
    },
    {
      "geometry": {
        "coordinates": [
          79.8624534,
          6.9222902
        ],
        "type": "Point"
      },
      "id": "node/4949989570",
      "properties": {
        "feature_type": "poi",
        "in_core": true,
        "kind": "shop=department_store",
        "linked_way_ids": [],
        "osm_id": 4949989570,
        "osm_type": "node",
        "tags": {
          "name": "Hunters Park N Shop",
          "shop": "department_store"
        },
        "zone": "core"
      },
      "type": "Feature"
    },
    {
      "geometry": {
        "coordinates": [
          79.8718554,
          6.9240451
        ],
        "type": "Point"
      },
      "id": "node/4967062996",
      "properties": {
        "feature_type": "crossing",
        "in_core": false,
        "kind": "crossing",
        "linked_way_ids": [
          366304372
        ],
        "osm_id": 4967062996,
        "osm_type": "node",
        "tags": {
          "highway": "crossing"
        },
        "zone": "relation_completion"
      },
      "type": "Feature"
    },
    {
      "geometry": {
        "coordinates": [
          79.8557992,
          6.915605
        ],
        "type": "Point"
      },
      "id": "node/5102778721",
      "properties": {
        "feature_type": "poi",
        "in_core": false,
        "kind": "tourism=attraction",
        "linked_way_ids": [],
        "osm_id": 5102778721,
        "osm_type": "node",
        "tags": {
          "name:en": "Urban Ruin",
          "tourism": "attraction"
        },
        "zone": "context"
      },
      "type": "Feature"
    },
    {
      "geometry": {
        "coordinates": [
          79.8524469,
          6.920834
        ],
        "type": "Point"
      },
      "id": "node/5174530667",
      "properties": {
        "feature_type": "crossing",
        "in_core": true,
        "kind": "crossing",
        "linked_way_ids": [
          52936773
        ],
        "osm_id": 5174530667,
        "osm_type": "node",
        "tags": {
          "highway": "crossing"
        },
        "zone": "core"
      },
      "type": "Feature"
    },
    {
      "geometry": {
        "coordinates": [
          79.8497429,
          6.9237504
        ],
        "type": "Point"
      },
      "id": "node/5178105221",
      "properties": {
        "feature_type": "poi",
        "in_core": false,
        "kind": "amenity=fast_food",
        "linked_way_ids": [],
        "osm_id": 5178105221,
        "osm_type": "node",
        "tags": {
          "amenity": "fast_food",
          "name:en": "Dewasiri snack bar"
        },
        "zone": "context"
      },
      "type": "Feature"
    },
    {
      "geometry": {
        "coordinates": [
          79.8654999,
          6.940367
        ],
        "type": "Point"
      },
      "id": "node/5178326221",
      "properties": {
        "feature_type": "poi",
        "in_core": false,
        "kind": "public_transport=platform",
        "linked_way_ids": [],
        "osm_id": 5178326221,
        "osm_type": "node",
        "tags": {
          "bus": "yes",
          "highway": "bus_stop",
          "public_transport": "platform"
        },
        "zone": "relation_completion"
      },
      "type": "Feature"
    },
    {
      "geometry": {
        "coordinates": [
          79.8632833,
          6.9166112
        ],
        "type": "Point"
      },
      "id": "node/5188184923",
      "properties": {
        "feature_type": "poi",
        "in_core": false,
        "kind": "amenity=post_office",
        "linked_way_ids": [],
        "osm_id": 5188184923,
        "osm_type": "node",
        "tags": {
          "amenity": "post_office",
          "check_date": "2022-12-13"
        },
        "zone": "context"
      },
      "type": "Feature"
    },
    {
      "geometry": {
        "coordinates": [
          79.8519031,
          6.9231681
        ],
        "type": "Point"
      },
      "id": "node/5188185625",
      "properties": {
        "feature_type": "poi",
        "in_core": true,
        "kind": "public_transport=platform",
        "linked_way_ids": [],
        "osm_id": 5188185625,
        "osm_type": "node",
        "tags": {
          "bus": "yes",
          "highway": "bus_stop",
          "public_transport": "platform"
        },
        "zone": "core"
      },
      "type": "Feature"
    },
    {
      "geometry": {
        "coordinates": [
          79.8506663,
          6.9244458
        ],
        "type": "Point"
      },
      "id": "node/5188187226",
      "properties": {
        "feature_type": "poi",
        "in_core": true,
        "kind": "amenity=restaurant",
        "linked_way_ids": [],
        "osm_id": 5188187226,
        "osm_type": "node",
        "tags": {
          "addr:street": "Malay Street",
          "amenity": "restaurant",
          "name:en": "Devil's Restaurant"
        },
        "zone": "core"
      },
      "type": "Feature"
    },
    {
      "geometry": {
        "coordinates": [
          79.8576248,
          6.9206251
        ],
        "type": "Point"
      },
      "id": "node/5188232523",
      "properties": {
        "feature_type": "poi",
        "in_core": true,
        "kind": "amenity=hospital",
        "linked_way_ids": [],
        "osm_id": 5188232523,
        "osm_type": "node",
        "tags": {
          "addr:street": "union place",
          "amenity": "hospital",
          "healthcare": "hospital",
          "name:en": "Ratnam Private Hospital"
        },
        "zone": "core"
      },
      "type": "Feature"
    },
    {
      "geometry": {
        "coordinates": [
          79.853847,
          6.9226113
        ],
        "type": "Point"
      },
      "id": "node/5188235122",
      "properties": {
        "feature_type": "poi",
        "in_core": true,
        "kind": "tourism=hotel",
        "linked_way_ids": [],
        "osm_id": 5188235122,
        "osm_type": "node",
        "tags": {
          "addr:street": "Union Place",
          "name": "Jan Rich",
          "tourism": "hotel"
        },
        "zone": "core"
      },
      "type": "Feature"
    },
    {
      "geometry": {
        "coordinates": [
          79.8519553,
          6.9232339
        ],
        "type": "Point"
      },
      "id": "node/5188235123",
      "properties": {
        "feature_type": "poi",
        "in_core": true,
        "kind": "public_transport=stop_position",
        "linked_way_ids": [
          13859250
        ],
        "osm_id": 5188235123,
        "osm_type": "node",
        "tags": {
          "bus": "yes",
          "public_transport": "stop_position"
        },
        "zone": "core"
      },
      "type": "Feature"
    },
    {
      "geometry": {
        "coordinates": [
          79.8518198,
          6.9251847
        ],
        "type": "Point"
      },
      "id": "node/5192693821",
      "properties": {
        "feature_type": "poi",
        "in_core": true,
        "kind": "public_transport=platform",
        "linked_way_ids": [],
        "osm_id": 5192693821,
        "osm_type": "node",
        "tags": {
          "bus": "yes",
          "highway": "bus_stop",
          "public_transport": "platform"
        },
        "zone": "core"
      },
      "type": "Feature"
    },
    {
      "geometry": {
        "coordinates": [
          79.8532476,
          6.9226857
        ],
        "type": "Point"
      },
      "id": "node/5192693922",
      "properties": {
        "feature_type": "poi",
        "in_core": true,
        "kind": "tourism=hotel",
        "linked_way_ids": [],
        "osm_id": 5192693922,
        "osm_type": "node",
        "tags": {
          "addr:street": "Union Place",
          "name": "Jan rich hotel",
          "tourism": "hotel"
        },
        "zone": "core"
      },
      "type": "Feature"
    },
    {
      "geometry": {
        "coordinates": [
          79.8544548,
          6.9178774
        ],
        "type": "Point"
      },
      "id": "node/5193334837",
      "properties": {
        "feature_type": "poi",
        "in_core": false,
        "kind": "public_transport=platform",
        "linked_way_ids": [],
        "osm_id": 5193334837,
        "osm_type": "node",
        "tags": {
          "bench": "yes",
          "bin": "no",
          "bus": "yes",
          "highway": "bus_stop",
          "public_transport": "platform",
          "shelter": "yes"
        },
        "zone": "context"
      },
      "type": "Feature"
    },
    {
      "geometry": {
        "coordinates": [
          79.8628895,
          6.9165944
        ],
        "type": "Point"
      },
      "id": "node/5193680021",
      "properties": {
        "feature_type": "poi",
        "in_core": false,
        "kind": "public_transport=platform",
        "linked_way_ids": [],
        "osm_id": 5193680021,
        "osm_type": "node",
        "tags": {
          "bus": "yes",
          "highway": "bus_stop",
          "name": "Town hall",
          "public_transport": "platform"
        },
        "zone": "context"
      },
      "type": "Feature"
    },
    {
      "geometry": {
        "coordinates": [
          79.8659145,
          6.9349661
        ],
        "type": "Point"
      },
      "id": "node/5199202624",
      "properties": {
        "feature_type": "poi",
        "in_core": false,
        "kind": "amenity=fuel",
        "linked_way_ids": [],
        "osm_id": 5199202624,
        "osm_type": "node",
        "tags": {
          "addr:street": "Sri Sangaraja Mawatha",
          "amenity": "fuel",
          "name:en": "Lanka gas"
        },
        "zone": "context"
      },
      "type": "Feature"
    },
    {
      "geometry": {
        "coordinates": [
          79.8601494,
          6.9193092
        ],
        "type": "Point"
      },
      "id": "node/5199207923",
      "properties": {
        "feature_type": "poi",
        "in_core": true,
        "kind": "public_transport=platform",
        "linked_way_ids": [
          50061483
        ],
        "osm_id": 5199207923,
        "osm_type": "node",
        "tags": {
          "bench": "no",
          "bin": "no",
          "bus": "yes",
          "highway": "bus_stop",
          "lit": "yes",
          "name": "Hyde Park Bus Stop",
          "public_transport": "platform",
          "shelter": "yes"
        },
        "zone": "core"
      },
      "type": "Feature"
    },
    {
      "geometry": {
        "coordinates": [
          79.8533349,
          6.9227947
        ],
        "type": "Point"
      },
      "id": "node/5213910922",
      "properties": {
        "feature_type": "poi",
        "in_core": true,
        "kind": "public_transport=platform",
        "linked_way_ids": [],
        "osm_id": 5213910922,
        "osm_type": "node",
        "tags": {
          "bus": "yes",
          "highway": "bus_stop",
          "name:en": "Nawaloka bus stop",
          "public_transport": "platform"
        },
        "zone": "core"
      },
      "type": "Feature"
    },
    {
      "geometry": {
        "coordinates": [
          79.8559061,
          6.9213384
        ],
        "type": "Point"
      },
      "id": "node/5213912525",
      "properties": {
        "feature_type": "poi",
        "in_core": true,
        "kind": "public_transport=platform",
        "linked_way_ids": [
          13859252
        ],
        "osm_id": 5213912525,
        "osm_type": "node",
        "tags": {
          "bus": "yes",
          "highway": "bus_stop",
          "name": "Staple Street Bus Stop",
          "public_transport": "platform"
        },
        "zone": "core"
      },
      "type": "Feature"
    },
    {
      "geometry": {
        "coordinates": [
          79.8532068,
          6.9227909
        ],
        "type": "Point"
      },
      "id": "node/5213912526",
      "properties": {
        "feature_type": "poi",
        "in_core": true,
        "kind": "tourism=hotel",
        "linked_way_ids": [],
        "osm_id": 5213912526,
        "osm_type": "node",
        "tags": {
          "addr:street": "Union Place",
          "name": "Asine hotel",
          "tourism": "hotel"
        },
        "zone": "core"
      },
      "type": "Feature"
    },
    {
      "geometry": {
        "coordinates": [
          79.8712278,
          6.9211868
        ],
        "type": "Point"
      },
      "id": "node/5220461443",
      "properties": {
        "feature_type": "traffic_signal",
        "in_core": false,
        "kind": "traffic_signals",
        "linked_way_ids": [
          13758923,
          313246313,
          350014237
        ],
        "osm_id": 5220461443,
        "osm_type": "node",
        "tags": {
          "highway": "traffic_signals"
        },
        "zone": "relation_completion"
      },
      "type": "Feature"
    },
    {
      "geometry": {
        "coordinates": [
          79.8542544,
          6.9353666
        ],
        "type": "Point"
      },
      "id": "node/5265219922",
      "properties": {
        "feature_type": "poi",
        "in_core": false,
        "kind": "public_transport=platform",
        "linked_way_ids": [],
        "osm_id": 5265219922,
        "osm_type": "node",
        "tags": {
          "bus": "yes",
          "highway": "bus_stop",
          "name": "Route 240 - Negombo",
          "public_transport": "platform"
        },
        "zone": "context"
      },
      "type": "Feature"
    },
    {
      "geometry": {
        "coordinates": [
          79.845595,
          6.935282
        ],
        "type": "Point"
      },
      "id": "node/5279228321",
      "properties": {
        "feature_type": "poi",
        "in_core": false,
        "kind": "amenity=post_office",
        "linked_way_ids": [],
        "osm_id": 5279228321,
        "osm_type": "node",
        "tags": {
          "amenity": "post_office",
          "name:en": "General Post Office",
          "wikidata": "Q4139229",
          "wikipedia": "en:Former General Post Office, Colombo"
        },
        "zone": "relation_completion"
      },
      "type": "Feature"
    },
    {
      "geometry": {
        "coordinates": [
          79.8501316,
          6.9238413
        ],
        "type": "Point"
      },
      "id": "node/5285851321",
      "properties": {
        "feature_type": "poi",
        "in_core": true,
        "kind": "amenity=cafe",
        "linked_way_ids": [],
        "osm_id": 5285851321,
        "osm_type": "node",
        "tags": {
          "addr:street": "Justice Akbar Mawatha",
          "amenity": "cafe",
          "cuisine": "indian",
          "name:en": "A one cafe"
        },
        "zone": "core"
      },
      "type": "Feature"
    },
    {
      "geometry": {
        "coordinates": [
          79.8650481,
          6.916875
        ],
        "type": "Point"
      },
      "id": "node/5303788799",
      "properties": {
        "feature_type": "poi",
        "in_core": false,
        "kind": "amenity=fast_food",
        "linked_way_ids": [],
        "osm_id": 5303788799,
        "osm_type": "node",
        "tags": {
          "amenity": "fast_food",
          "name": "The Mango Tree",
          "outdoor_seating": "only"
        },
        "zone": "context"
      },
      "type": "Feature"
    },
    {
      "geometry": {
        "coordinates": [
          79.8468154,
          6.9320828
        ],
        "type": "Point"
      },
      "id": "node/5385266399",
      "properties": {
        "feature_type": "crossing",
        "in_core": false,
        "kind": "marked",
        "linked_way_ids": [
          558444112,
          1463499815
        ],
        "osm_id": 5385266399,
        "osm_type": "node",
        "tags": {
          "crossing": "marked",
          "crossing:markings": "yes",
          "highway": "crossing"
        },
        "zone": "context"
      },
      "type": "Feature"
    },
    {
      "geometry": {
        "coordinates": [
          79.8457246,
          6.9327419
        ],
        "type": "Point"
      },
      "id": "node/5385266403",
      "properties": {
        "feature_type": "crossing",
        "in_core": false,
        "kind": "marked",
        "linked_way_ids": [
          1122674380,
          1552091954,
          1552855481
        ],
        "osm_id": 5385266403,
        "osm_type": "node",
        "tags": {
          "crossing": "marked",
          "crossing:markings": "lines",
          "highway": "crossing"
        },
        "zone": "relation_completion"
      },
      "type": "Feature"
    },
    {
      "geometry": {
        "coordinates": [
          79.8535907,
          6.9349188
        ],
        "type": "Point"
      },
      "id": "node/5385270070",
      "properties": {
        "feature_type": "crossing",
        "in_core": false,
        "kind": "crossing",
        "linked_way_ids": [
          194101253,
          1122816982
        ],
        "osm_id": 5385270070,
        "osm_type": "node",
        "tags": {
          "highway": "crossing"
        },
        "zone": "context"
      },
      "type": "Feature"
    },
    {
      "geometry": {
        "coordinates": [
          79.8548398,
          6.9380334
        ],
        "type": "Point"
      },
      "id": "node/5392522322",
      "properties": {
        "feature_type": "poi",
        "in_core": false,
        "kind": "shop=department_store",
        "linked_way_ids": [],
        "osm_id": 5392522322,
        "osm_type": "node",
        "tags": {
          "name": "Peoples Park Shopping Complex",
          "shop": "department_store"
        },
        "zone": "context"
      },
      "type": "Feature"
    },
    {
      "geometry": {
        "coordinates": [
          79.8528048,
          6.91643
        ],
        "type": "Point"
      },
      "id": "node/5421090922",
      "properties": {
        "feature_type": "poi",
        "in_core": false,
        "kind": "amenity=restaurant",
        "linked_way_ids": [],
        "osm_id": 5421090922,
        "osm_type": "node",
        "tags": {
          "amenity": "restaurant",
          "cuisine": "chinese;thai",
          "name:en": "Chinaman Delivery",
          "opening_hours": "Mo-Su 11:00-22:00",
          "phone": "0117364364"
        },
        "zone": "context"
      },
      "type": "Feature"
    },
    {
      "geometry": {
        "coordinates": [
          79.8448456,
          6.9320689
        ],
        "type": "Point"
      },
      "id": "node/5499458343",
      "properties": {
        "feature_type": "poi",
        "in_core": false,
        "kind": "amenity=restaurant",
        "linked_way_ids": [],
        "osm_id": 5499458343,
        "osm_type": "node",
        "tags": {
          "addr:housenumber": "2",
          "addr:street": "Sir Chittampalam A Gardiner Mawatha",
          "air_conditioning": "yes",
          "amenity": "restaurant",
          "check_date": "2023-02-20",
          "cuisine": "international;italian;chinese;indian;asian",
          "delivery": "no",
          "diet:gluten_free": "yes",
          "diet:halal": "yes",
          "diet:vegan": "yes",
          "diet:vegetarian": "yes",
          "internet_access": "wlan",
          "internet_access:fee": "customers",
          "name": "Graze Kitchen",
          "name:en": "Graze Kitchen",
          "opening_hours": "06:30-23:00",
          "operator": "Hilton Colombo",
          "payment:mastercard": "yes",
          "payment:visa": "yes",
          "phone": "+94 112 492 492",
          "reservation": "yes",
          "smoking": "no",
          "takeaway": "no",
          "website": "https://www.hiltoncolombo1.com/restaurant/graze-kitchen"
        },
        "zone": "relation_completion"
      },
      "type": "Feature"
    },
    {
      "geometry": {
        "coordinates": [
          79.8562971,
          6.9207537
        ],
        "type": "Point"
      },
      "id": "node/5499481850",
      "properties": {
        "feature_type": "poi",
        "in_core": true,
        "kind": "amenity=restaurant",
        "linked_way_ids": [],
        "osm_id": 5499481850,
        "osm_type": "node",
        "tags": {
          "amenity": "restaurant",
          "level": "0",
          "name": "Flow"
        },
        "zone": "core"
      },
      "type": "Feature"
    },
    {
      "geometry": {
        "coordinates": [
          79.8532126,
          6.9162584
        ],
        "type": "Point"
      },
      "id": "node/5532724746",
      "properties": {
        "feature_type": "poi",
        "in_core": false,
        "kind": "amenity=cafe",
        "linked_way_ids": [],
        "osm_id": 5532724746,
        "osm_type": "node",
        "tags": {
          "amenity": "cafe",
          "name": "Life Food"
        },
        "zone": "context"
      },
      "type": "Feature"
    },
    {
      "geometry": {
        "coordinates": [
          79.8555055,
          6.9370258
        ],
        "type": "Point"
      },
      "id": "node/5637055000",
      "properties": {
        "feature_type": "poi",
        "in_core": false,
        "kind": "public_transport=platform",
        "linked_way_ids": [],
        "osm_id": 5637055000,
        "osm_type": "node",
        "tags": {
          "bus": "yes",
          "highway": "bus_stop",
          "name": "AC Express Route 240 Negombo",
          "public_transport": "platform",
          "shelter": "yes"
        },
        "zone": "context"
      },
      "type": "Feature"
    },
    {
      "geometry": {
        "coordinates": [
          79.8449353,
          6.9225583
        ],
        "type": "Point"
      },
      "id": "node/5652880921",
      "properties": {
        "feature_type": "poi",
        "in_core": false,
        "kind": "amenity=fast_food",
        "linked_way_ids": [],
        "osm_id": 5652880921,
        "osm_type": "node",
        "tags": {
          "addr:street": "Galle Face Green",
          "amenity": "fast_food",
          "name": "Nana's",
          "opening_hours": "Mo-Su 17:00-22:00"
        },
        "zone": "relation_completion"
      },
      "type": "Feature"
    },
    {
      "geometry": {
        "coordinates": [
          79.8649103,
          6.9184354
        ],
        "type": "Point"
      },
      "id": "node/5652955121",
      "properties": {
        "feature_type": "poi",
        "in_core": false,
        "kind": "amenity=fast_food",
        "linked_way_ids": [],
        "osm_id": 5652955121,
        "osm_type": "node",
        "tags": {
          "amenity": "fast_food",
          "name:en": "Ward Place Petti Kade"
        },
        "zone": "context"
      },
      "type": "Feature"
    },
    {
      "geometry": {
        "coordinates": [
          79.8650179,
          6.9248877
        ],
        "type": "Point"
      },
      "id": "node/5653338422",
      "properties": {
        "feature_type": "poi",
        "in_core": true,
        "kind": "shop=supermarket",
        "linked_way_ids": [],
        "osm_id": 5653338422,
        "osm_type": "node",
        "tags": {
          "shop": "supermarket"
        },
        "zone": "core"
      },
      "type": "Feature"
    },
    {
      "geometry": {
        "coordinates": [
          79.8651809,
          6.9251501
        ],
        "type": "Point"
      },
      "id": "node/5653338423",
      "properties": {
        "feature_type": "poi",
        "in_core": true,
        "kind": "amenity=fast_food",
        "linked_way_ids": [],
        "osm_id": 5653338423,
        "osm_type": "node",
        "tags": {
          "amenity": "fast_food"
        },
        "zone": "core"
      },
      "type": "Feature"
    },
    {
      "geometry": {
        "coordinates": [
          79.8652587,
          6.9269935
        ],
        "type": "Point"
      },
      "id": "node/5653422823",
      "properties": {
        "feature_type": "poi",
        "in_core": true,
        "kind": "amenity=fast_food",
        "linked_way_ids": [],
        "osm_id": 5653422823,
        "osm_type": "node",
        "tags": {
          "amenity": "fast_food",
          "name:en": "Cheap food street"
        },
        "zone": "core"
      },
      "type": "Feature"
    },
    {
      "geometry": {
        "coordinates": [
          79.8501147,
          6.9381527
        ],
        "type": "Point"
      },
      "id": "node/5653514222",
      "properties": {
        "feature_type": "poi",
        "in_core": false,
        "kind": "amenity=fast_food",
        "linked_way_ids": [],
        "osm_id": 5653514222,
        "osm_type": "node",
        "tags": {
          "amenity": "fast_food",
          "name": "Dosa"
        },
        "zone": "relation_completion"
      },
      "type": "Feature"
    },
    {
      "geometry": {
        "coordinates": [
          79.8485108,
          6.937052
        ],
        "type": "Point"
      },
      "id": "node/5653514223",
      "properties": {
        "feature_type": "poi",
        "in_core": false,
        "kind": "amenity=fast_food",
        "linked_way_ids": [],
        "osm_id": 5653514223,
        "osm_type": "node",
        "tags": {
          "amenity": "fast_food",
          "name:en": "Cheap"
        },
        "zone": "relation_completion"
      },
      "type": "Feature"
    },
    {
      "geometry": {
        "coordinates": [
          79.8466977,
          6.9363909
        ],
        "type": "Point"
      },
      "id": "node/5653514224",
      "properties": {
        "feature_type": "poi",
        "in_core": false,
        "kind": "amenity=fast_food",
        "linked_way_ids": [],
        "osm_id": 5653514224,
        "osm_type": "node",
        "tags": {
          "amenity": "fast_food",
          "name": "Tea stand"
        },
        "zone": "relation_completion"
      },
      "type": "Feature"
    },
    {
      "geometry": {
        "coordinates": [
          79.8563089,
          6.9323021
        ],
        "type": "Point"
      },
      "id": "node/5653515622",
      "properties": {
        "feature_type": "poi",
        "in_core": true,
        "kind": "amenity=fast_food",
        "linked_way_ids": [],
        "osm_id": 5653515622,
        "osm_type": "node",
        "tags": {
          "amenity": "fast_food",
          "name": "Kottu 150"
        },
        "zone": "core"
      },
      "type": "Feature"
    },
    {
      "geometry": {
        "coordinates": [
          79.8529569,
          6.9385092
        ],
        "type": "Point"
      },
      "id": "node/5653546122",
      "properties": {
        "feature_type": "poi",
        "in_core": false,
        "kind": "amenity=fast_food",
        "linked_way_ids": [],
        "osm_id": 5653546122,
        "osm_type": "node",
        "tags": {
          "amenity": "fast_food"
        },
        "zone": "context"
      },
      "type": "Feature"
    },
    {
      "geometry": {
        "coordinates": [
          79.8522893,
          6.9231974
        ],
        "type": "Point"
      },
      "id": "node/5655737034",
      "properties": {
        "feature_type": "poi",
        "in_core": true,
        "kind": "amenity=fast_food",
        "linked_way_ids": [],
        "osm_id": 5655737034,
        "osm_type": "node",
        "tags": {
          "amenity": "fast_food",
          "name:en": "Fish roll thing I got 25"
        },
        "zone": "core"
      },
      "type": "Feature"
    },
    {
      "geometry": {
        "coordinates": [
          79.8540663,
          6.9349191
        ],
        "type": "Point"
      },
      "id": "node/5658510422",
      "properties": {
        "feature_type": "poi",
        "in_core": true,
        "kind": "shop=supermarket",
        "linked_way_ids": [],
        "osm_id": 5658510422,
        "osm_type": "node",
        "tags": {
          "name:en": "For mkt",
          "shop": "supermarket"
        },
        "zone": "core"
      },
      "type": "Feature"
    },
    {
      "geometry": {
        "coordinates": [
          79.8595198,
          6.9211158
        ],
        "type": "Point"
      },
      "id": "node/5703892494",
      "properties": {
        "feature_type": "crossing",
        "in_core": true,
        "kind": "marked",
        "linked_way_ids": [
          386048812,
          599543062
        ],
        "osm_id": 5703892494,
        "osm_type": "node",
        "tags": {
          "crossing": "marked",
          "crossing:markings": "zebra",
          "highway": "crossing"
        },
        "zone": "core"
      },
      "type": "Feature"
    },
    {
      "geometry": {
        "coordinates": [
          79.8587922,
          6.9174386
        ],
        "type": "Point"
      },
      "id": "node/5714433822",
      "properties": {
        "feature_type": "poi",
        "in_core": false,
        "kind": "amenity=cafe",
        "linked_way_ids": [],
        "osm_id": 5714433822,
        "osm_type": "node",
        "tags": {
          "addr:housenumber": "33B",
          "addr:postcode": "00200",
          "addr:street": "Park Street",
          "amenity": "cafe",
          "name:en": "Park Street Gourmet",
          "opening_hours": "Mo-Su 09:00-21:00"
        },
        "zone": "context"
      },
      "type": "Feature"
    },
    {
      "geometry": {
        "coordinates": [
          79.8483491,
          6.9171691
        ],
        "type": "Point"
      },
      "id": "node/5761102623",
      "properties": {
        "feature_type": "poi",
        "in_core": false,
        "kind": "amenity=restaurant",
        "linked_way_ids": [],
        "osm_id": 5761102623,
        "osm_type": "node",
        "tags": {
          "amenity": "restaurant",
          "name": "Shanmugas Vegetarian Restaurant"
        },
        "zone": "relation_completion"
      },
      "type": "Feature"
    },
    {
      "geometry": {
        "coordinates": [
          79.8477599,
          6.9220348
        ],
        "type": "Point"
      },
      "id": "node/5764273356",
      "properties": {
        "feature_type": "crossing",
        "in_core": false,
        "kind": "marked",
        "linked_way_ids": [
          18598828
        ],
        "osm_id": 5764273356,
        "osm_type": "node",
        "tags": {
          "crossing": "marked",
          "crossing:markings": "zebra",
          "highway": "crossing"
        },
        "zone": "context"
      },
      "type": "Feature"
    },
    {
      "geometry": {
        "coordinates": [
          79.84963,
          6.9230566
        ],
        "type": "Point"
      },
      "id": "node/5769519427",
      "properties": {
        "feature_type": "poi",
        "in_core": false,
        "kind": "public_transport=stop_position",
        "linked_way_ids": [],
        "osm_id": 5769519427,
        "osm_type": "node",
        "tags": {
          "name": "Kompannavidiya",
          "note": "Station name corrected based on Sri Lanka Railways Website",
          "public_transport": "stop_position",
          "railway": "stop",
          "train": "yes"
        },
        "zone": "context"
      },
      "type": "Feature"
    },
    {
      "geometry": {
        "coordinates": [
          79.8706741,
          6.9216277
        ],
        "type": "Point"
      },
      "id": "node/5777224153",
      "properties": {
        "feature_type": "poi",
        "in_core": false,
        "kind": "amenity=restaurant",
        "linked_way_ids": [],
        "osm_id": 5777224153,
        "osm_type": "node",
        "tags": {
          "addr:housenumber": "826",
          "addr:street": "Maradana Road",
          "amenity": "restaurant",
          "cuisine": "regional;local",
          "name": "New Parishin Hotel & Bakery",
          "phone": "+94724047048"
        },
        "zone": "context"
      },
      "type": "Feature"
    },
    {
      "geometry": {
        "coordinates": [
          79.8708341,
          6.921859
        ],
        "type": "Point"
      },
      "id": "node/5777242054",
      "properties": {
        "feature_type": "poi",
        "in_core": false,
        "kind": "amenity=fast_food",
        "linked_way_ids": [],
        "osm_id": 5777242054,
        "osm_type": "node",
        "tags": {
          "addr:street": "P De S Kularatne Mawatha",
          "amenity": "fast_food",
          "name": "Hotel Wendywee"
        },
        "zone": "context"
      },
      "type": "Feature"
    },
    {
      "geometry": {
        "coordinates": [
          79.852906,
          6.9321998
        ],
        "type": "Point"
      },
      "id": "node/5777273653",
      "properties": {
        "feature_type": "poi",
        "in_core": true,
        "kind": "shop=supermarket",
        "linked_way_ids": [],
        "osm_id": 5777273653,
        "osm_type": "node",
        "tags": {
          "addr:street": "D. R. Wijewardene Mawatha",
          "name:en": "Lanka Sathosa",
          "shop": "supermarket"
        },
        "zone": "core"
      },
      "type": "Feature"
    },
    {
      "geometry": {
        "coordinates": [
          79.8670954,
          6.9257294
        ],
        "type": "Point"
      },
      "id": "node/5779152053",
      "properties": {
        "feature_type": "poi",
        "in_core": true,
        "kind": "shop=supermarket",
        "linked_way_ids": [],
        "osm_id": 5779152053,
        "osm_type": "node",
        "tags": {
          "brand": "Cargills Food City",
          "brand:wikidata": "Q58353955",
          "check_date": "2024-11-12",
          "name": "Cargills Food City",
          "name:en": "Cargills food city",
          "phone": "+94 11 2696105",
          "shop": "supermarket"
        },
        "zone": "core"
      },
      "type": "Feature"
    },
    {
      "geometry": {
        "coordinates": [
          79.8503843,
          6.9340201
        ],
        "type": "Point"
      },
      "id": "node/5779913187",
      "properties": {
        "feature_type": "poi",
        "in_core": false,
        "kind": "public_transport=platform",
        "linked_way_ids": [
          1141512434
        ],
        "osm_id": 5779913187,
        "osm_type": "node",
        "tags": {
          "bench": "yes",
          "bus": "yes",
          "highway": "bus_stop",
          "name": "Colombo Fort Railway Station halt",
          "public_transport": "platform",
          "ref": "274",
          "shelter": "no"
        },
        "zone": "context"
      },
      "type": "Feature"
    },
    {
      "geometry": {
        "coordinates": [
          79.869758,
          6.9223827
        ],
        "type": "Point"
      },
      "id": "node/5785426643",
      "properties": {
        "feature_type": "barrier",
        "in_core": false,
        "kind": "lift_gate",
        "linked_way_ids": [
          54057560
        ],
        "osm_id": 5785426643,
        "osm_type": "node",
        "tags": {
          "access": "private",
          "barrier": "lift_gate"
        },
        "zone": "context"
      },
      "type": "Feature"
    },
    {
      "geometry": {
        "coordinates": [
          79.8590062,
          6.9318523
        ],
        "type": "Point"
      },
      "id": "node/5785426878",
      "properties": {
        "feature_type": "barrier",
        "in_core": true,
        "kind": "gate",
        "linked_way_ids": [
          376563405,
          610938422
        ],
        "osm_id": 5785426878,
        "osm_type": "node",
        "tags": {
          "access": "permissive",
          "barrier": "gate"
        },
        "zone": "core"
      },
      "type": "Feature"
    },
    {
      "geometry": {
        "coordinates": [
          79.865796,
          6.9292373
        ],
        "type": "Point"
      },
      "id": "node/5847983789",
      "properties": {
        "feature_type": "poi",
        "in_core": true,
        "kind": "public_transport=station",
        "linked_way_ids": [],
        "osm_id": 5847983789,
        "osm_type": "node",
        "tags": {
          "name": "Maradana",
          "name:en": "Maradana Railway Station",
          "name:ml": "മരുദാന",
          "name:ta": "மருதானை",
          "public_transport": "station",
          "railway": "station",
          "train": "yes",
          "wheelchair": "no",
          "wikidata": "Q6754588",
          "wikipedia": "en:Maradana railway station"
        },
        "zone": "core"
      },
      "type": "Feature"
    },
    {
      "geometry": {
        "coordinates": [
          79.8540179,
          6.9393812
        ],
        "type": "Point"
      },
      "id": "node/5848085685",
      "properties": {
        "feature_type": "poi",
        "in_core": false,
        "kind": "amenity=fast_food",
        "linked_way_ids": [],
        "osm_id": 5848085685,
        "osm_type": "node",
        "tags": {
          "amenity": "fast_food",
          "name": "Imbis Food Court"
        },
        "zone": "context"
      },
      "type": "Feature"
    },
    {
      "geometry": {
        "coordinates": [
          79.8662857,
          6.9363492
        ],
        "type": "Point"
      },
      "id": "node/5904513402",
      "properties": {
        "feature_type": "crossing",
        "in_core": false,
        "kind": "crossing",
        "linked_way_ids": [
          625329097,
          625329100,
          1121878520
        ],
        "osm_id": 5904513402,
        "osm_type": "node",
        "tags": {
          "highway": "crossing"
        },
        "zone": "context"
      },
      "type": "Feature"
    },
    {
      "geometry": {
        "coordinates": [
          79.8663959,
          6.9363479
        ],
        "type": "Point"
      },
      "id": "node/5904513420",
      "properties": {
        "feature_type": "crossing",
        "in_core": false,
        "kind": "crossing",
        "linked_way_ids": [
          625329098,
          1121878520
        ],
        "osm_id": 5904513420,
        "osm_type": "node",
        "tags": {
          "highway": "crossing"
        },
        "zone": "context"
      },
      "type": "Feature"
    },
    {
      "geometry": {
        "coordinates": [
          79.8499631,
          6.9362523
        ],
        "type": "Point"
      },
      "id": "node/5915271185",
      "properties": {
        "feature_type": "poi",
        "in_core": false,
        "kind": "tourism=attraction",
        "linked_way_ids": [],
        "osm_id": 5915271185,
        "osm_type": "node",
        "tags": {
          "name:en": "Pettah Market",
          "tourism": "attraction"
        },
        "zone": "context"
      },
      "type": "Feature"
    },
    {
      "geometry": {
        "coordinates": [
          79.8542524,
          6.9366059
        ],
        "type": "Point"
      },
      "id": "node/6015444883",
      "properties": {
        "feature_type": "poi",
        "in_core": false,
        "kind": "amenity=marketplace",
        "linked_way_ids": [],
        "osm_id": 6015444883,
        "osm_type": "node",
        "tags": {
          "amenity": "marketplace",
          "name": "Street Market"
        },
        "zone": "context"
      },
      "type": "Feature"
    },
    {
      "geometry": {
        "coordinates": [
          79.8560191,
          6.915164
        ],
        "type": "Point"
      },
      "id": "node/6109136485",
      "properties": {
        "feature_type": "poi",
        "in_core": false,
        "kind": "amenity=post_office",
        "linked_way_ids": [],
        "osm_id": 6109136485,
        "osm_type": "node",
        "tags": {
          "amenity": "post_office",
          "name": "Sri Jinaratana Agency Post Office",
          "name:es": "Oficina de Correos"
        },
        "zone": "context"
      },
      "type": "Feature"
    },
    {
      "geometry": {
        "coordinates": [
          79.8497761,
          6.9357607
        ],
        "type": "Point"
      },
      "id": "node/6167545071",
      "properties": {
        "feature_type": "poi",
        "in_core": false,
        "kind": "amenity=pharmacy",
        "linked_way_ids": [],
        "osm_id": 6167545071,
        "osm_type": "node",
        "tags": {
          "amenity": "pharmacy",
          "healthcare": "pharmacy",
          "name": "Kamal Stores"
        },
        "zone": "context"
      },
      "type": "Feature"
    },
    {
      "geometry": {
        "coordinates": [
          79.8542916,
          6.9211524
        ],
        "type": "Point"
      },
      "id": "node/6190193885",
      "properties": {
        "feature_type": "poi",
        "in_core": true,
        "kind": "tourism=hotel",
        "linked_way_ids": [],
        "osm_id": 6190193885,
        "osm_type": "node",
        "tags": {
          "internet_access": "wlan",
          "name:en": "City Hotel Colombo 2",
          "tourism": "hotel"
        },
        "zone": "core"
      },
      "type": "Feature"
    },
    {
      "geometry": {
        "coordinates": [
          79.8449342,
          6.9361991
        ],
        "type": "Point"
      },
      "id": "node/6227631930",
      "properties": {
        "feature_type": "crossing",
        "in_core": false,
        "kind": "marked",
        "linked_way_ids": [
          665359207
        ],
        "osm_id": 6227631930,
        "osm_type": "node",
        "tags": {
          "crossing": "marked",
          "crossing:markings": "zebra",
          "highway": "crossing"
        },
        "zone": "relation_completion"
      },
      "type": "Feature"
    },
    {
      "geometry": {
        "coordinates": [
          79.8653787,
          6.9272687
        ],
        "type": "Point"
      },
      "id": "node/6233578621",
      "properties": {
        "feature_type": "traffic_signal",
        "in_core": true,
        "kind": "traffic_signals",
        "linked_way_ids": [
          665896572,
          1120006837,
          1120006838,
          1120006839
        ],
        "osm_id": 6233578621,
        "osm_type": "node",
        "tags": {
          "highway": "traffic_signals"
        },
        "zone": "core"
      },
      "type": "Feature"
    },
    {
      "geometry": {
        "coordinates": [
          79.8654301,
          6.9273544
        ],
        "type": "Point"
      },
      "id": "node/6233578631",
      "properties": {
        "feature_type": "traffic_signal",
        "in_core": true,
        "kind": "traffic_signals",
        "linked_way_ids": [
          1120006838,
          1467574497,
          1467574498
        ],
        "osm_id": 6233578631,
        "osm_type": "node",
        "tags": {
          "highway": "traffic_signals"
        },
        "zone": "core"
      },
      "type": "Feature"
    },
    {
      "geometry": {
        "coordinates": [
          79.8693435,
          6.9234094
        ],
        "type": "Point"
      },
      "id": "node/6233578635",
      "properties": {
        "feature_type": "crossing",
        "in_core": false,
        "kind": "crossing",
        "linked_way_ids": [
          346468665
        ],
        "osm_id": 6233578635,
        "osm_type": "node",
        "tags": {
          "crossing_ref": "zebra",
          "highway": "crossing"
        },
        "zone": "context"
      },
      "type": "Feature"
    },
    {
      "geometry": {
        "coordinates": [
          79.8642591,
          6.9282943
        ],
        "type": "Point"
      },
      "id": "node/6233616394",
      "properties": {
        "feature_type": "traffic_signal",
        "in_core": true,
        "kind": "traffic_signals",
        "linked_way_ids": [
          129477822,
          665898437,
          1462395309
        ],
        "osm_id": 6233616394,
        "osm_type": "node",
        "tags": {
          "highway": "traffic_signals"
        },
        "zone": "core"
      },
      "type": "Feature"
    },
    {
      "geometry": {
        "coordinates": [
          79.8456658,
          6.9310534
        ],
        "type": "Point"
      },
      "id": "node/6233740486",
      "properties": {
        "feature_type": "poi",
        "in_core": false,
        "kind": "amenity=restaurant",
        "linked_way_ids": [],
        "osm_id": 6233740486,
        "osm_type": "node",
        "tags": {
          "amenity": "restaurant",
          "cuisine": "italian_pizza",
          "name:en": "Il Ponte"
        },
        "zone": "context"
      },
      "type": "Feature"
    },
    {
      "geometry": {
        "coordinates": [
          79.8647597,
          6.9230659
        ],
        "type": "Point"
      },
      "id": "node/6234042652",
      "properties": {
        "feature_type": "traffic_signal",
        "in_core": true,
        "kind": "traffic_signals",
        "linked_way_ids": [
          10557897,
          665914473,
          665914474
        ],
        "osm_id": 6234042652,
        "osm_type": "node",
        "tags": {
          "highway": "traffic_signals"
        },
        "zone": "core"
      },
      "type": "Feature"
    },
    {
      "geometry": {
        "coordinates": [
          79.8646769,
          6.923071
        ],
        "type": "Point"
      },
      "id": "node/6234042653",
      "properties": {
        "feature_type": "traffic_signal",
        "in_core": true,
        "kind": "traffic_signals",
        "linked_way_ids": [
          665914472,
          665914473,
          665914476,
          1120006843
        ],
        "osm_id": 6234042653,
        "osm_type": "node",
        "tags": {
          "highway": "traffic_signals"
        },
        "zone": "core"
      },
      "type": "Feature"
    },
    {
      "geometry": {
        "coordinates": [
          79.8644541,
          6.9204005
        ],
        "type": "Point"
      },
      "id": "node/6234044291",
      "properties": {
        "feature_type": "crossing",
        "in_core": false,
        "kind": "marked",
        "linked_way_ids": [
          665914480,
          1089605529
        ],
        "osm_id": 6234044291,
        "osm_type": "node",
        "tags": {
          "crossing": "marked",
          "crossing:markings": "yes",
          "highway": "crossing"
        },
        "zone": "context"
      },
      "type": "Feature"
    },
    {
      "geometry": {
        "coordinates": [
          79.8651937,
          6.9250059
        ],
        "type": "Point"
      },
      "id": "node/6234044307",
      "properties": {
        "feature_type": "crossing",
        "in_core": true,
        "kind": "crossing",
        "linked_way_ids": [
          665914482
        ],
        "osm_id": 6234044307,
        "osm_type": "node",
        "tags": {
          "highway": "crossing"
        },
        "zone": "core"
      },
      "type": "Feature"
    },
    {
      "geometry": {
        "coordinates": [
          79.8652188,
          6.9251426
        ],
        "type": "Point"
      },
      "id": "node/6234044308",
      "properties": {
        "feature_type": "crossing",
        "in_core": true,
        "kind": "marked",
        "linked_way_ids": [
          665914482,
          1120006841
        ],
        "osm_id": 6234044308,
        "osm_type": "node",
        "tags": {
          "crossing": "marked",
          "crossing:markings": "yes",
          "highway": "crossing"
        },
        "zone": "core"
      },
      "type": "Feature"
    },
    {
      "geometry": {
        "coordinates": [
          79.864672,
          6.923
        ],
        "type": "Point"
      },
      "id": "node/6234044312",
      "properties": {
        "feature_type": "traffic_signal",
        "in_core": true,
        "kind": "traffic_signals",
        "linked_way_ids": [
          665914472,
          665914477,
          665914478,
          1120006846
        ],
        "osm_id": 6234044312,
        "osm_type": "node",
        "tags": {
          "highway": "traffic_signals"
        },
        "zone": "core"
      },
      "type": "Feature"
    },
    {
      "geometry": {
        "coordinates": [
          79.8648276,
          6.9139039
        ],
        "type": "Point"
      },
      "id": "node/6234164269",
      "properties": {
        "feature_type": "traffic_signal",
        "in_core": false,
        "kind": "traffic_signals",
        "linked_way_ids": [
          23581016,
          119971341,
          1089605514
        ],
        "osm_id": 6234164269,
        "osm_type": "node",
        "tags": {
          "highway": "traffic_signals"
        },
        "zone": "relation_completion"
      },
      "type": "Feature"
    },
    {
      "geometry": {
        "coordinates": [
          79.8620925,
          6.9228805
        ],
        "type": "Point"
      },
      "id": "node/6234353190",
      "properties": {
        "feature_type": "traffic_signal",
        "in_core": true,
        "kind": "traffic_signals",
        "linked_way_ids": [
          48809066,
          665953582
        ],
        "osm_id": 6234353190,
        "osm_type": "node",
        "tags": {
          "highway": "traffic_signals"
        },
        "zone": "core"
      },
      "type": "Feature"
    },
    {
      "geometry": {
        "coordinates": [
          79.8618516,
          6.9265971
        ],
        "type": "Point"
      },
      "id": "node/6234353214",
      "properties": {
        "feature_type": "crossing",
        "in_core": true,
        "kind": "marked",
        "linked_way_ids": [
          665953582,
          1492462148
        ],
        "osm_id": 6234353214,
        "osm_type": "node",
        "tags": {
          "crossing": "marked",
          "crossing:markings": "yes",
          "crossing_ref": "zebra",
          "highway": "crossing"
        },
        "zone": "core"
      },
      "type": "Feature"
    },
    {
      "geometry": {
        "coordinates": [
          79.8469505,
          6.9321325
        ],
        "type": "Point"
      },
      "id": "node/6234482979",
      "properties": {
        "feature_type": "crossing",
        "in_core": false,
        "kind": "marked",
        "linked_way_ids": [
          351910067,
          558444112,
          1495325113
        ],
        "osm_id": 6234482979,
        "osm_type": "node",
        "tags": {
          "crossing": "marked",
          "crossing:markings": "yes",
          "highway": "crossing"
        },
        "zone": "context"
      },
      "type": "Feature"
    },
    {
      "geometry": {
        "coordinates": [
          79.8467496,
          6.9320613
        ],
        "type": "Point"
      },
      "id": "node/6234482980",
      "properties": {
        "feature_type": "crossing",
        "in_core": false,
        "kind": "marked",
        "linked_way_ids": [
          359949478,
          558444112,
          1552091955
        ],
        "osm_id": 6234482980,
        "osm_type": "node",
        "tags": {
          "crossing": "marked",
          "crossing:markings": "yes",
          "highway": "crossing"
        },
        "zone": "context"
      },
      "type": "Feature"
    },
    {
      "geometry": {
        "coordinates": [
          79.8464654,
          6.9323294
        ],
        "type": "Point"
      },
      "id": "node/6234482982",
      "properties": {
        "feature_type": "crossing",
        "in_core": false,
        "kind": "traffic_signals",
        "linked_way_ids": [
          558444111,
          1463499813
        ],
        "osm_id": 6234482982,
        "osm_type": "node",
        "tags": {
          "crossing": "traffic_signals",
          "crossing:markings": "lines",
          "crossing:signals": "yes",
          "highway": "crossing"
        },
        "zone": "context"
      },
      "type": "Feature"
    },
    {
      "geometry": {
        "coordinates": [
          79.8464575,
          6.9323056
        ],
        "type": "Point"
      },
      "id": "node/6234484700",
      "properties": {
        "feature_type": "crossing",
        "in_core": false,
        "kind": "traffic_signals",
        "linked_way_ids": [
          98371211,
          558444111,
          1552091960
        ],
        "osm_id": 6234484700,
        "osm_type": "node",
        "tags": {
          "crossing": "traffic_signals",
          "crossing:markings": "lines",
          "crossing:signals": "yes",
          "highway": "crossing"
        },
        "zone": "context"
      },
      "type": "Feature"
    },
    {
      "geometry": {
        "coordinates": [
          79.8449883,
          6.9360202
        ],
        "type": "Point"
      },
      "id": "node/6236366586",
      "properties": {
        "feature_type": "crossing",
        "in_core": false,
        "kind": "marked",
        "linked_way_ids": [
          54139134,
          1122672152
        ],
        "osm_id": 6236366586,
        "osm_type": "node",
        "tags": {
          "crossing": "marked",
          "crossing:markings": "lines",
          "highway": "crossing"
        },
        "zone": "relation_completion"
      },
      "type": "Feature"
    },
    {
      "geometry": {
        "coordinates": [
          79.8543425,
          6.9329638
        ],
        "type": "Point"
      },
      "id": "node/6241004724",
      "properties": {
        "feature_type": "poi",
        "in_core": true,
        "kind": "amenity=fast_food",
        "linked_way_ids": [],
        "osm_id": 6241004724,
        "osm_type": "node",
        "tags": {
          "amenity": "fast_food",
          "name": "Wimalagiri Food Court"
        },
        "zone": "core"
      },
      "type": "Feature"
    },
    {
      "geometry": {
        "coordinates": [
          79.8521848,
          6.9228729
        ],
        "type": "Point"
      },
      "id": "node/6258386242",
      "properties": {
        "feature_type": "crossing",
        "in_core": true,
        "kind": "crossing",
        "linked_way_ids": [
          668305825
        ],
        "osm_id": 6258386242,
        "osm_type": "node",
        "tags": {
          "highway": "crossing"
        },
        "zone": "core"
      },
      "type": "Feature"
    },
    {
      "geometry": {
        "coordinates": [
          79.8526955,
          6.9228516
        ],
        "type": "Point"
      },
      "id": "node/6258386249",
      "properties": {
        "feature_type": "crossing",
        "in_core": true,
        "kind": "zebra",
        "linked_way_ids": [
          13859252,
          1122818088,
          1122818089
        ],
        "osm_id": 6258386249,
        "osm_type": "node",
        "tags": {
          "crossing": "zebra",
          "highway": "crossing"
        },
        "zone": "core"
      },
      "type": "Feature"
    },
    {
      "geometry": {
        "coordinates": [
          79.8521018,
          6.9231615
        ],
        "type": "Point"
      },
      "id": "node/6258386254",
      "properties": {
        "feature_type": "crossing",
        "in_core": true,
        "kind": "uncontrolled",
        "linked_way_ids": [
          13859250,
          668305831,
          1122818091,
          1122818092
        ],
        "osm_id": 6258386254,
        "osm_type": "node",
        "tags": {
          "crossing": "uncontrolled",
          "highway": "crossing"
        },
        "zone": "core"
      },
      "type": "Feature"
    },
    {
      "geometry": {
        "coordinates": [
          79.8603614,
          6.9321884
        ],
        "type": "Point"
      },
      "id": "node/6277581698",
      "properties": {
        "feature_type": "crossing",
        "in_core": true,
        "kind": "traffic_signals",
        "linked_way_ids": [
          1122816973,
          1489557288,
          1489557289
        ],
        "osm_id": 6277581698,
        "osm_type": "node",
        "tags": {
          "crossing": "traffic_signals",
          "highway": "crossing"
        },
        "zone": "core"
      },
      "type": "Feature"
    },
    {
      "geometry": {
        "coordinates": [
          79.8463619,
          6.931808
        ],
        "type": "Point"
      },
      "id": "node/6308020702",
      "properties": {
        "feature_type": "poi",
        "in_core": false,
        "kind": "amenity=restaurant",
        "linked_way_ids": [],
        "osm_id": 6308020702,
        "osm_type": "node",
        "tags": {
          "amenity": "restaurant"
        },
        "zone": "context"
      },
      "type": "Feature"
    },
    {
      "geometry": {
        "coordinates": [
          79.8530433,
          6.9206368
        ],
        "type": "Point"
      },
      "id": "node/6324930578",
      "properties": {
        "feature_type": "poi",
        "in_core": true,
        "kind": "amenity=fuel",
        "linked_way_ids": [],
        "osm_id": 6324930578,
        "osm_type": "node",
        "tags": {
          "amenity": "fuel",
          "brand": "Lanka IOC",
          "brand:wikidata": "Q30595420",
          "name": "Lanka IOC"
        },
        "zone": "core"
      },
      "type": "Feature"
    },
    {
      "geometry": {
        "coordinates": [
          79.8515752,
          6.9383673
        ],
        "type": "Point"
      },
      "id": "node/6331797655",
      "properties": {
        "feature_type": "poi",
        "in_core": false,
        "kind": "shop=supermarket",
        "linked_way_ids": [],
        "osm_id": 6331797655,
        "osm_type": "node",
        "tags": {
          "name": "215 Market",
          "shop": "supermarket"
        },
        "zone": "context"
      },
      "type": "Feature"
    },
    {
      "geometry": {
        "coordinates": [
          79.8650525,
          6.916637
        ],
        "type": "Point"
      },
      "id": "node/6337930908",
      "properties": {
        "feature_type": "poi",
        "in_core": false,
        "kind": "amenity=fast_food",
        "linked_way_ids": [],
        "osm_id": 6337930908,
        "osm_type": "node",
        "tags": {
          "amenity": "fast_food",
          "name": "Paan Paan",
          "outdoor_seating": "only"
        },
        "zone": "context"
      },
      "type": "Feature"
    },
    {
      "geometry": {
        "coordinates": [
          79.8650501,
          6.9169591
        ],
        "type": "Point"
      },
      "id": "node/6337930910",
      "properties": {
        "feature_type": "poi",
        "in_core": false,
        "kind": "amenity=fast_food",
        "linked_way_ids": [],
        "osm_id": 6337930910,
        "osm_type": "node",
        "tags": {
          "amenity": "fast_food",
          "name": "The Regent",
          "outdoor_seating": "only"
        },
        "zone": "context"
      },
      "type": "Feature"
    },
    {
      "geometry": {
        "coordinates": [
          79.8649441,
          6.9169471
        ],
        "type": "Point"
      },
      "id": "node/6351639101",
      "properties": {
        "feature_type": "poi",
        "in_core": false,
        "kind": "shop=department_store",
        "linked_way_ids": [],
        "osm_id": 6351639101,
        "osm_type": "node",
        "tags": {
          "name:en": "for PW",
          "shop": "department_store"
        },
        "zone": "context"
      },
      "type": "Feature"
    },
    {
      "geometry": {
        "coordinates": [
          79.866809,
          6.9257265
        ],
        "type": "Point"
      },
      "id": "node/6357732386",
      "properties": {
        "feature_type": "poi",
        "in_core": true,
        "kind": "amenity=cafe",
        "linked_way_ids": [],
        "osm_id": 6357732386,
        "osm_type": "node",
        "tags": {
          "amenity": "cafe",
          "name:en": "Bombay Sweet Palace"
        },
        "zone": "core"
      },
      "type": "Feature"
    },
    {
      "geometry": {
        "coordinates": [
          79.8664671,
          6.9260962
        ],
        "type": "Point"
      },
      "id": "node/6357746585",
      "properties": {
        "feature_type": "poi",
        "in_core": true,
        "kind": "amenity=cafe",
        "linked_way_ids": [],
        "osm_id": 6357746585,
        "osm_type": "node",
        "tags": {
          "amenity": "cafe",
          "name:en": "Bombay Sweet Corner"
        },
        "zone": "core"
      },
      "type": "Feature"
    },
    {
      "geometry": {
        "coordinates": [
          79.8565223,
          6.9190961
        ],
        "type": "Point"
      },
      "id": "node/6360491085",
      "properties": {
        "feature_type": "poi",
        "in_core": true,
        "kind": "amenity=restaurant",
        "linked_way_ids": [],
        "osm_id": 6360491085,
        "osm_type": "node",
        "tags": {
          "amenity": "restaurant"
        },
        "zone": "core"
      },
      "type": "Feature"
    },
    {
      "geometry": {
        "coordinates": [
          79.8477365,
          6.9176932
        ],
        "type": "Point"
      },
      "id": "node/6395430788",
      "properties": {
        "feature_type": "poi",
        "in_core": false,
        "kind": "public_transport=platform",
        "linked_way_ids": [],
        "osm_id": 6395430788,
        "osm_type": "node",
        "tags": {
          "bench": "no",
          "bin": "no",
          "bus": "yes",
          "highway": "bus_stop",
          "lit": "yes",
          "name": "Richardson",
          "public_transport": "platform",
          "shelter": "yes"
        },
        "zone": "relation_completion"
      },
      "type": "Feature"
    },
    {
      "geometry": {
        "coordinates": [
          79.8584841,
          6.9163929
        ],
        "type": "Point"
      },
      "id": "node/6398231387",
      "properties": {
        "feature_type": "poi",
        "in_core": false,
        "kind": "amenity=restaurant",
        "linked_way_ids": [],
        "osm_id": 6398231387,
        "osm_type": "node",
        "tags": {
          "addr:housenumber": "50/2",
          "addr:street": "Park Street",
          "amenity": "restaurant",
          "name": "Monsoon Colombo"
        },
        "zone": "context"
      },
      "type": "Feature"
    },
    {
      "geometry": {
        "coordinates": [
          79.8621195,
          6.9218742
        ],
        "type": "Point"
      },
      "id": "node/6400282285",
      "properties": {
        "feature_type": "poi",
        "in_core": true,
        "kind": "shop=department_store",
        "linked_way_ids": [],
        "osm_id": 6400282285,
        "osm_type": "node",
        "tags": {
          "shop": "department_store"
        },
        "zone": "core"
      },
      "type": "Feature"
    },
    {
      "geometry": {
        "coordinates": [
          79.8479562,
          6.9321557
        ],
        "type": "Point"
      },
      "id": "node/6432436586",
      "properties": {
        "feature_type": "poi",
        "in_core": false,
        "kind": "amenity=restaurant",
        "linked_way_ids": [],
        "osm_id": 6432436586,
        "osm_type": "node",
        "tags": {
          "amenity": "restaurant",
          "name": "Water Garden"
        },
        "zone": "context"
      },
      "type": "Feature"
    },
    {
      "geometry": {
        "coordinates": [
          79.8649255,
          6.9138261
        ],
        "type": "Point"
      },
      "id": "node/6497632507",
      "properties": {
        "feature_type": "poi",
        "in_core": false,
        "kind": "amenity=cafe",
        "linked_way_ids": [],
        "osm_id": 6497632507,
        "osm_type": "node",
        "tags": {
          "amenity": "cafe",
          "check_date": "2024-09-04",
          "internet_access": "yes",
          "name": "koffee kulture",
          "name:en": "koffee kulture",
          "opening_hours": "Mo-Su 08:00-22:00"
        },
        "zone": "relation_completion"
      },
      "type": "Feature"
    },
    {
      "geometry": {
        "coordinates": [
          79.8713319,
          6.9320222
        ],
        "type": "Point"
      },
      "id": "node/6503499810",
      "properties": {
        "feature_type": "crossing",
        "in_core": false,
        "kind": "uncontrolled",
        "linked_way_ids": [
          313262044,
          1493405321
        ],
        "osm_id": 6503499810,
        "osm_type": "node",
        "tags": {
          "crossing": "uncontrolled",
          "crossing_ref": "zebra",
          "highway": "crossing"
        },
        "zone": "relation_completion"
      },
      "type": "Feature"
    },
    {
      "geometry": {
        "coordinates": [
          79.8655919,
          6.9401817
        ],
        "type": "Point"
      },
      "id": "node/6512132381",
      "properties": {
        "feature_type": "poi",
        "in_core": false,
        "kind": "public_transport=platform",
        "linked_way_ids": [],
        "osm_id": 6512132381,
        "osm_type": "node",
        "tags": {
          "bus": "yes",
          "highway": "bus_stop",
          "public_transport": "platform"
        },
        "zone": "relation_completion"
      },
      "type": "Feature"
    },
    {
      "geometry": {
        "coordinates": [
          79.8659411,
          6.9339546
        ],
        "type": "Point"
      },
      "id": "node/6512132382",
      "properties": {
        "feature_type": "poi",
        "in_core": false,
        "kind": "public_transport=platform",
        "linked_way_ids": [],
        "osm_id": 6512132382,
        "osm_type": "node",
        "tags": {
          "bus": "yes",
          "highway": "bus_stop",
          "public_transport": "platform"
        },
        "zone": "context"
      },
      "type": "Feature"
    },
    {
      "geometry": {
        "coordinates": [
          79.8643941,
          6.9291316
        ],
        "type": "Point"
      },
      "id": "node/6512132383",
      "properties": {
        "feature_type": "poi",
        "in_core": true,
        "kind": "public_transport=platform",
        "linked_way_ids": [],
        "osm_id": 6512132383,
        "osm_type": "node",
        "tags": {
          "bus": "yes",
          "highway": "bus_stop",
          "public_transport": "platform",
          "shelter": "yes"
        },
        "zone": "core"
      },
      "type": "Feature"
    },
    {
      "geometry": {
        "coordinates": [
          79.863279,
          6.9290053
        ],
        "type": "Point"
      },
      "id": "node/6512132384",
      "properties": {
        "feature_type": "poi",
        "in_core": true,
        "kind": "public_transport=platform",
        "linked_way_ids": [],
        "osm_id": 6512132384,
        "osm_type": "node",
        "tags": {
          "bus": "yes",
          "highway": "bus_stop",
          "public_transport": "platform"
        },
        "zone": "core"
      },
      "type": "Feature"
    },
    {
      "geometry": {
        "coordinates": [
          79.863226,
          6.9295823
        ],
        "type": "Point"
      },
      "id": "node/6534612520",
      "properties": {
        "feature_type": "poi",
        "in_core": true,
        "kind": "public_transport=platform",
        "linked_way_ids": [],
        "osm_id": 6534612520,
        "osm_type": "node",
        "tags": {
          "bench": "yes",
          "bus": "yes",
          "highway": "bus_stop",
          "public_transport": "platform",
          "shelter": "yes"
        },
        "zone": "core"
      },
      "type": "Feature"
    },
    {
      "geometry": {
        "coordinates": [
          79.8660817,
          6.9291109
        ],
        "type": "Point"
      },
      "id": "node/6541880607",
      "properties": {
        "feature_type": "poi",
        "in_core": true,
        "kind": "public_transport=stop_position",
        "linked_way_ids": [],
        "osm_id": 6541880607,
        "osm_type": "node",
        "tags": {
          "name": "Maradana",
          "public_transport": "stop_position",
          "railway": "stop",
          "ref": "9",
          "train": "yes"
        },
        "zone": "core"
      },
      "type": "Feature"
    },
    {
      "geometry": {
        "coordinates": [
          79.8661549,
          6.9289937
        ],
        "type": "Point"
      },
      "id": "node/6541880608",
      "properties": {
        "feature_type": "poi",
        "in_core": true,
        "kind": "public_transport=stop_position",
        "linked_way_ids": [],
        "osm_id": 6541880608,
        "osm_type": "node",
        "tags": {
          "name": "Maradana",
          "public_transport": "stop_position",
          "railway": "stop",
          "ref": "10",
          "train": "yes"
        },
        "zone": "core"
      },
      "type": "Feature"
    },
    {
      "geometry": {
        "coordinates": [
          79.8459992,
          6.9314515
        ],
        "type": "Point"
      },
      "id": "node/6541893443",
      "properties": {
        "feature_type": "poi",
        "in_core": false,
        "kind": "public_transport=stop_position",
        "linked_way_ids": [],
        "osm_id": 6541893443,
        "osm_type": "node",
        "tags": {
          "name": "Secretariat",
          "public_transport": "stop_position",
          "railway": "stop",
          "train": "yes"
        },
        "zone": "context"
      },
      "type": "Feature"
    },
    {
      "geometry": {
        "coordinates": [
          79.8460399,
          6.9314536
        ],
        "type": "Point"
      },
      "id": "node/6541893444",
      "properties": {
        "feature_type": "poi",
        "in_core": false,
        "kind": "public_transport=stop_position",
        "linked_way_ids": [],
        "osm_id": 6541893444,
        "osm_type": "node",
        "tags": {
          "name": "Secretariat",
          "public_transport": "stop_position",
          "railway": "stop",
          "train": "yes"
        },
        "zone": "context"
      },
      "type": "Feature"
    },
    {
      "geometry": {
        "coordinates": [
          79.8496594,
          6.9230676
        ],
        "type": "Point"
      },
      "id": "node/6541893445",
      "properties": {
        "feature_type": "poi",
        "in_core": false,
        "kind": "public_transport=stop_position",
        "linked_way_ids": [],
        "osm_id": 6541893445,
        "osm_type": "node",
        "tags": {
          "name": "Kompannavidiya",
          "note": "Station name corrected based on Sri Lanka Railways Website",
          "public_transport": "stop_position",
          "railway": "stop",
          "train": "yes"
        },
        "zone": "context"
      },
      "type": "Feature"
    },
    {
      "geometry": {
        "coordinates": [
          79.8496524,
          6.9230404
        ],
        "type": "Point"
      },
      "id": "node/6541919413",
      "properties": {
        "feature_type": "poi",
        "in_core": false,
        "kind": "public_transport=station",
        "linked_way_ids": [],
        "osm_id": 6541919413,
        "osm_type": "node",
        "tags": {
          "name": "Kompannavidiya",
          "network": "Coastal Line",
          "note": "Station name corrected based on Sri Lanka Railways Website",
          "operator": "Sri Lanka Railways",
          "public_transport": "station",
          "railway": "station",
          "train": "yes",
          "wikidata": "Q7539149",
          "wikipedia": "en:Kompannavidiya Railway Station"
        },
        "zone": "context"
      },
      "type": "Feature"
    },
    {
      "geometry": {
        "coordinates": [
          79.8567962,
          6.9196024
        ],
        "type": "Point"
      },
      "id": "node/6658651326",
      "properties": {
        "feature_type": "barrier",
        "in_core": true,
        "kind": "gate",
        "linked_way_ids": [
          708604726,
          1105981027
        ],
        "osm_id": 6658651326,
        "osm_type": "node",
        "tags": {
          "barrier": "gate",
          "vehicle": "private"
        },
        "zone": "core"
      },
      "type": "Feature"
    },
    {
      "geometry": {
        "coordinates": [
          79.8459164,
          6.9230844
        ],
        "type": "Point"
      },
      "id": "node/6717860679",
      "properties": {
        "feature_type": "barrier",
        "in_core": false,
        "kind": "gate",
        "linked_way_ids": [
          714679300,
          1250459070
        ],
        "osm_id": 6717860679,
        "osm_type": "node",
        "tags": {
          "access": "customers",
          "barrier": "gate"
        },
        "zone": "context"
      },
      "type": "Feature"
    },
    {
      "geometry": {
        "coordinates": [
          79.8482317,
          6.9170919
        ],
        "type": "Point"
      },
      "id": "node/6744982005",
      "properties": {
        "feature_type": "poi",
        "in_core": false,
        "kind": "shop=supermarket",
        "linked_way_ids": [],
        "osm_id": 6744982005,
        "osm_type": "node",
        "tags": {
          "level": "-2",
          "name": "Keells",
          "shop": "supermarket"
        },
        "zone": "relation_completion"
      },
      "type": "Feature"
    },
    {
      "geometry": {
        "coordinates": [
          79.8585304,
          6.9165227
        ],
        "type": "Point"
      },
      "id": "node/6778579126",
      "properties": {
        "feature_type": "poi",
        "in_core": false,
        "kind": "amenity=restaurant",
        "linked_way_ids": [],
        "osm_id": 6778579126,
        "osm_type": "node",
        "tags": {
          "addr:housenumber": "48D",
          "addr:street": "Park Street",
          "amenity": "restaurant",
          "cuisine": "middle_eastern",
          "name": "Chambers",
          "phone": "+94 77 210009"
        },
        "zone": "context"
      },
      "type": "Feature"
    },
    {
      "geometry": {
        "coordinates": [
          79.8581259,
          6.9267027
        ],
        "type": "Point"
      },
      "id": "node/6828330284",
      "properties": {
        "feature_type": "entrance",
        "in_core": true,
        "kind": "yes",
        "linked_way_ids": [
          1040139837
        ],
        "osm_id": 6828330284,
        "osm_type": "node",
        "tags": {
          "access": "no",
          "entrance": "yes",
          "note": "not open to the public yet"
        },
        "zone": "core"
      },
      "type": "Feature"
    },
    {
      "geometry": {
        "coordinates": [
          79.8586473,
          6.9268505
        ],
        "type": "Point"
      },
      "id": "node/6828341489",
      "properties": {
        "feature_type": "entrance",
        "in_core": true,
        "kind": "yes",
        "linked_way_ids": [
          1040139836
        ],
        "osm_id": 6828341489,
        "osm_type": "node",
        "tags": {
          "access": "no",
          "entrance": "yes",
          "note": "not open to the public yet"
        },
        "zone": "core"
      },
      "type": "Feature"
    },
    {
      "geometry": {
        "coordinates": [
          79.8699237,
          6.9151116
        ],
        "type": "Point"
      },
      "id": "node/7040315015",
      "properties": {
        "feature_type": "poi",
        "in_core": false,
        "kind": "amenity=restaurant",
        "linked_way_ids": [],
        "osm_id": 7040315015,
        "osm_type": "node",
        "tags": {
          "addr:housenumber": "65",
          "addr:street": "Rosmead Place",
          "amenity": "restaurant",
          "email": "reservations@tintagelcolombo.com",
          "name": "Tintagel Colombo",
          "opening_hours": "Mo-Su 06:30-00:00",
          "operator": "Paradise Road",
          "phone": "+94 11 4602060;+94 11 4602122",
          "website": "http://www.paradiseroad.lk/restaurants/paradise-road-tintagel-courtyard-dining-room/"
        },
        "zone": "relation_completion"
      },
      "type": "Feature"
    },
    {
      "geometry": {
        "coordinates": [
          79.8687619,
          6.9162794
        ],
        "type": "Point"
      },
      "id": "node/7040321538",
      "properties": {
        "feature_type": "poi",
        "in_core": false,
        "kind": "amenity=restaurant",
        "linked_way_ids": [],
        "osm_id": 7040321538,
        "osm_type": "node",
        "tags": {
          "amenity": "restaurant",
          "check_date": "2025-01-05",
          "name": "Blackout"
        },
        "zone": "relation_completion"
      },
      "type": "Feature"
    },
    {
      "geometry": {
        "coordinates": [
          79.8695287,
          6.9154084
        ],
        "type": "Point"
      },
      "id": "node/7040333051",
      "properties": {
        "feature_type": "poi",
        "in_core": false,
        "kind": "amenity=cafe",
        "linked_way_ids": [],
        "osm_id": 7040333051,
        "osm_type": "node",
        "tags": {
          "addr:city": "Colombo 7",
          "addr:housenumber": "11",
          "addr:street": "Wijerama Mawatha",
          "alt_name": "Tacocat",
          "amenity": "cafe",
          "name": "Black Cat",
          "opening_hours": "Mo-Su 08:00-21:00",
          "phone": "+94 11 2675111",
          "website": "https://www.blackcatcolombo.com/"
        },
        "zone": "relation_completion"
      },
      "type": "Feature"
    },
    {
      "geometry": {
        "coordinates": [
          79.8622853,
          6.9163481
        ],
        "type": "Point"
      },
      "id": "node/7040336360",
      "properties": {
        "feature_type": "poi",
        "in_core": false,
        "kind": "amenity=cafe",
        "linked_way_ids": [],
        "osm_id": 7040336360,
        "osm_type": "node",
        "tags": {
          "amenity": "cafe",
          "level": "1",
          "name": "Paradise Road Café"
        },
        "zone": "context"
      },
      "type": "Feature"
    },
    {
      "geometry": {
        "coordinates": [
          79.8497672,
          6.9174605
        ],
        "type": "Point"
      },
      "id": "node/7058284586",
      "properties": {
        "feature_type": "poi",
        "in_core": false,
        "kind": "amenity=restaurant",
        "linked_way_ids": [],
        "osm_id": 7058284586,
        "osm_type": "node",
        "tags": {
          "amenity": "restaurant",
          "name:en": "Nuga Gama"
        },
        "zone": "context"
      },
      "type": "Feature"
    },
    {
      "geometry": {
        "coordinates": [
          79.8449221,
          6.9282909
        ],
        "type": "Point"
      },
      "id": "node/7060605286",
      "properties": {
        "feature_type": "poi",
        "in_core": false,
        "kind": "amenity=fast_food",
        "linked_way_ids": [],
        "osm_id": 7060605286,
        "osm_type": "node",
        "tags": {
          "amenity": "fast_food",
          "brand": "McDonald's",
          "brand:en": "McDonald's",
          "brand:ru": "МакДоналдс",
          "brand:uk": "МакДональдз",
          "brand:wikidata": "Q38076",
          "cuisine": "burger",
          "diet:fish": "yes",
          "diet:meat": "yes",
          "diet:vegetarian": "yes",
          "drive_through": "no",
          "highchair": "yes",
          "level": "4",
          "name": "McDonald's",
          "name:en": "McDonald's",
          "name:ru": "МакДоналдс",
          "name:uk": "МакДональдз",
          "takeaway": "yes"
        },
        "zone": "context"
      },
      "type": "Feature"
    },
    {
      "geometry": {
        "coordinates": [
          79.8460599,
          6.9260083
        ],
        "type": "Point"
      },
      "id": "node/7153713986",
      "properties": {
        "feature_type": "crossing",
        "in_core": false,
        "kind": "marked",
        "linked_way_ids": [
          765950943
        ],
        "osm_id": 7153713986,
        "osm_type": "node",
        "tags": {
          "crossing": "marked",
          "highway": "crossing"
        },
        "zone": "context"
      },
      "type": "Feature"
    },
    {
      "geometry": {
        "coordinates": [
          79.8460449,
          6.9284782
        ],
        "type": "Point"
      },
      "id": "node/7293348114",
      "properties": {
        "feature_type": "crossing",
        "in_core": false,
        "kind": "marked",
        "linked_way_ids": [
          781141982
        ],
        "osm_id": 7293348114,
        "osm_type": "node",
        "tags": {
          "crossing": "marked",
          "crossing:markings": "yes",
          "highway": "crossing"
        },
        "zone": "context"
      },
      "type": "Feature"
    },
    {
      "geometry": {
        "coordinates": [
          79.845427,
          6.9282947
        ],
        "type": "Point"
      },
      "id": "node/7293348115",
      "properties": {
        "feature_type": "barrier",
        "in_core": false,
        "kind": "lift_gate",
        "linked_way_ids": [
          781141982
        ],
        "osm_id": 7293348115,
        "osm_type": "node",
        "tags": {
          "barrier": "lift_gate",
          "bicycle": "yes",
          "horse": "no",
          "motor_vehicle": "yes"
        },
        "zone": "context"
      },
      "type": "Feature"
    },
    {
      "geometry": {
        "coordinates": [
          79.8458467,
          6.9265354
        ],
        "type": "Point"
      },
      "id": "node/7293348120",
      "properties": {
        "feature_type": "barrier",
        "in_core": false,
        "kind": "gate",
        "linked_way_ids": [
          839411967
        ],
        "osm_id": 7293348120,
        "osm_type": "node",
        "tags": {
          "access": "yes",
          "barrier": "gate"
        },
        "zone": "context"
      },
      "type": "Feature"
    },
    {
      "geometry": {
        "coordinates": [
          79.8592987,
          6.9147348
        ],
        "type": "Point"
      },
      "id": "node/7551800647",
      "properties": {
        "feature_type": "poi",
        "in_core": false,
        "kind": "amenity=fast_food",
        "linked_way_ids": [],
        "osm_id": 7551800647,
        "osm_type": "node",
        "tags": {
          "amenity": "fast_food",
          "name": "Rancrisp Cashews"
        },
        "zone": "context"
      },
      "type": "Feature"
    },
    {
      "geometry": {
        "coordinates": [
          79.8592798,
          6.9147603
        ],
        "type": "Point"
      },
      "id": "node/7551817386",
      "properties": {
        "feature_type": "poi",
        "in_core": false,
        "kind": "amenity=cafe",
        "linked_way_ids": [],
        "osm_id": 7551817386,
        "osm_type": "node",
        "tags": {
          "amenity": "cafe",
          "name": "Simply Strawberries"
        },
        "zone": "context"
      },
      "type": "Feature"
    },
    {
      "geometry": {
        "coordinates": [
          79.8702951,
          6.9146946
        ],
        "type": "Point"
      },
      "id": "node/7770005655",
      "properties": {
        "feature_type": "poi",
        "in_core": false,
        "kind": "amenity=restaurant",
        "linked_way_ids": [],
        "osm_id": 7770005655,
        "osm_type": "node",
        "tags": {
          "addr:city": "Colombo 7",
          "addr:housenumber": "71",
          "addr:street": "Rosmead Place",
          "amenity": "restaurant",
          "name": "Pho Vietnam",
          "opening_hours": "Tu-Su 11:00-21:00",
          "phone": "+94 11 7386565"
        },
        "zone": "relation_completion"
      },
      "type": "Feature"
    },
    {
      "geometry": {
        "coordinates": [
          79.8667746,
          6.9157238
        ],
        "type": "Point"
      },
      "id": "node/7796392921",
      "properties": {
        "feature_type": "poi",
        "in_core": false,
        "kind": "shop=supermarket",
        "linked_way_ids": [],
        "osm_id": 7796392921,
        "osm_type": "node",
        "tags": {
          "name": "Kenko 1st",
          "organic": "only",
          "shop": "supermarket"
        },
        "zone": "relation_completion"
      },
      "type": "Feature"
    },
    {
      "geometry": {
        "coordinates": [
          79.8452461,
          6.9282133
        ],
        "type": "Point"
      },
      "id": "node/7833128710",
      "properties": {
        "feature_type": "entrance",
        "in_core": false,
        "kind": "yes",
        "linked_way_ids": [
          839559333
        ],
        "osm_id": 7833128710,
        "osm_type": "node",
        "tags": {
          "entrance": "yes",
          "foot": "no",
          "motor_vehicle": "yes",
          "name": "Parking Entrance"
        },
        "zone": "context"
      },
      "type": "Feature"
    },
    {
      "geometry": {
        "coordinates": [
          79.845477,
          6.9277659
        ],
        "type": "Point"
      },
      "id": "node/7833128712",
      "properties": {
        "feature_type": "crossing",
        "in_core": false,
        "kind": "marked",
        "linked_way_ids": [
          839411967
        ],
        "osm_id": 7833128712,
        "osm_type": "node",
        "tags": {
          "crossing": "marked",
          "crossing:markings": "yes",
          "highway": "crossing"
        },
        "zone": "context"
      },
      "type": "Feature"
    },
    {
      "geometry": {
        "coordinates": [
          79.845298,
          6.9280608
        ],
        "type": "Point"
      },
      "id": "node/7834307788",
      "properties": {
        "feature_type": "entrance",
        "in_core": false,
        "kind": "exit",
        "linked_way_ids": [
          839559331
        ],
        "osm_id": 7834307788,
        "osm_type": "node",
        "tags": {
          "entrance": "exit",
          "foot": "no",
          "motor_vehicle": "yes",
          "name": "Parking Exit"
        },
        "zone": "context"
      },
      "type": "Feature"
    },
    {
      "geometry": {
        "coordinates": [
          79.8453174,
          6.9283425
        ],
        "type": "Point"
      },
      "id": "node/7834307798",
      "properties": {
        "feature_type": "barrier",
        "in_core": false,
        "kind": "gate",
        "linked_way_ids": [
          839559334
        ],
        "osm_id": 7834307798,
        "osm_type": "node",
        "tags": {
          "access": "delivery",
          "barrier": "gate"
        },
        "zone": "context"
      },
      "type": "Feature"
    },
    {
      "geometry": {
        "coordinates": [
          79.8454302,
          6.9272203
        ],
        "type": "Point"
      },
      "id": "node/7834307799",
      "properties": {
        "feature_type": "entrance",
        "in_core": false,
        "kind": "yes",
        "linked_way_ids": [],
        "osm_id": 7834307799,
        "osm_type": "node",
        "tags": {
          "entrance": "yes"
        },
        "zone": "context"
      },
      "type": "Feature"
    },
    {
      "geometry": {
        "coordinates": [
          79.8535362,
          6.9202245
        ],
        "type": "Point"
      },
      "id": "node/8307765317",
      "properties": {
        "feature_type": "poi",
        "in_core": true,
        "kind": "amenity=hospital",
        "linked_way_ids": [],
        "osm_id": 8307765317,
        "osm_type": "node",
        "tags": {
          "amenity": "hospital",
          "check_date": "2022-11-13",
          "emergency": "yes",
          "healthcare": "hospital",
          "name": "Nawaloka specialist centre",
          "opening_hours": "24/7",
          "operator:type": "private",
          "wheelchair": "yes"
        },
        "zone": "core"
      },
      "type": "Feature"
    },
    {
      "geometry": {
        "coordinates": [
          79.8451236,
          6.931527
        ],
        "type": "Point"
      },
      "id": "node/8557912076",
      "properties": {
        "feature_type": "poi",
        "in_core": false,
        "kind": "public_transport=platform",
        "linked_way_ids": [
          10590157
        ],
        "osm_id": 8557912076,
        "osm_type": "node",
        "tags": {
          "bus": "yes",
          "highway": "bus_stop",
          "name": "Galadari Hotel halt",
          "public_transport": "platform",
          "ref": "271",
          "shelter": "yes"
        },
        "zone": "relation_completion"
      },
      "type": "Feature"
    },
    {
      "geometry": {
        "coordinates": [
          79.8462335,
          6.9216076
        ],
        "type": "Point"
      },
      "id": "node/8557927573",
      "properties": {
        "feature_type": "poi",
        "in_core": false,
        "kind": "public_transport=platform",
        "linked_way_ids": [
          18598833
        ],
        "osm_id": 8557927573,
        "osm_type": "node",
        "tags": {
          "bench": "yes",
          "bus": "yes",
          "highway": "bus_stop",
          "name": "Galle face halt 1",
          "public_transport": "platform",
          "ref": "268",
          "shelter": "yes"
        },
        "zone": "context"
      },
      "type": "Feature"
    },
    {
      "geometry": {
        "coordinates": [
          79.8447457,
          6.9255892
        ],
        "type": "Point"
      },
      "id": "node/8557927574",
      "properties": {
        "feature_type": "poi",
        "in_core": false,
        "kind": "public_transport=platform",
        "linked_way_ids": [
          18598833
        ],
        "osm_id": 8557927574,
        "osm_type": "node",
        "tags": {
          "bench": "yes",
          "bin": "no",
          "bus": "yes",
          "highway": "bus_stop",
          "lit": "yes",
          "name": "Galle Face Halt 2",
          "name:zh": "加勒菲斯2号站",
          "public_transport": "platform",
          "ref": "269",
          "shelter": "yes"
        },
        "zone": "relation_completion"
      },
      "type": "Feature"
    },
    {
      "geometry": {
        "coordinates": [
          79.8477979,
          6.9170186
        ],
        "type": "Point"
      },
      "id": "node/8557935130",
      "properties": {
        "feature_type": "poi",
        "in_core": false,
        "kind": "public_transport=platform",
        "linked_way_ids": [
          455043201
        ],
        "osm_id": 8557935130,
        "osm_type": "node",
        "tags": {
          "bus": "yes",
          "check_date:shelter": "2025-11-05",
          "highway": "bus_stop",
          "name": "Kollupitiya Crescat halt",
          "public_transport": "platform",
          "ref": "267",
          "shelter": "yes"
        },
        "zone": "relation_completion"
      },
      "type": "Feature"
    },
    {
      "geometry": {
        "coordinates": [
          79.8477299,
          6.9174392
        ],
        "type": "Point"
      },
      "id": "node/8572366312",
      "properties": {
        "feature_type": "poi",
        "in_core": false,
        "kind": "public_transport=platform",
        "linked_way_ids": [
          455043247
        ],
        "osm_id": 8572366312,
        "osm_type": "node",
        "tags": {
          "bench": "no",
          "bus": "yes",
          "highway": "bus_stop",
          "name": "Kollupitiya Crescat halt",
          "public_transport": "platform",
          "ref": "290",
          "shelter": "yes"
        },
        "zone": "relation_completion"
      },
      "type": "Feature"
    },
    {
      "geometry": {
        "coordinates": [
          79.8427211,
          6.9296444
        ],
        "type": "Point"
      },
      "id": "node/8572386982",
      "properties": {
        "feature_type": "poi",
        "in_core": false,
        "kind": "public_transport=platform",
        "linked_way_ids": [
          553338379
        ],
        "osm_id": 8572386982,
        "osm_type": "node",
        "tags": {
          "bench": "yes",
          "bin": "yes",
          "bus": "yes",
          "highway": "bus_stop",
          "lit": "yes",
          "name": "President's Office Halt",
          "name:zh": "总统府站",
          "public_transport": "platform",
          "ref": "288",
          "shelter": "no"
        },
        "zone": "relation_completion"
      },
      "type": "Feature"
    },
    {
      "geometry": {
        "coordinates": [
          79.8468512,
          6.9200288
        ],
        "type": "Point"
      },
      "id": "node/8572391911",
      "properties": {
        "feature_type": "poi",
        "in_core": false,
        "kind": "public_transport=platform",
        "linked_way_ids": [
          13858419
        ],
        "osm_id": 8572391911,
        "osm_type": "node",
        "tags": {
          "bench": "no",
          "bus": "yes",
          "highway": "bus_stop",
          "name": "Galle face halt 1",
          "public_transport": "platform",
          "ref": "289",
          "shelter": "yes"
        },
        "zone": "context"
      },
      "type": "Feature"
    },
    {
      "geometry": {
        "coordinates": [
          79.8490755,
          6.9133187
        ],
        "type": "Point"
      },
      "id": "node/8572403327",
      "properties": {
        "feature_type": "poi",
        "in_core": false,
        "kind": "public_transport=platform",
        "linked_way_ids": [
          455043419
        ],
        "osm_id": 8572403327,
        "osm_type": "node",
        "tags": {
          "bus": "yes",
          "highway": "bus_stop",
          "public_transport": "platform",
          "shelter": "no"
        },
        "zone": "relation_completion"
      },
      "type": "Feature"
    },
    {
      "geometry": {
        "coordinates": [
          79.8666967,
          6.920247
        ],
        "type": "Point"
      },
      "id": "node/8583609639",
      "properties": {
        "feature_type": "poi",
        "in_core": false,
        "kind": "amenity=cafe",
        "linked_way_ids": [],
        "osm_id": 8583609639,
        "osm_type": "node",
        "tags": {
          "addr:city": "Colombo 10",
          "addr:street": "De Saram Place",
          "amenity": "cafe",
          "name": "P&S"
        },
        "zone": "context"
      },
      "type": "Feature"
    },
    {
      "geometry": {
        "coordinates": [
          79.8453837,
          6.9253013
        ],
        "type": "Point"
      },
      "id": "node/8588656122",
      "properties": {
        "feature_type": "poi",
        "in_core": false,
        "kind": "tourism=hotel",
        "linked_way_ids": [],
        "osm_id": 8588656122,
        "osm_type": "node",
        "tags": {
          "addr:city": "Colombo",
          "addr:housenumber": "21",
          "addr:street": "Galle Road",
          "air_conditioning": "yes",
          "bar": "yes",
          "check_date": "2025-01-15",
          "internet_access": "wlan",
          "internet_access:fee": "customers",
          "name": "ITC Ratnadipa Colombo",
          "payment:cash": "yes",
          "payment:credit_cards": "yes",
          "payment:debit_cards": "yes",
          "reservation": "yes",
          "stars": "5",
          "tourism": "hotel",
          "wheelchair": "yes",
          "wikidata": "Q124632531",
          "wikipedia": "en:ITC Ratnadipa"
        },
        "zone": "context"
      },
      "type": "Feature"
    },
    {
      "geometry": {
        "coordinates": [
          79.8490506,
          6.9252122
        ],
        "type": "Point"
      },
      "id": "node/8593851353",
      "properties": {
        "feature_type": "poi",
        "in_core": false,
        "kind": "amenity=restaurant",
        "linked_way_ids": [],
        "osm_id": 8593851353,
        "osm_type": "node",
        "tags": {
          "addr:city": "Colombo",
          "addr:street": "Glenie Street",
          "amenity": "restaurant",
          "name": "Cinnamon life"
        },
        "zone": "context"
      },
      "type": "Feature"
    },
    {
      "geometry": {
        "coordinates": [
          79.8522367,
          6.9240552
        ],
        "type": "Point"
      },
      "id": "node/8606666243",
      "properties": {
        "feature_type": "poi",
        "in_core": true,
        "kind": "amenity=cafe",
        "linked_way_ids": [],
        "osm_id": 8606666243,
        "osm_type": "node",
        "tags": {
          "addr:city": "Colombo02",
          "addr:street": "Kumaran Ratnam Mawatha",
          "amenity": "cafe",
          "name": "Hotel Nippon"
        },
        "zone": "core"
      },
      "type": "Feature"
    },
    {
      "geometry": {
        "coordinates": [
          79.8585505,
          6.9181748
        ],
        "type": "Point"
      },
      "id": "node/8610148577",
      "properties": {
        "feature_type": "poi",
        "in_core": true,
        "kind": "amenity=restaurant",
        "linked_way_ids": [],
        "osm_id": 8610148577,
        "osm_type": "node",
        "tags": {
          "addr:city": "Colombo 2",
          "addr:street": "Braybrooke Place",
          "air_conditioning": "yes",
          "amenity": "restaurant",
          "brand": "PappaRich",
          "brand:wikidata": "Q95721282",
          "cuisine": "malaysian",
          "indoor_seating": "yes",
          "name": "PappaRich",
          "opening_hours": "PH,Mo-Su 11:00-22:00",
          "outdoor_seating": "no",
          "smoking": "no"
        },
        "zone": "core"
      },
      "type": "Feature"
    },
    {
      "geometry": {
        "coordinates": [
          79.8599517,
          6.9156356
        ],
        "type": "Point"
      },
      "id": "node/8610148580",
      "properties": {
        "feature_type": "poi",
        "in_core": false,
        "kind": "amenity=restaurant",
        "linked_way_ids": [],
        "osm_id": 8610148580,
        "osm_type": "node",
        "tags": {
          "addr:city": "Colombo 2",
          "addr:street": "Park Street",
          "amenity": "restaurant",
          "name": "Irish Bar & Grill"
        },
        "zone": "context"
      },
      "type": "Feature"
    },
    {
      "geometry": {
        "coordinates": [
          79.8600932,
          6.9194574
        ],
        "type": "Point"
      },
      "id": "node/8610608498",
      "properties": {
        "feature_type": "poi",
        "in_core": true,
        "kind": "amenity=restaurant",
        "linked_way_ids": [],
        "osm_id": 8610608498,
        "osm_type": "node",
        "tags": {
          "addr:city": "Colombo 2",
          "addr:street": "Union Place",
          "amenity": "restaurant",
          "name": "YWCA International Guest House"
        },
        "zone": "core"
      },
      "type": "Feature"
    },
    {
      "geometry": {
        "coordinates": [
          79.8598185,
          6.9202477
        ],
        "type": "Point"
      },
      "id": "node/8610608501",
      "properties": {
        "feature_type": "poi",
        "in_core": true,
        "kind": "amenity=restaurant",
        "linked_way_ids": [],
        "osm_id": 8610608501,
        "osm_type": "node",
        "tags": {
          "addr:city": "Colombo 2",
          "addr:street": "Vauxhall Street",
          "amenity": "restaurant",
          "name": "Walauwa Leisure Ceylon"
        },
        "zone": "core"
      },
      "type": "Feature"
    },
    {
      "geometry": {
        "coordinates": [
          79.8649163,
          6.9139566
        ],
        "type": "Point"
      },
      "id": "node/8644068349",
      "properties": {
        "feature_type": "poi",
        "in_core": false,
        "kind": "amenity=restaurant",
        "linked_way_ids": [],
        "osm_id": 8644068349,
        "osm_type": "node",
        "tags": {
          "amenity": "restaurant",
          "cuisine": "chinese",
          "name": "668"
        },
        "zone": "relation_completion"
      },
      "type": "Feature"
    },
    {
      "geometry": {
        "coordinates": [
          79.8666292,
          6.9156898
        ],
        "type": "Point"
      },
      "id": "node/8763572776",
      "properties": {
        "feature_type": "poi",
        "in_core": false,
        "kind": "amenity=fast_food",
        "linked_way_ids": [],
        "osm_id": 8763572776,
        "osm_type": "node",
        "tags": {
          "addr:housenumber": "27/5",
          "addr:street": "Rosmead Place",
          "amenity": "fast_food",
          "cuisine": "chinese",
          "delivery": "yes",
          "name": "Char Siu",
          "opening_hours": "Mo-Sa 10:00-22:00",
          "phone": "+94 11 4504664",
          "takeaway": "yes"
        },
        "zone": "relation_completion"
      },
      "type": "Feature"
    },
    {
      "geometry": {
        "coordinates": [
          79.8667955,
          6.9155255
        ],
        "type": "Point"
      },
      "id": "node/8763590454",
      "properties": {
        "feature_type": "poi",
        "in_core": false,
        "kind": "tourism=hotel",
        "linked_way_ids": [],
        "osm_id": 8763590454,
        "osm_type": "node",
        "tags": {
          "addr:street": "Rosmead Place",
          "name": "Rosmead Place Boutique Hotel",
          "phone": "+94 70 3789789",
          "tourism": "hotel",
          "website": "https://rosmeadplacecolombo7.com/"
        },
        "zone": "relation_completion"
      },
      "type": "Feature"
    },
    {
      "geometry": {
        "coordinates": [
          79.8699018,
          6.9145165
        ],
        "type": "Point"
      },
      "id": "node/8962804927",
      "properties": {
        "feature_type": "poi",
        "in_core": false,
        "kind": "shop=convenience",
        "linked_way_ids": [],
        "osm_id": 8962804927,
        "osm_type": "node",
        "tags": {
          "name": "24 Seven",
          "opening_hours": "24/7",
          "phone": "+94 75 9365247",
          "shop": "convenience",
          "website": "https://www.247store.lk/"
        },
        "zone": "relation_completion"
      },
      "type": "Feature"
    },
    {
      "geometry": {
        "coordinates": [
          79.8713623,
          6.9319493
        ],
        "type": "Point"
      },
      "id": "node/9075697865",
      "properties": {
        "feature_type": "crossing",
        "in_core": false,
        "kind": "uncontrolled",
        "linked_way_ids": [
          981152289,
          1493405321
        ],
        "osm_id": 9075697865,
        "osm_type": "node",
        "tags": {
          "crossing": "uncontrolled",
          "crossing_ref": "zebra",
          "highway": "crossing"
        },
        "zone": "relation_completion"
      },
      "type": "Feature"
    },
    {
      "geometry": {
        "coordinates": [
          79.8515969,
          6.9381005
        ],
        "type": "Point"
      },
      "id": "node/9442555918",
      "properties": {
        "feature_type": "poi",
        "in_core": false,
        "kind": "amenity=pharmacy",
        "linked_way_ids": [],
        "osm_id": 9442555918,
        "osm_type": "node",
        "tags": {
          "amenity": "pharmacy",
          "healthcare": "pharmacy",
          "name": "supplement factory"
        },
        "zone": "context"
      },
      "type": "Feature"
    },
    {
      "geometry": {
        "coordinates": [
          79.8717063,
          6.9345331
        ],
        "type": "Point"
      },
      "id": "node/9468456340",
      "properties": {
        "feature_type": "crossing",
        "in_core": false,
        "kind": "crossing",
        "linked_way_ids": [
          48803639
        ],
        "osm_id": 9468456340,
        "osm_type": "node",
        "tags": {
          "highway": "crossing"
        },
        "zone": "relation_completion"
      },
      "type": "Feature"
    },
    {
      "geometry": {
        "coordinates": [
          79.8468876,
          6.9268957
        ],
        "type": "Point"
      },
      "id": "node/9470492315",
      "properties": {
        "feature_type": "crossing",
        "in_core": false,
        "kind": "marked",
        "linked_way_ids": [
          749015601
        ],
        "osm_id": 9470492315,
        "osm_type": "node",
        "tags": {
          "crossing": "marked",
          "crossing:markings": "lines",
          "highway": "crossing"
        },
        "zone": "context"
      },
      "type": "Feature"
    },
    {
      "geometry": {
        "coordinates": [
          79.855834,
          6.9336647
        ],
        "type": "Point"
      },
      "id": "node/9491488917",
      "properties": {
        "feature_type": "poi",
        "in_core": true,
        "kind": "public_transport=platform",
        "linked_way_ids": [],
        "osm_id": 9491488917,
        "osm_type": "node",
        "tags": {
          "bus": "yes",
          "highway": "bus_stop",
          "name:en": "Airport Express Bus 187 (To Aweriwatta Bus Station)",
          "public_transport": "platform"
        },
        "zone": "core"
      },
      "type": "Feature"
    },
    {
      "geometry": {
        "coordinates": [
          79.8645488,
          6.9137432
        ],
        "type": "Point"
      },
      "id": "node/9502361632",
      "properties": {
        "feature_type": "crossing",
        "in_core": false,
        "kind": "crossing",
        "linked_way_ids": [
          1030779487,
          1030881167
        ],
        "osm_id": 9502361632,
        "osm_type": "node",
        "tags": {
          "highway": "crossing"
        },
        "zone": "relation_completion"
      },
      "type": "Feature"
    },
    {
      "geometry": {
        "coordinates": [
          79.8537941,
          6.9353114
        ],
        "type": "Point"
      },
      "id": "node/9533731417",
      "properties": {
        "feature_type": "poi",
        "in_core": false,
        "kind": "amenity=restaurant",
        "linked_way_ids": [],
        "osm_id": 9533731417,
        "osm_type": "node",
        "tags": {
          "amenity": "restaurant"
        },
        "zone": "context"
      },
      "type": "Feature"
    },
    {
      "geometry": {
        "coordinates": [
          79.8582898,
          6.9269446
        ],
        "type": "Point"
      },
      "id": "node/9556118473",
      "properties": {
        "feature_type": "entrance",
        "in_core": true,
        "kind": "yes",
        "linked_way_ids": [],
        "osm_id": 9556118473,
        "osm_type": "node",
        "tags": {
          "door": "hinged",
          "entrance": "yes"
        },
        "zone": "core"
      },
      "type": "Feature"
    },
    {
      "geometry": {
        "coordinates": [
          79.8584503,
          6.9270589
        ],
        "type": "Point"
      },
      "id": "node/9577176986",
      "properties": {
        "feature_type": "entrance",
        "in_core": true,
        "kind": "yes",
        "linked_way_ids": [],
        "osm_id": 9577176986,
        "osm_type": "node",
        "tags": {
          "access": "no",
          "door": "hinged",
          "entrance": "yes"
        },
        "zone": "core"
      },
      "type": "Feature"
    },
    {
      "geometry": {
        "coordinates": [
          79.8583846,
          6.9268988
        ],
        "type": "Point"
      },
      "id": "node/9577176987",
      "properties": {
        "feature_type": "entrance",
        "in_core": true,
        "kind": "yes",
        "linked_way_ids": [],
        "osm_id": 9577176987,
        "osm_type": "node",
        "tags": {
          "access": "no",
          "door": "hinged",
          "entrance": "yes"
        },
        "zone": "core"
      },
      "type": "Feature"
    },
    {
      "geometry": {
        "coordinates": [
          79.8581885,
          6.9269545
        ],
        "type": "Point"
      },
      "id": "node/9577176988",
      "properties": {
        "feature_type": "entrance",
        "in_core": true,
        "kind": "yes",
        "linked_way_ids": [],
        "osm_id": 9577176988,
        "osm_type": "node",
        "tags": {
          "access": "no",
          "door": "hinged",
          "entrance": "yes"
        },
        "zone": "core"
      },
      "type": "Feature"
    },
    {
      "geometry": {
        "coordinates": [
          79.8646344,
          6.9138367
        ],
        "type": "Point"
      },
      "id": "node/9733709919",
      "properties": {
        "feature_type": "crossing",
        "in_core": false,
        "kind": "marked",
        "linked_way_ids": [
          386049465,
          1089605519
        ],
        "osm_id": 9733709919,
        "osm_type": "node",
        "tags": {
          "crossing": "marked",
          "crossing:markings": "yes",
          "highway": "crossing"
        },
        "zone": "relation_completion"
      },
      "type": "Feature"
    },
    {
      "geometry": {
        "coordinates": [
          79.8647231,
          6.9138367
        ],
        "type": "Point"
      },
      "id": "node/9733709920",
      "properties": {
        "feature_type": "crossing",
        "in_core": false,
        "kind": "marked",
        "linked_way_ids": [
          359934145,
          1089605519
        ],
        "osm_id": 9733709920,
        "osm_type": "node",
        "tags": {
          "crossing": "marked",
          "crossing:markings": "yes",
          "highway": "crossing"
        },
        "zone": "relation_completion"
      },
      "type": "Feature"
    },
    {
      "geometry": {
        "coordinates": [
          79.8648259,
          6.9138365
        ],
        "type": "Point"
      },
      "id": "node/9733709921",
      "properties": {
        "feature_type": "crossing",
        "in_core": false,
        "kind": "marked",
        "linked_way_ids": [
          119971341,
          1089605519
        ],
        "osm_id": 9733709921,
        "osm_type": "node",
        "tags": {
          "crossing": "marked",
          "crossing:markings": "yes",
          "highway": "crossing"
        },
        "zone": "relation_completion"
      },
      "type": "Feature"
    },
    {
      "geometry": {
        "coordinates": [
          79.8639136,
          6.9170399
        ],
        "type": "Point"
      },
      "id": "node/9734329668",
      "properties": {
        "feature_type": "crossing",
        "in_core": false,
        "kind": "marked",
        "linked_way_ids": [
          52145793,
          1089605524
        ],
        "osm_id": 9734329668,
        "osm_type": "node",
        "tags": {
          "crossing": "marked",
          "crossing:markings": "yes",
          "highway": "crossing"
        },
        "zone": "context"
      },
      "type": "Feature"
    },
    {
      "geometry": {
        "coordinates": [
          79.8638768,
          6.9170685
        ],
        "type": "Point"
      },
      "id": "node/9734329669",
      "properties": {
        "feature_type": "crossing",
        "in_core": false,
        "kind": "marked",
        "linked_way_ids": [
          1089605524,
          1113383569
        ],
        "osm_id": 9734329669,
        "osm_type": "node",
        "tags": {
          "crossing": "marked",
          "crossing:markings": "yes",
          "highway": "crossing"
        },
        "zone": "context"
      },
      "type": "Feature"
    },
    {
      "geometry": {
        "coordinates": [
          79.8637687,
          6.9171494
        ],
        "type": "Point"
      },
      "id": "node/9734329670",
      "properties": {
        "feature_type": "crossing",
        "in_core": false,
        "kind": "marked",
        "linked_way_ids": [
          359945312,
          1089605524
        ],
        "osm_id": 9734329670,
        "osm_type": "node",
        "tags": {
          "crossing": "marked",
          "crossing:markings": "yes",
          "highway": "crossing"
        },
        "zone": "context"
      },
      "type": "Feature"
    },
    {
      "geometry": {
        "coordinates": [
          79.85063,
          6.9240686
        ],
        "type": "Point"
      },
      "id": "node/9743673143",
      "properties": {
        "feature_type": "crossing",
        "in_core": true,
        "kind": "marked",
        "linked_way_ids": [
          50061749
        ],
        "osm_id": 9743673143,
        "osm_type": "node",
        "tags": {
          "crossing": "marked",
          "crossing:markings": "yes",
          "highway": "crossing"
        },
        "zone": "core"
      },
      "type": "Feature"
    },
    {
      "geometry": {
        "coordinates": [
          79.8509265,
          6.9237505
        ],
        "type": "Point"
      },
      "id": "node/9743673144",
      "properties": {
        "feature_type": "crossing",
        "in_core": true,
        "kind": "marked",
        "linked_way_ids": [
          13859250,
          1492541635
        ],
        "osm_id": 9743673144,
        "osm_type": "node",
        "tags": {
          "crossing": "marked",
          "crossing:markings": "yes",
          "highway": "crossing"
        },
        "zone": "core"
      },
      "type": "Feature"
    },
    {
      "geometry": {
        "coordinates": [
          79.8559877,
          6.9330051
        ],
        "type": "Point"
      },
      "id": "node/9837853788",
      "properties": {
        "feature_type": "crossing",
        "in_core": true,
        "kind": "marked",
        "linked_way_ids": [
          10548292,
          1492825762
        ],
        "osm_id": 9837853788,
        "osm_type": "node",
        "tags": {
          "crossing": "marked",
          "crossing:markings": "yes",
          "highway": "crossing",
          "kerb": "raised"
        },
        "zone": "core"
      },
      "type": "Feature"
    },
    {
      "geometry": {
        "coordinates": [
          79.8651155,
          6.9168134
        ],
        "type": "Point"
      },
      "id": "node/9865566117",
      "properties": {
        "feature_type": "poi",
        "in_core": false,
        "kind": "shop=department_store",
        "linked_way_ids": [],
        "osm_id": 9865566117,
        "osm_type": "node",
        "tags": {
          "name:en": "Odel",
          "shop": "department_store"
        },
        "zone": "context"
      },
      "type": "Feature"
    },
    {
      "geometry": {
        "coordinates": [
          79.8466756,
          6.9211005
        ],
        "type": "Point"
      },
      "id": "node/9876529501",
      "properties": {
        "feature_type": "crossing",
        "in_core": false,
        "kind": "traffic_signals",
        "linked_way_ids": [
          18598828
        ],
        "osm_id": 9876529501,
        "osm_type": "node",
        "tags": {
          "crossing": "traffic_signals",
          "crossing:island": "yes",
          "crossing:markings": "lines",
          "highway": "crossing",
          "kerb": "flush"
        },
        "zone": "context"
      },
      "type": "Feature"
    },
    {
      "geometry": {
        "coordinates": [
          79.8463991,
          6.9213709
        ],
        "type": "Point"
      },
      "id": "node/9876529502",
      "properties": {
        "feature_type": "crossing",
        "in_core": false,
        "kind": "traffic_signals",
        "linked_way_ids": [
          553338379,
          1084327023
        ],
        "osm_id": 9876529502,
        "osm_type": "node",
        "tags": {
          "crossing": "traffic_signals",
          "crossing:markings": "lines",
          "highway": "crossing"
        },
        "zone": "context"
      },
      "type": "Feature"
    },
    {
      "geometry": {
        "coordinates": [
          79.8463243,
          6.9213435
        ],
        "type": "Point"
      },
      "id": "node/9876529503",
      "properties": {
        "feature_type": "crossing",
        "in_core": false,
        "kind": "traffic_signals",
        "linked_way_ids": [
          18598833,
          1084327023,
          1489623833
        ],
        "osm_id": 9876529503,
        "osm_type": "node",
        "tags": {
          "crossing": "traffic_signals",
          "crossing:markings": "lines",
          "highway": "crossing"
        },
        "zone": "context"
      },
      "type": "Feature"
    },
    {
      "geometry": {
        "coordinates": [
          79.84655,
          6.920728
        ],
        "type": "Point"
      },
      "id": "node/9876529504",
      "properties": {
        "feature_type": "crossing",
        "in_core": false,
        "kind": "traffic_signals",
        "linked_way_ids": [
          98371187,
          1084327024
        ],
        "osm_id": 9876529504,
        "osm_type": "node",
        "tags": {
          "crossing": "traffic_signals",
          "crossing:markings": "lines",
          "highway": "crossing"
        },
        "zone": "context"
      },
      "type": "Feature"
    },
    {
      "geometry": {
        "coordinates": [
          79.8466313,
          6.9207539
        ],
        "type": "Point"
      },
      "id": "node/9876529505",
      "properties": {
        "feature_type": "crossing",
        "in_core": false,
        "kind": "traffic_signals",
        "linked_way_ids": [
          13858419,
          1084327024
        ],
        "osm_id": 9876529505,
        "osm_type": "node",
        "tags": {
          "crossing": "traffic_signals",
          "crossing:markings": "lines",
          "highway": "crossing"
        },
        "zone": "context"
      },
      "type": "Feature"
    },
    {
      "geometry": {
        "coordinates": [
          79.8428244,
          6.9295242
        ],
        "type": "Point"
      },
      "id": "node/9936374590",
      "properties": {
        "feature_type": "crossing",
        "in_core": false,
        "kind": "marked",
        "linked_way_ids": [
          749015601
        ],
        "osm_id": 9936374590,
        "osm_type": "node",
        "tags": {
          "crossing": "marked",
          "crossing:island": "no",
          "crossing:markings": "yes",
          "highway": "crossing",
          "kerb": "lowered"
        },
        "zone": "relation_completion"
      },
      "type": "Feature"
    },
    {
      "geometry": {
        "coordinates": [
          79.8427737,
          6.9292507
        ],
        "type": "Point"
      },
      "id": "node/9936374591",
      "properties": {
        "feature_type": "crossing",
        "in_core": false,
        "kind": "crossing",
        "linked_way_ids": [
          18598833
        ],
        "osm_id": 9936374591,
        "osm_type": "node",
        "tags": {
          "highway": "crossing"
        },
        "zone": "relation_completion"
      },
      "type": "Feature"
    },
    {
      "geometry": {
        "coordinates": [
          79.8428445,
          6.9292758
        ],
        "type": "Point"
      },
      "id": "node/9936374592",
      "properties": {
        "feature_type": "crossing",
        "in_core": false,
        "kind": "crossing",
        "linked_way_ids": [
          553338379
        ],
        "osm_id": 9936374592,
        "osm_type": "node",
        "tags": {
          "highway": "crossing"
        },
        "zone": "relation_completion"
      },
      "type": "Feature"
    },
    {
      "geometry": {
        "coordinates": [
          79.8448659,
          6.9252349
        ],
        "type": "Point"
      },
      "id": "node/9936374593",
      "properties": {
        "feature_type": "crossing",
        "in_core": false,
        "kind": "traffic_signals",
        "linked_way_ids": [
          18598833,
          1084327022,
          1489623834
        ],
        "osm_id": 9936374593,
        "osm_type": "node",
        "tags": {
          "crossing": "traffic_signals",
          "crossing:markings": "lines",
          "highway": "crossing"
        },
        "zone": "context"
      },
      "type": "Feature"
    },
    {
      "geometry": {
        "coordinates": [
          79.844946,
          6.9252611
        ],
        "type": "Point"
      },
      "id": "node/9936374594",
      "properties": {
        "feature_type": "crossing",
        "in_core": false,
        "kind": "traffic_signals",
        "linked_way_ids": [
          553338379,
          1084327022
        ],
        "osm_id": 9936374594,
        "osm_type": "node",
        "tags": {
          "crossing": "traffic_signals",
          "crossing:markings": "lines",
          "highway": "crossing"
        },
        "zone": "context"
      },
      "type": "Feature"
    },
    {
      "geometry": {
        "coordinates": [
          79.8505861,
          6.9373759
        ],
        "type": "Point"
      },
      "id": "node/9936374608",
      "properties": {
        "feature_type": "crossing",
        "in_core": false,
        "kind": "marked",
        "linked_way_ids": [
          625320319
        ],
        "osm_id": 9936374608,
        "osm_type": "node",
        "tags": {
          "crossing": "marked",
          "crossing:markings": "yes",
          "highway": "crossing"
        },
        "zone": "context"
      },
      "type": "Feature"
    },
    {
      "geometry": {
        "coordinates": [
          79.8612451,
          6.9173753
        ],
        "type": "Point"
      },
      "id": "node/9981034394",
      "properties": {
        "feature_type": "entrance",
        "in_core": false,
        "kind": "main",
        "linked_way_ids": [],
        "osm_id": 9981034394,
        "osm_type": "node",
        "tags": {
          "entrance": "main"
        },
        "zone": "context"
      },
      "type": "Feature"
    },
    {
      "geometry": {
        "coordinates": [
          79.8603125,
          6.9174722
        ],
        "type": "Point"
      },
      "id": "node/9981034399",
      "properties": {
        "feature_type": "entrance",
        "in_core": false,
        "kind": "yes",
        "linked_way_ids": [],
        "osm_id": 9981034399,
        "osm_type": "node",
        "tags": {
          "entrance": "yes"
        },
        "zone": "context"
      },
      "type": "Feature"
    },
    {
      "geometry": {
        "coordinates": [
          79.8607567,
          6.9172791
        ],
        "type": "Point"
      },
      "id": "node/9981034400",
      "properties": {
        "feature_type": "entrance",
        "in_core": false,
        "kind": "entrance",
        "linked_way_ids": [],
        "osm_id": 9981034400,
        "osm_type": "node",
        "tags": {
          "entrance": "entrance"
        },
        "zone": "context"
      },
      "type": "Feature"
    },
    {
      "geometry": {
        "coordinates": [
          79.8648923,
          6.9170552
        ],
        "type": "Point"
      },
      "id": "node/9981050819",
      "properties": {
        "feature_type": "crossing",
        "in_core": false,
        "kind": "marked",
        "linked_way_ids": [
          13758915,
          1089605526
        ],
        "osm_id": 9981050819,
        "osm_type": "node",
        "tags": {
          "crossing": "marked",
          "crossing:markings": "yes",
          "highway": "crossing"
        },
        "zone": "context"
      },
      "type": "Feature"
    },
    {
      "geometry": {
        "coordinates": [
          79.864497,
          6.922148
        ],
        "type": "Point"
      },
      "id": "node/9981050820",
      "properties": {
        "feature_type": "crossing",
        "in_core": true,
        "kind": "marked",
        "linked_way_ids": [
          665914480,
          1089605530
        ],
        "osm_id": 9981050820,
        "osm_type": "node",
        "tags": {
          "crossing": "marked",
          "crossing:markings": "yes",
          "highway": "crossing"
        },
        "zone": "core"
      },
      "type": "Feature"
    },
    {
      "geometry": {
        "coordinates": [
          79.8645586,
          6.922124
        ],
        "type": "Point"
      },
      "id": "node/9981050821",
      "properties": {
        "feature_type": "crossing",
        "in_core": true,
        "kind": "marked",
        "linked_way_ids": [
          393186966,
          1089605530
        ],
        "osm_id": 9981050821,
        "osm_type": "node",
        "tags": {
          "crossing": "marked",
          "crossing:markings": "yes",
          "highway": "crossing"
        },
        "zone": "core"
      },
      "type": "Feature"
    },
    {
      "geometry": {
        "coordinates": [
          79.8667559,
          6.9169905
        ],
        "type": "Point"
      },
      "id": "node/10031343250",
      "properties": {
        "feature_type": "poi",
        "in_core": false,
        "kind": "public_transport=platform",
        "linked_way_ids": [],
        "osm_id": 10031343250,
        "osm_type": "node",
        "tags": {
          "bench": "no",
          "bin": "no",
          "bus": "yes",
          "highway": "bus_stop",
          "public_transport": "platform",
          "shelter": "yes"
        },
        "zone": "context"
      },
      "type": "Feature"
    },
    {
      "geometry": {
        "coordinates": [
          79.8602015,
          6.9151386
        ],
        "type": "Point"
      },
      "id": "node/10047011661",
      "properties": {
        "feature_type": "crossing",
        "in_core": false,
        "kind": "traffic_signals",
        "linked_way_ids": [
          694735314,
          1097239674
        ],
        "osm_id": 10047011661,
        "osm_type": "node",
        "tags": {
          "crossing": "traffic_signals",
          "highway": "crossing"
        },
        "zone": "context"
      },
      "type": "Feature"
    },
    {
      "geometry": {
        "coordinates": [
          79.8601219,
          6.9150821
        ],
        "type": "Point"
      },
      "id": "node/10047011663",
      "properties": {
        "feature_type": "crossing",
        "in_core": false,
        "kind": "traffic_signals",
        "linked_way_ids": [
          1097239674,
          1097239675
        ],
        "osm_id": 10047011663,
        "osm_type": "node",
        "tags": {
          "crossing": "traffic_signals",
          "crossing:island": "no",
          "highway": "crossing"
        },
        "zone": "context"
      },
      "type": "Feature"
    },
    {
      "geometry": {
        "coordinates": [
          79.8602572,
          6.9150513
        ],
        "type": "Point"
      },
      "id": "node/10080488916",
      "properties": {
        "feature_type": "crossing",
        "in_core": false,
        "kind": "traffic_signals",
        "linked_way_ids": [
          1101546943,
          1120006849
        ],
        "osm_id": 10080488916,
        "osm_type": "node",
        "tags": {
          "crossing": "traffic_signals",
          "highway": "crossing"
        },
        "zone": "context"
      },
      "type": "Feature"
    },
    {
      "geometry": {
        "coordinates": [
          79.8601018,
          6.9148611
        ],
        "type": "Point"
      },
      "id": "node/10080497117",
      "properties": {
        "feature_type": "crossing",
        "in_core": false,
        "kind": "traffic_signals",
        "linked_way_ids": [
          53840879,
          1101546944,
          1120005983
        ],
        "osm_id": 10080497117,
        "osm_type": "node",
        "tags": {
          "crossing": "traffic_signals",
          "highway": "crossing"
        },
        "zone": "context"
      },
      "type": "Feature"
    },
    {
      "geometry": {
        "coordinates": [
          79.8461544,
          6.9211938
        ],
        "type": "Point"
      },
      "id": "node/10088022257",
      "properties": {
        "feature_type": "poi",
        "in_core": false,
        "kind": "amenity=restaurant",
        "linked_way_ids": [],
        "osm_id": 10088022257,
        "osm_type": "node",
        "tags": {
          "amenity": "restaurant",
          "check_date": "2024-04-12",
          "cuisine": "asian",
          "name": "Breeze Barracuda",
          "website": "http://barracuda.lk/"
        },
        "zone": "context"
      },
      "type": "Feature"
    },
    {
      "geometry": {
        "coordinates": [
          79.8607301,
          6.9119357
        ],
        "type": "Point"
      },
      "id": "node/10107530997",
      "properties": {
        "feature_type": "crossing",
        "in_core": false,
        "kind": "unmarked",
        "linked_way_ids": [
          1030779487
        ],
        "osm_id": 10107530997,
        "osm_type": "node",
        "tags": {
          "crossing": "unmarked",
          "crossing:markings": "no",
          "highway": "crossing"
        },
        "zone": "relation_completion"
      },
      "type": "Feature"
    },
    {
      "geometry": {
        "coordinates": [
          79.8635087,
          6.911909
        ],
        "type": "Point"
      },
      "id": "node/10107620996",
      "properties": {
        "feature_type": "crossing",
        "in_core": false,
        "kind": "marked",
        "linked_way_ids": [
          1030779487
        ],
        "osm_id": 10107620996,
        "osm_type": "node",
        "tags": {
          "crossing": "marked",
          "crossing:markings": "yes",
          "highway": "crossing"
        },
        "zone": "relation_completion"
      },
      "type": "Feature"
    },
    {
      "geometry": {
        "coordinates": [
          79.8476378,
          6.9235794
        ],
        "type": "Point"
      },
      "id": "node/10119060161",
      "properties": {
        "feature_type": "crossing",
        "in_core": false,
        "kind": "marked",
        "linked_way_ids": [
          1105825429,
          1105825430
        ],
        "osm_id": 10119060161,
        "osm_type": "node",
        "tags": {
          "crossing": "marked",
          "crossing:markings": "zebra",
          "highway": "crossing"
        },
        "zone": "context"
      },
      "type": "Feature"
    },
    {
      "geometry": {
        "coordinates": [
          79.8476067,
          6.923475
        ],
        "type": "Point"
      },
      "id": "node/10119060164",
      "properties": {
        "feature_type": "crossing",
        "in_core": false,
        "kind": "marked",
        "linked_way_ids": [
          52936203,
          1105825429
        ],
        "osm_id": 10119060164,
        "osm_type": "node",
        "tags": {
          "crossing": "marked",
          "crossing:markings": "zebra",
          "highway": "crossing"
        },
        "zone": "context"
      },
      "type": "Feature"
    },
    {
      "geometry": {
        "coordinates": [
          79.8562049,
          6.9184355
        ],
        "type": "Point"
      },
      "id": "node/10120299360",
      "properties": {
        "feature_type": "poi",
        "in_core": true,
        "kind": "public_transport=platform",
        "linked_way_ids": [],
        "osm_id": 10120299360,
        "osm_type": "node",
        "tags": {
          "bench": "no",
          "bin": "no",
          "bus": "yes",
          "highway": "bus_stop",
          "name": "150",
          "public_transport": "platform",
          "ref": "166",
          "shelter": "no"
        },
        "zone": "core"
      },
      "type": "Feature"
    },
    {
      "geometry": {
        "coordinates": [
          79.8573537,
          6.9193782
        ],
        "type": "Point"
      },
      "id": "node/10120312145",
      "properties": {
        "feature_type": "barrier",
        "in_core": true,
        "kind": "gate",
        "linked_way_ids": [
          1105981027,
          1105981028
        ],
        "osm_id": 10120312145,
        "osm_type": "node",
        "tags": {
          "barrier": "gate",
          "vehicle": "private"
        },
        "zone": "core"
      },
      "type": "Feature"
    },
    {
      "geometry": {
        "coordinates": [
          79.8577022,
          6.9187003
        ],
        "type": "Point"
      },
      "id": "node/10120361652",
      "properties": {
        "feature_type": "barrier",
        "in_core": true,
        "kind": "gate",
        "linked_way_ids": [
          797351698,
          1105981958
        ],
        "osm_id": 10120361652,
        "osm_type": "node",
        "tags": {
          "barrier": "gate",
          "vehicle": "private"
        },
        "zone": "core"
      },
      "type": "Feature"
    },
    {
      "geometry": {
        "coordinates": [
          79.8575151,
          6.9197124
        ],
        "type": "Point"
      },
      "id": "node/10120361653",
      "properties": {
        "feature_type": "barrier",
        "in_core": true,
        "kind": "gate",
        "linked_way_ids": [
          1105981958,
          1105981959
        ],
        "osm_id": 10120361653,
        "osm_type": "node",
        "tags": {
          "barrier": "gate",
          "vehicle": "private"
        },
        "zone": "core"
      },
      "type": "Feature"
    },
    {
      "geometry": {
        "coordinates": [
          79.8580749,
          6.9185331
        ],
        "type": "Point"
      },
      "id": "node/10120373458",
      "properties": {
        "feature_type": "barrier",
        "in_core": true,
        "kind": "gate",
        "linked_way_ids": [
          708607003,
          1105982223
        ],
        "osm_id": 10120373458,
        "osm_type": "node",
        "tags": {
          "barrier": "gate",
          "vehicle": "private"
        },
        "zone": "core"
      },
      "type": "Feature"
    },
    {
      "geometry": {
        "coordinates": [
          79.8474592,
          6.9341094
        ],
        "type": "Point"
      },
      "id": "node/10129746900",
      "properties": {
        "feature_type": "crossing",
        "in_core": false,
        "kind": "marked",
        "linked_way_ids": [
          1107034738,
          1122816960
        ],
        "osm_id": 10129746900,
        "osm_type": "node",
        "tags": {
          "crossing": "marked",
          "crossing:markings": "yes",
          "highway": "crossing"
        },
        "zone": "context"
      },
      "type": "Feature"
    },
    {
      "geometry": {
        "coordinates": [
          79.8474761,
          6.9340137
        ],
        "type": "Point"
      },
      "id": "node/10129746901",
      "properties": {
        "feature_type": "crossing",
        "in_core": false,
        "kind": "marked",
        "linked_way_ids": [
          351910070,
          1107034738,
          1490409665
        ],
        "osm_id": 10129746901,
        "osm_type": "node",
        "tags": {
          "crossing": "marked",
          "crossing:markings": "yes",
          "highway": "crossing"
        },
        "zone": "context"
      },
      "type": "Feature"
    },
    {
      "geometry": {
        "coordinates": [
          79.8574489,
          6.9326326
        ],
        "type": "Point"
      },
      "id": "node/10129746902",
      "properties": {
        "feature_type": "crossing",
        "in_core": true,
        "kind": "marked",
        "linked_way_ids": [
          1122816986,
          1122816989
        ],
        "osm_id": 10129746902,
        "osm_type": "node",
        "tags": {
          "crossing": "marked",
          "crossing:markings": "yes",
          "highway": "crossing"
        },
        "zone": "core"
      },
      "type": "Feature"
    },
    {
      "geometry": {
        "coordinates": [
          79.8591573,
          6.9319489
        ],
        "type": "Point"
      },
      "id": "node/10129746903",
      "properties": {
        "feature_type": "crossing",
        "in_core": true,
        "kind": "marked",
        "linked_way_ids": [
          10548362,
          1107034740
        ],
        "osm_id": 10129746903,
        "osm_type": "node",
        "tags": {
          "crossing": "marked",
          "crossing:markings": "yes",
          "highway": "crossing"
        },
        "zone": "core"
      },
      "type": "Feature"
    },
    {
      "geometry": {
        "coordinates": [
          79.8591413,
          6.9318807
        ],
        "type": "Point"
      },
      "id": "node/10129746904",
      "properties": {
        "feature_type": "crossing",
        "in_core": true,
        "kind": "marked",
        "linked_way_ids": [
          1107034740,
          1489557288
        ],
        "osm_id": 10129746904,
        "osm_type": "node",
        "tags": {
          "crossing": "marked",
          "crossing:markings": "yes",
          "highway": "crossing"
        },
        "zone": "core"
      },
      "type": "Feature"
    },
    {
      "geometry": {
        "coordinates": [
          79.8586565,
          6.9141469
        ],
        "type": "Point"
      },
      "id": "node/10135002887",
      "properties": {
        "feature_type": "poi",
        "in_core": false,
        "kind": "public_transport=stop_position",
        "linked_way_ids": [
          359945309
        ],
        "osm_id": 10135002887,
        "osm_type": "node",
        "tags": {
          "bus": "yes",
          "public_transport": "stop_position"
        },
        "zone": "context"
      },
      "type": "Feature"
    },
    {
      "geometry": {
        "coordinates": [
          79.8586071,
          6.9141946
        ],
        "type": "Point"
      },
      "id": "node/10135002888",
      "properties": {
        "feature_type": "poi",
        "in_core": false,
        "kind": "public_transport=platform",
        "linked_way_ids": [],
        "osm_id": 10135002888,
        "osm_type": "node",
        "tags": {
          "bench": "yes",
          "bin": "no",
          "bus": "yes",
          "highway": "bus_stop",
          "public_transport": "platform",
          "shelter": "yes"
        },
        "zone": "context"
      },
      "type": "Feature"
    },
    {
      "geometry": {
        "coordinates": [
          79.8557823,
          6.915835
        ],
        "type": "Point"
      },
      "id": "node/10135024708",
      "properties": {
        "feature_type": "poi",
        "in_core": false,
        "kind": "public_transport=platform",
        "linked_way_ids": [],
        "osm_id": 10135024708,
        "osm_type": "node",
        "tags": {
          "bus": "yes",
          "highway": "bus_stop",
          "public_transport": "platform"
        },
        "zone": "context"
      },
      "type": "Feature"
    },
    {
      "geometry": {
        "coordinates": [
          79.8558682,
          6.9158726
        ],
        "type": "Point"
      },
      "id": "node/10135024709",
      "properties": {
        "feature_type": "poi",
        "in_core": false,
        "kind": "public_transport=stop_position",
        "linked_way_ids": [
          50732593
        ],
        "osm_id": 10135024709,
        "osm_type": "node",
        "tags": {
          "bus": "yes",
          "name": "Gangaramaya Halt",
          "public_transport": "stop_position"
        },
        "zone": "context"
      },
      "type": "Feature"
    },
    {
      "geometry": {
        "coordinates": [
          79.8548696,
          6.9171093
        ],
        "type": "Point"
      },
      "id": "node/10137773867",
      "properties": {
        "feature_type": "barrier",
        "in_core": false,
        "kind": "gate",
        "linked_way_ids": [
          98371223,
          1488636004
        ],
        "osm_id": 10137773867,
        "osm_type": "node",
        "tags": {
          "barrier": "gate",
          "foot": "yes"
        },
        "zone": "context"
      },
      "type": "Feature"
    },
    {
      "geometry": {
        "coordinates": [
          79.8500038,
          6.9184322
        ],
        "type": "Point"
      },
      "id": "node/10137867364",
      "properties": {
        "feature_type": "crossing",
        "in_core": false,
        "kind": "marked",
        "linked_way_ids": [
          13758947,
          1107981346
        ],
        "osm_id": 10137867364,
        "osm_type": "node",
        "tags": {
          "crossing": "marked",
          "crossing:island": "no",
          "crossing:markings": "yes",
          "highway": "crossing"
        },
        "zone": "context"
      },
      "type": "Feature"
    },
    {
      "geometry": {
        "coordinates": [
          79.8505899,
          6.9168678
        ],
        "type": "Point"
      },
      "id": "node/10137897151",
      "properties": {
        "feature_type": "barrier",
        "in_core": false,
        "kind": "gate",
        "linked_way_ids": [],
        "osm_id": 10137897151,
        "osm_type": "node",
        "tags": {
          "barrier": "gate"
        },
        "zone": "context"
      },
      "type": "Feature"
    },
    {
      "geometry": {
        "coordinates": [
          79.8526321,
          6.9165214
        ],
        "type": "Point"
      },
      "id": "node/10137897162",
      "properties": {
        "feature_type": "crossing",
        "in_core": false,
        "kind": "marked",
        "linked_way_ids": [
          23951713,
          1107984926
        ],
        "osm_id": 10137897162,
        "osm_type": "node",
        "tags": {
          "crossing": "marked",
          "crossing:island": "no",
          "crossing:markings": "yes",
          "highway": "crossing"
        },
        "zone": "context"
      },
      "type": "Feature"
    },
    {
      "geometry": {
        "coordinates": [
          79.8690193,
          6.9162729
        ],
        "type": "Point"
      },
      "id": "node/10141946017",
      "properties": {
        "feature_type": "poi",
        "in_core": false,
        "kind": "amenity=cafe",
        "linked_way_ids": [],
        "osm_id": 10141946017,
        "osm_type": "node",
        "tags": {
          "addr:housenumber": "38",
          "addr:postcode": "00700",
          "addr:street": "Ward Place",
          "amenity": "cafe",
          "cuisine": "breakfast;cake;curry;ice_cream;international;pasta;sandwich",
          "internet_access": "wlan",
          "name": "Caramel pumpkin",
          "opening_hours": "Mo-Su 08:00-22:00",
          "phone": "0112 677 966"
        },
        "zone": "relation_completion"
      },
      "type": "Feature"
    },
    {
      "geometry": {
        "coordinates": [
          79.8536963,
          6.9160562
        ],
        "type": "Point"
      },
      "id": "node/10142973546",
      "properties": {
        "feature_type": "barrier",
        "in_core": false,
        "kind": "entrance",
        "linked_way_ids": [
          1108565108
        ],
        "osm_id": 10142973546,
        "osm_type": "node",
        "tags": {
          "barrier": "entrance"
        },
        "zone": "context"
      },
      "type": "Feature"
    },
    {
      "geometry": {
        "coordinates": [
          79.8448975,
          6.9271318
        ],
        "type": "Point"
      },
      "id": "node/10157253391",
      "properties": {
        "feature_type": "poi",
        "in_core": false,
        "kind": "amenity=restaurant",
        "linked_way_ids": [],
        "osm_id": 10157253391,
        "osm_type": "node",
        "tags": {
          "addr:city": "Colombo",
          "addr:housenumber": "6th Floor",
          "addr:street": "One Galle Face Mall",
          "air_conditioning": "yes",
          "amenity": "restaurant",
          "bar": "yes",
          "cuisine": "pizza;pasta",
          "level": "6",
          "name": "The Pizza Bakery",
          "website": "https://www.instagram.com/thepizzabakery.lk/?hl=en"
        },
        "zone": "context"
      },
      "type": "Feature"
    },
    {
      "geometry": {
        "coordinates": [
          79.8632147,
          6.9125439
        ],
        "type": "Point"
      },
      "id": "node/10160885042",
      "properties": {
        "feature_type": "crossing",
        "in_core": false,
        "kind": "crossing",
        "linked_way_ids": [
          1102933477
        ],
        "osm_id": 10160885042,
        "osm_type": "node",
        "tags": {
          "highway": "crossing"
        },
        "zone": "relation_completion"
      },
      "type": "Feature"
    },
    {
      "geometry": {
        "coordinates": [
          79.8618001,
          6.9119019
        ],
        "type": "Point"
      },
      "id": "node/10160885043",
      "properties": {
        "feature_type": "crossing",
        "in_core": false,
        "kind": "unmarked",
        "linked_way_ids": [
          1030779487
        ],
        "osm_id": 10160885043,
        "osm_type": "node",
        "tags": {
          "crossing": "unmarked",
          "crossing:markings": "no",
          "highway": "crossing"
        },
        "zone": "relation_completion"
      },
      "type": "Feature"
    },
    {
      "geometry": {
        "coordinates": [
          79.8618021,
          6.9120177
        ],
        "type": "Point"
      },
      "id": "node/10160885044",
      "properties": {
        "feature_type": "crossing",
        "in_core": false,
        "kind": "crossing",
        "linked_way_ids": [
          1102933477
        ],
        "osm_id": 10160885044,
        "osm_type": "node",
        "tags": {
          "highway": "crossing"
        },
        "zone": "relation_completion"
      },
      "type": "Feature"
    },
    {
      "geometry": {
        "coordinates": [
          79.8607214,
          6.9119824
        ],
        "type": "Point"
      },
      "id": "node/10160885057",
      "properties": {
        "feature_type": "crossing",
        "in_core": false,
        "kind": "unmarked",
        "linked_way_ids": [
          1102933477
        ],
        "osm_id": 10160885057,
        "osm_type": "node",
        "tags": {
          "crossing": "unmarked",
          "crossing:markings": "no",
          "highway": "crossing"
        },
        "zone": "relation_completion"
      },
      "type": "Feature"
    },
    {
      "geometry": {
        "coordinates": [
          79.8679959,
          6.9196293
        ],
        "type": "Point"
      },
      "id": "node/10168349955",
      "properties": {
        "feature_type": "poi",
        "in_core": false,
        "kind": "amenity=cafe",
        "linked_way_ids": [],
        "osm_id": 10168349955,
        "osm_type": "node",
        "tags": {
          "access": "private",
          "amenity": "cafe",
          "name": "Doctor's canteen NHSL",
          "outdoor_seating": "no",
          "survey:date": "2024-08-09",
          "wheelchair": "yes"
        },
        "zone": "context"
      },
      "type": "Feature"
    },
    {
      "geometry": {
        "coordinates": [
          79.8449491,
          6.9262257
        ],
        "type": "Point"
      },
      "id": "node/10171431562",
      "properties": {
        "feature_type": "entrance",
        "in_core": false,
        "kind": "home",
        "linked_way_ids": [],
        "osm_id": 10171431562,
        "osm_type": "node",
        "tags": {
          "access": "private",
          "entrance": "home",
          "name": "Galle Face One Residencies"
        },
        "zone": "context"
      },
      "type": "Feature"
    },
    {
      "geometry": {
        "coordinates": [
          79.8680066,
          6.9194061
        ],
        "type": "Point"
      },
      "id": "node/10209710944",
      "properties": {
        "feature_type": "crossing",
        "in_core": false,
        "kind": "marked",
        "linked_way_ids": [
          390003247
        ],
        "osm_id": 10209710944,
        "osm_type": "node",
        "tags": {
          "crossing": "marked",
          "crossing:island": "no",
          "crossing:markings": "yes",
          "highway": "crossing",
          "kerb": "raised",
          "tactile_paving": "no"
        },
        "zone": "context"
      },
      "type": "Feature"
    },
    {
      "geometry": {
        "coordinates": [
          79.8552826,
          6.9168003
        ],
        "type": "Point"
      },
      "id": "node/10219028103",
      "properties": {
        "feature_type": "crossing",
        "in_core": false,
        "kind": "marked",
        "linked_way_ids": [
          1117306183,
          1488636006
        ],
        "osm_id": 10219028103,
        "osm_type": "node",
        "tags": {
          "crossing": "marked",
          "crossing:island": "no",
          "crossing:markings": "yes",
          "highway": "crossing"
        },
        "zone": "context"
      },
      "type": "Feature"
    },
    {
      "geometry": {
        "coordinates": [
          79.8553266,
          6.9171088
        ],
        "type": "Point"
      },
      "id": "node/10219028104",
      "properties": {
        "feature_type": "crossing",
        "in_core": false,
        "kind": "marked",
        "linked_way_ids": [
          1105981040
        ],
        "osm_id": 10219028104,
        "osm_type": "node",
        "tags": {
          "crossing": "marked",
          "crossing:island": "no",
          "crossing:markings": "yes",
          "highway": "crossing"
        },
        "zone": "context"
      },
      "type": "Feature"
    },
    {
      "geometry": {
        "coordinates": [
          79.8528701,
          6.9215723
        ],
        "type": "Point"
      },
      "id": "node/10219028105",
      "properties": {
        "feature_type": "crossing",
        "in_core": true,
        "kind": "marked",
        "linked_way_ids": [
          378863526
        ],
        "osm_id": 10219028105,
        "osm_type": "node",
        "tags": {
          "crossing": "marked",
          "crossing:markings": "yes",
          "highway": "crossing"
        },
        "zone": "core"
      },
      "type": "Feature"
    },
    {
      "geometry": {
        "coordinates": [
          79.8524816,
          6.9226883
        ],
        "type": "Point"
      },
      "id": "node/10219028106",
      "properties": {
        "feature_type": "crossing",
        "in_core": true,
        "kind": "marked",
        "linked_way_ids": [
          668305831,
          1117292672
        ],
        "osm_id": 10219028106,
        "osm_type": "node",
        "tags": {
          "crossing": "marked",
          "crossing:markings": "yes",
          "highway": "crossing"
        },
        "zone": "core"
      },
      "type": "Feature"
    },
    {
      "geometry": {
        "coordinates": [
          79.8525264,
          6.9226988
        ],
        "type": "Point"
      },
      "id": "node/10219028107",
      "properties": {
        "feature_type": "crossing",
        "in_core": true,
        "kind": "marked",
        "linked_way_ids": [
          668305818,
          1117292672
        ],
        "osm_id": 10219028107,
        "osm_type": "node",
        "tags": {
          "crossing": "marked",
          "crossing:markings": "yes",
          "highway": "crossing"
        },
        "zone": "core"
      },
      "type": "Feature"
    },
    {
      "geometry": {
        "coordinates": [
          79.8559415,
          6.9156024
        ],
        "type": "Point"
      },
      "id": "node/10219028108",
      "properties": {
        "feature_type": "crossing",
        "in_core": false,
        "kind": "marked",
        "linked_way_ids": [
          50732593,
          1383685749,
          1488636005
        ],
        "osm_id": 10219028108,
        "osm_type": "node",
        "tags": {
          "crossing": "marked",
          "crossing:island": "no",
          "crossing:markings": "yes",
          "highway": "crossing"
        },
        "zone": "context"
      },
      "type": "Feature"
    },
    {
      "geometry": {
        "coordinates": [
          79.8563936,
          6.9168535
        ],
        "type": "Point"
      },
      "id": "node/10219037656",
      "properties": {
        "feature_type": "crossing",
        "in_core": false,
        "kind": "marked",
        "linked_way_ids": [
          48702405,
          1117292677
        ],
        "osm_id": 10219037656,
        "osm_type": "node",
        "tags": {
          "crossing": "marked",
          "crossing:markings": "yes",
          "highway": "crossing"
        },
        "zone": "context"
      },
      "type": "Feature"
    },
    {
      "geometry": {
        "coordinates": [
          79.8563998,
          6.9167888
        ],
        "type": "Point"
      },
      "id": "node/10219037657",
      "properties": {
        "feature_type": "crossing",
        "in_core": false,
        "kind": "marked",
        "linked_way_ids": [
          23951712,
          1117292677
        ],
        "osm_id": 10219037657,
        "osm_type": "node",
        "tags": {
          "crossing": "marked",
          "crossing:markings": "yes",
          "highway": "crossing"
        },
        "zone": "context"
      },
      "type": "Feature"
    },
    {
      "geometry": {
        "coordinates": [
          79.8551892,
          6.9174653
        ],
        "type": "Point"
      },
      "id": "node/10219972623",
      "properties": {
        "feature_type": "poi",
        "in_core": false,
        "kind": "amenity=restaurant",
        "linked_way_ids": [],
        "osm_id": 10219972623,
        "osm_type": "node",
        "tags": {
          "addr:floor": "4",
          "amenity": "restaurant",
          "check_date": "2022-11-26",
          "level": "4",
          "name": "Curry by Lotus"
        },
        "zone": "context"
      },
      "type": "Feature"
    },
    {
      "geometry": {
        "coordinates": [
          79.8552298,
          6.9175255
        ],
        "type": "Point"
      },
      "id": "node/10219972624",
      "properties": {
        "feature_type": "poi",
        "in_core": false,
        "kind": "amenity=restaurant",
        "linked_way_ids": [],
        "osm_id": 10219972624,
        "osm_type": "node",
        "tags": {
          "addr:floor": "3",
          "amenity": "restaurant",
          "check_date": "2022-11-26",
          "cuisine": "indonesian",
          "level": "3",
          "name": "Sumatran spice",
          "payment:mastercard": "yes",
          "payment:visa": "yes"
        },
        "zone": "context"
      },
      "type": "Feature"
    },
    {
      "geometry": {
        "coordinates": [
          79.8550298,
          6.9175095
        ],
        "type": "Point"
      },
      "id": "node/10219975484",
      "properties": {
        "feature_type": "poi",
        "in_core": false,
        "kind": "amenity=restaurant",
        "linked_way_ids": [],
        "osm_id": 10219975484,
        "osm_type": "node",
        "tags": {
          "addr:floor": "3",
          "amenity": "restaurant",
          "check_date": "2022-11-26",
          "cuisine": "japanese",
          "level": "3",
          "name": "Tokyo Shokudo",
          "payment:mastercard": "yes",
          "payment:visa": "yes"
        },
        "zone": "context"
      },
      "type": "Feature"
    },
    {
      "geometry": {
        "coordinates": [
          79.8552718,
          6.9176279
        ],
        "type": "Point"
      },
      "id": "node/10220011399",
      "properties": {
        "feature_type": "poi",
        "in_core": false,
        "kind": "amenity=fast_food",
        "linked_way_ids": [],
        "osm_id": 10220011399,
        "osm_type": "node",
        "tags": {
          "addr:floor": "3",
          "amenity": "fast_food",
          "cuisine": "burger;fried_chicken",
          "level": "3",
          "name": "Hot Chook"
        },
        "zone": "context"
      },
      "type": "Feature"
    },
    {
      "geometry": {
        "coordinates": [
          79.855166,
          6.91753
        ],
        "type": "Point"
      },
      "id": "node/10220015918",
      "properties": {
        "feature_type": "poi",
        "in_core": false,
        "kind": "amenity=cafe",
        "linked_way_ids": [],
        "osm_id": 10220015918,
        "osm_type": "node",
        "tags": {
          "addr:floor": "3",
          "amenity": "cafe",
          "check_date": "2022-11-26",
          "cuisine": "coffee_shop",
          "level": "3",
          "name": "Etc"
        },
        "zone": "context"
      },
      "type": "Feature"
    },
    {
      "geometry": {
        "coordinates": [
          79.8551234,
          6.9176266
        ],
        "type": "Point"
      },
      "id": "node/10220015919",
      "properties": {
        "feature_type": "poi",
        "in_core": false,
        "kind": "amenity=restaurant",
        "linked_way_ids": [],
        "osm_id": 10220015919,
        "osm_type": "node",
        "tags": {
          "amenity": "restaurant",
          "brand": "Sizzler",
          "brand:wikidata": "Q1848822",
          "check_date": "2022-11-26",
          "cuisine": "steak_house",
          "name": "Sizzler"
        },
        "zone": "context"
      },
      "type": "Feature"
    },
    {
      "geometry": {
        "coordinates": [
          79.8552509,
          6.9173868
        ],
        "type": "Point"
      },
      "id": "node/10220016836",
      "properties": {
        "feature_type": "poi",
        "in_core": false,
        "kind": "amenity=restaurant",
        "linked_way_ids": [],
        "osm_id": 10220016836,
        "osm_type": "node",
        "tags": {
          "addr:floor": "3",
          "amenity": "restaurant",
          "check_date": "2022-11-26",
          "cuisine": "pizza",
          "level": "3",
          "name": "Champion slice"
        },
        "zone": "context"
      },
      "type": "Feature"
    },
    {
      "geometry": {
        "coordinates": [
          79.8552697,
          6.9175716
        ],
        "type": "Point"
      },
      "id": "node/10220016920",
      "properties": {
        "feature_type": "poi",
        "in_core": false,
        "kind": "amenity=restaurant",
        "linked_way_ids": [],
        "osm_id": 10220016920,
        "osm_type": "node",
        "tags": {
          "addr:floor": "3",
          "amenity": "restaurant",
          "check_date": "2022-11-26",
          "cuisine": "thai",
          "level": "3",
          "name": "Suksamran Thai"
        },
        "zone": "context"
      },
      "type": "Feature"
    },
    {
      "geometry": {
        "coordinates": [
          79.85523,
          6.9174551
        ],
        "type": "Point"
      },
      "id": "node/10220023890",
      "properties": {
        "feature_type": "poi",
        "in_core": false,
        "kind": "amenity=restaurant",
        "linked_way_ids": [],
        "osm_id": 10220023890,
        "osm_type": "node",
        "tags": {
          "addr:floor": "3",
          "amenity": "restaurant",
          "check_date": "2022-11-26",
          "cuisine": "indian",
          "level": "3",
          "name": "Mughlabar"
        },
        "zone": "context"
      },
      "type": "Feature"
    },
    {
      "geometry": {
        "coordinates": [
          79.8552511,
          6.9174225
        ],
        "type": "Point"
      },
      "id": "node/10220023891",
      "properties": {
        "feature_type": "poi",
        "in_core": false,
        "kind": "amenity=restaurant",
        "linked_way_ids": [],
        "osm_id": 10220023891,
        "osm_type": "node",
        "tags": {
          "addr:floor": "3",
          "amenity": "restaurant",
          "check_date": "2022-11-26",
          "cuisine": "chinese",
          "level": "3",
          "name": "China express"
        },
        "zone": "context"
      },
      "type": "Feature"
    },
    {
      "geometry": {
        "coordinates": [
          79.8556818,
          6.9169092
        ],
        "type": "Point"
      },
      "id": "node/10220028067",
      "properties": {
        "feature_type": "poi",
        "in_core": false,
        "kind": "amenity=fast_food",
        "linked_way_ids": [],
        "osm_id": 10220028067,
        "osm_type": "node",
        "tags": {
          "addr:floor": "3",
          "amenity": "fast_food",
          "check_date": "2022-11-26",
          "cuisine": "juice",
          "level": "3",
          "name": "Etc"
        },
        "zone": "context"
      },
      "type": "Feature"
    },
    {
      "geometry": {
        "coordinates": [
          79.8472316,
          6.93049
        ],
        "type": "Point"
      },
      "id": "node/10222565171",
      "properties": {
        "feature_type": "crossing",
        "in_core": false,
        "kind": "marked",
        "linked_way_ids": [
          24255940,
          1117701329,
          1552091947,
          1552091956
        ],
        "osm_id": 10222565171,
        "osm_type": "node",
        "tags": {
          "crossing": "marked",
          "crossing:markings": "yes",
          "highway": "crossing"
        },
        "zone": "context"
      },
      "type": "Feature"
    },
    {
      "geometry": {
        "coordinates": [
          79.8473101,
          6.9305338
        ],
        "type": "Point"
      },
      "id": "node/10222565172",
      "properties": {
        "feature_type": "crossing",
        "in_core": false,
        "kind": "marked",
        "linked_way_ids": [
          24255942,
          1117701329,
          1495325112
        ],
        "osm_id": 10222565172,
        "osm_type": "node",
        "tags": {
          "crossing": "marked",
          "crossing:markings": "yes",
          "highway": "crossing"
        },
        "zone": "context"
      },
      "type": "Feature"
    },
    {
      "geometry": {
        "coordinates": [
          79.8484189,
          6.9288418
        ],
        "type": "Point"
      },
      "id": "node/10222565173",
      "properties": {
        "feature_type": "crossing",
        "in_core": false,
        "kind": "marked",
        "linked_way_ids": [
          24255940,
          1117701330
        ],
        "osm_id": 10222565173,
        "osm_type": "node",
        "tags": {
          "crossing": "marked",
          "crossing:markings": "yes",
          "highway": "crossing"
        },
        "zone": "context"
      },
      "type": "Feature"
    },
    {
      "geometry": {
        "coordinates": [
          79.8485623,
          6.9288736
        ],
        "type": "Point"
      },
      "id": "node/10222565174",
      "properties": {
        "feature_type": "crossing",
        "in_core": false,
        "kind": "marked",
        "linked_way_ids": [
          24255942,
          1117701330
        ],
        "osm_id": 10222565174,
        "osm_type": "node",
        "tags": {
          "crossing": "marked",
          "crossing:markings": "yes",
          "highway": "crossing"
        },
        "zone": "context"
      },
      "type": "Feature"
    },
    {
      "geometry": {
        "coordinates": [
          79.8504461,
          6.9274025
        ],
        "type": "Point"
      },
      "id": "node/10222565175",
      "properties": {
        "feature_type": "crossing",
        "in_core": true,
        "kind": "marked",
        "linked_way_ids": [
          351911648
        ],
        "osm_id": 10222565175,
        "osm_type": "node",
        "tags": {
          "crossing": "marked",
          "crossing:markings": "yes",
          "highway": "crossing"
        },
        "zone": "core"
      },
      "type": "Feature"
    },
    {
      "geometry": {
        "coordinates": [
          79.8501552,
          6.9274343
        ],
        "type": "Point"
      },
      "id": "node/10222565176",
      "properties": {
        "feature_type": "crossing",
        "in_core": true,
        "kind": "crossing",
        "linked_way_ids": [
          696159676,
          1492541636
        ],
        "osm_id": 10222565176,
        "osm_type": "node",
        "tags": {
          "highway": "crossing"
        },
        "zone": "core"
      },
      "type": "Feature"
    },
    {
      "geometry": {
        "coordinates": [
          79.8514186,
          6.9264592
        ],
        "type": "Point"
      },
      "id": "node/10222565178",
      "properties": {
        "feature_type": "crossing",
        "in_core": true,
        "kind": "marked",
        "linked_way_ids": [
          351911648
        ],
        "osm_id": 10222565178,
        "osm_type": "node",
        "tags": {
          "crossing": "marked",
          "crossing:markings": "yes",
          "highway": "crossing"
        },
        "zone": "core"
      },
      "type": "Feature"
    },
    {
      "geometry": {
        "coordinates": [
          79.8653007,
          6.9271
        ],
        "type": "Point"
      },
      "id": "node/10243703010",
      "properties": {
        "feature_type": "crossing",
        "in_core": true,
        "kind": "marked",
        "linked_way_ids": [
          665896572,
          1120006834
        ],
        "osm_id": 10243703010,
        "osm_type": "node",
        "tags": {
          "crossing": "marked",
          "crossing:markings": "yes",
          "highway": "crossing"
        },
        "zone": "core"
      },
      "type": "Feature"
    },
    {
      "geometry": {
        "coordinates": [
          79.8653726,
          6.9270615
        ],
        "type": "Point"
      },
      "id": "node/10243703011",
      "properties": {
        "feature_type": "crossing",
        "in_core": true,
        "kind": "marked",
        "linked_way_ids": [
          51988823,
          1120006834
        ],
        "osm_id": 10243703011,
        "osm_type": "node",
        "tags": {
          "crossing": "marked",
          "crossing:markings": "yes",
          "highway": "crossing"
        },
        "zone": "core"
      },
      "type": "Feature"
    },
    {
      "geometry": {
        "coordinates": [
          79.8656038,
          6.9270262
        ],
        "type": "Point"
      },
      "id": "node/10243703012",
      "properties": {
        "feature_type": "crossing",
        "in_core": true,
        "kind": "marked",
        "linked_way_ids": [
          350014237,
          1120006835
        ],
        "osm_id": 10243703012,
        "osm_type": "node",
        "tags": {
          "crossing": "marked",
          "crossing:markings": "yes",
          "highway": "crossing"
        },
        "zone": "core"
      },
      "type": "Feature"
    },
    {
      "geometry": {
        "coordinates": [
          79.865669,
          6.9270829
        ],
        "type": "Point"
      },
      "id": "node/10243703013",
      "properties": {
        "feature_type": "crossing",
        "in_core": true,
        "kind": "marked",
        "linked_way_ids": [
          1120006835,
          1467574496
        ],
        "osm_id": 10243703013,
        "osm_type": "node",
        "tags": {
          "crossing": "marked",
          "crossing:markings": "yes",
          "highway": "crossing"
        },
        "zone": "core"
      },
      "type": "Feature"
    },
    {
      "geometry": {
        "coordinates": [
          79.8651042,
          6.9258865
        ],
        "type": "Point"
      },
      "id": "node/10243703015",
      "properties": {
        "feature_type": "crossing",
        "in_core": true,
        "kind": "marked",
        "linked_way_ids": [
          665896572,
          1120006840
        ],
        "osm_id": 10243703015,
        "osm_type": "node",
        "tags": {
          "crossing": "marked",
          "crossing:markings": "yes",
          "highway": "crossing"
        },
        "zone": "core"
      },
      "type": "Feature"
    },
    {
      "geometry": {
        "coordinates": [
          79.8651807,
          6.9259005
        ],
        "type": "Point"
      },
      "id": "node/10243703016",
      "properties": {
        "feature_type": "crossing",
        "in_core": true,
        "kind": "marked",
        "linked_way_ids": [
          51988823,
          1120006840
        ],
        "osm_id": 10243703016,
        "osm_type": "node",
        "tags": {
          "crossing": "marked",
          "crossing:markings": "yes",
          "highway": "crossing"
        },
        "zone": "core"
      },
      "type": "Feature"
    },
    {
      "geometry": {
        "coordinates": [
          79.8652813,
          6.9251409
        ],
        "type": "Point"
      },
      "id": "node/10243703017",
      "properties": {
        "feature_type": "crossing",
        "in_core": true,
        "kind": "marked",
        "linked_way_ids": [
          309705718,
          1120006841
        ],
        "osm_id": 10243703017,
        "osm_type": "node",
        "tags": {
          "crossing": "marked",
          "crossing:markings": "yes",
          "highway": "crossing"
        },
        "zone": "core"
      },
      "type": "Feature"
    },
    {
      "geometry": {
        "coordinates": [
          79.864697,
          6.9234024
        ],
        "type": "Point"
      },
      "id": "node/10243703019",
      "properties": {
        "feature_type": "crossing",
        "in_core": true,
        "kind": "marked",
        "linked_way_ids": [
          665914481,
          1120006842
        ],
        "osm_id": 10243703019,
        "osm_type": "node",
        "tags": {
          "crossing": "marked",
          "crossing:markings": "yes",
          "highway": "crossing"
        },
        "zone": "core"
      },
      "type": "Feature"
    },
    {
      "geometry": {
        "coordinates": [
          79.864778,
          6.923397
        ],
        "type": "Point"
      },
      "id": "node/10243703020",
      "properties": {
        "feature_type": "crossing",
        "in_core": true,
        "kind": "marked",
        "linked_way_ids": [
          10557897,
          1120006842
        ],
        "osm_id": 10243703020,
        "osm_type": "node",
        "tags": {
          "crossing": "marked",
          "crossing:markings": "yes",
          "highway": "crossing"
        },
        "zone": "core"
      },
      "type": "Feature"
    },
    {
      "geometry": {
        "coordinates": [
          79.8645757,
          6.922904
        ],
        "type": "Point"
      },
      "id": "node/10243703021",
      "properties": {
        "feature_type": "crossing",
        "in_core": true,
        "kind": "marked",
        "linked_way_ids": [
          329395354,
          1120006847
        ],
        "osm_id": 10243703021,
        "osm_type": "node",
        "tags": {
          "crossing": "marked",
          "crossing:markings": "yes",
          "highway": "crossing"
        },
        "zone": "core"
      },
      "type": "Feature"
    },
    {
      "geometry": {
        "coordinates": [
          79.8647539,
          6.9229179
        ],
        "type": "Point"
      },
      "id": "node/10243703023",
      "properties": {
        "feature_type": "crossing",
        "in_core": true,
        "kind": "marked",
        "linked_way_ids": [
          393186966,
          1120006847
        ],
        "osm_id": 10243703023,
        "osm_type": "node",
        "tags": {
          "crossing": "marked",
          "crossing:markings": "yes",
          "highway": "crossing"
        },
        "zone": "core"
      },
      "type": "Feature"
    },
    {
      "geometry": {
        "coordinates": [
          79.8646675,
          6.9229216
        ],
        "type": "Point"
      },
      "id": "node/10243703024",
      "properties": {
        "feature_type": "crossing",
        "in_core": true,
        "kind": "marked",
        "linked_way_ids": [
          1120006846,
          1120006847
        ],
        "osm_id": 10243703024,
        "osm_type": "node",
        "tags": {
          "crossing": "marked",
          "crossing:markings": "yes",
          "highway": "crossing"
        },
        "zone": "core"
      },
      "type": "Feature"
    },
    {
      "geometry": {
        "coordinates": [
          79.8647279,
          6.9186858
        ],
        "type": "Point"
      },
      "id": "node/10243703025",
      "properties": {
        "feature_type": "crossing",
        "in_core": false,
        "kind": "marked",
        "linked_way_ids": [
          665914480,
          1120006848
        ],
        "osm_id": 10243703025,
        "osm_type": "node",
        "tags": {
          "crossing": "marked",
          "crossing:markings": "yes",
          "highway": "crossing"
        },
        "zone": "context"
      },
      "type": "Feature"
    },
    {
      "geometry": {
        "coordinates": [
          79.8648237,
          6.918701
        ],
        "type": "Point"
      },
      "id": "node/10243703026",
      "properties": {
        "feature_type": "crossing",
        "in_core": false,
        "kind": "marked",
        "linked_way_ids": [
          393186966,
          1120006848
        ],
        "osm_id": 10243703026,
        "osm_type": "node",
        "tags": {
          "crossing": "marked",
          "crossing:markings": "yes",
          "highway": "crossing"
        },
        "zone": "context"
      },
      "type": "Feature"
    },
    {
      "geometry": {
        "coordinates": [
          79.8597095,
          6.9167206
        ],
        "type": "Point"
      },
      "id": "node/10259447960",
      "properties": {
        "feature_type": "crossing",
        "in_core": false,
        "kind": "marked",
        "linked_way_ids": [
          1121878511
        ],
        "osm_id": 10259447960,
        "osm_type": "node",
        "tags": {
          "crossing": "marked",
          "crossing:island": "no",
          "crossing:markings": "yes",
          "highway": "crossing",
          "tactile_paving": "no"
        },
        "zone": "context"
      },
      "type": "Feature"
    },
    {
      "geometry": {
        "coordinates": [
          79.8614265,
          6.9188673
        ],
        "type": "Point"
      },
      "id": "node/10260948417",
      "properties": {
        "feature_type": "crossing",
        "in_core": true,
        "kind": "traffic_signals",
        "linked_way_ids": [
          1089605503,
          1121878513
        ],
        "osm_id": 10260948417,
        "osm_type": "node",
        "tags": {
          "crossing": "traffic_signals",
          "highway": "crossing"
        },
        "zone": "core"
      },
      "type": "Feature"
    },
    {
      "geometry": {
        "coordinates": [
          79.8615606,
          6.9187773
        ],
        "type": "Point"
      },
      "id": "node/10260948419",
      "properties": {
        "feature_type": "crossing",
        "in_core": true,
        "kind": "traffic_signals",
        "linked_way_ids": [
          755095321,
          1121878513
        ],
        "osm_id": 10260948419,
        "osm_type": "node",
        "tags": {
          "crossing": "traffic_signals",
          "highway": "crossing"
        },
        "zone": "core"
      },
      "type": "Feature"
    },
    {
      "geometry": {
        "coordinates": [
          79.8614792,
          6.9188203
        ],
        "type": "Point"
      },
      "id": "node/10260948420",
      "properties": {
        "feature_type": "crossing",
        "in_core": true,
        "kind": "traffic_signals",
        "linked_way_ids": [
          1089605500,
          1121878513
        ],
        "osm_id": 10260948420,
        "osm_type": "node",
        "tags": {
          "crossing": "traffic_signals",
          "highway": "crossing"
        },
        "zone": "core"
      },
      "type": "Feature"
    },
    {
      "geometry": {
        "coordinates": [
          79.8609352,
          6.9190835
        ],
        "type": "Point"
      },
      "id": "node/10260948437",
      "properties": {
        "feature_type": "crossing",
        "in_core": true,
        "kind": "uncontrolled",
        "linked_way_ids": [
          48588707
        ],
        "osm_id": 10260948437,
        "osm_type": "node",
        "tags": {
          "crossing": "uncontrolled",
          "crossing:island": "yes",
          "crossing:markings": "lines",
          "highway": "crossing",
          "kerb": "lowered"
        },
        "zone": "core"
      },
      "type": "Feature"
    },
    {
      "geometry": {
        "coordinates": [
          79.8490727,
          6.9196433
        ],
        "type": "Point"
      },
      "id": "node/10260948453",
      "properties": {
        "feature_type": "crossing",
        "in_core": false,
        "kind": "uncontrolled",
        "linked_way_ids": [
          48755166
        ],
        "osm_id": 10260948453,
        "osm_type": "node",
        "tags": {
          "crossing": "uncontrolled",
          "crossing:markings": "zebra:bicolour",
          "highway": "crossing"
        },
        "zone": "context"
      },
      "type": "Feature"
    },
    {
      "geometry": {
        "coordinates": [
          79.8663021,
          6.9372223
        ],
        "type": "Point"
      },
      "id": "node/10260948456",
      "properties": {
        "feature_type": "crossing",
        "in_core": false,
        "kind": "crossing",
        "linked_way_ids": [
          625329097,
          1121878521
        ],
        "osm_id": 10260948456,
        "osm_type": "node",
        "tags": {
          "highway": "crossing"
        },
        "zone": "context"
      },
      "type": "Feature"
    },
    {
      "geometry": {
        "coordinates": [
          79.8664099,
          6.937221
        ],
        "type": "Point"
      },
      "id": "node/10260948457",
      "properties": {
        "feature_type": "crossing",
        "in_core": false,
        "kind": "crossing",
        "linked_way_ids": [
          625329091,
          1121878521
        ],
        "osm_id": 10260948457,
        "osm_type": "node",
        "tags": {
          "highway": "crossing"
        },
        "zone": "context"
      },
      "type": "Feature"
    },
    {
      "geometry": {
        "coordinates": [
          79.8662897,
          6.9385634
        ],
        "type": "Point"
      },
      "id": "node/10260948458",
      "properties": {
        "feature_type": "crossing",
        "in_core": false,
        "kind": "uncontrolled",
        "linked_way_ids": [
          625329097,
          1121878522
        ],
        "osm_id": 10260948458,
        "osm_type": "node",
        "tags": {
          "crossing": "uncontrolled",
          "highway": "crossing"
        },
        "zone": "relation_completion"
      },
      "type": "Feature"
    },
    {
      "geometry": {
        "coordinates": [
          79.8663915,
          6.9385814
        ],
        "type": "Point"
      },
      "id": "node/10260948459",
      "properties": {
        "feature_type": "crossing",
        "in_core": false,
        "kind": "uncontrolled",
        "linked_way_ids": [
          625329091,
          1121878522
        ],
        "osm_id": 10260948459,
        "osm_type": "node",
        "tags": {
          "crossing": "uncontrolled",
          "highway": "crossing"
        },
        "zone": "relation_completion"
      },
      "type": "Feature"
    },
    {
      "geometry": {
        "coordinates": [
          79.8657888,
          6.9398571
        ],
        "type": "Point"
      },
      "id": "node/10260948460",
      "properties": {
        "feature_type": "crossing",
        "in_core": false,
        "kind": "crossing",
        "linked_way_ids": [
          625329097,
          1121878523
        ],
        "osm_id": 10260948460,
        "osm_type": "node",
        "tags": {
          "highway": "crossing"
        },
        "zone": "relation_completion"
      },
      "type": "Feature"
    },
    {
      "geometry": {
        "coordinates": [
          79.8658864,
          6.9399042
        ],
        "type": "Point"
      },
      "id": "node/10260948461",
      "properties": {
        "feature_type": "crossing",
        "in_core": false,
        "kind": "crossing",
        "linked_way_ids": [
          625329091,
          1121878523
        ],
        "osm_id": 10260948461,
        "osm_type": "node",
        "tags": {
          "highway": "crossing"
        },
        "zone": "relation_completion"
      },
      "type": "Feature"
    },
    {
      "geometry": {
        "coordinates": [
          79.8649116,
          6.9417159
        ],
        "type": "Point"
      },
      "id": "node/10260948462",
      "properties": {
        "feature_type": "crossing",
        "in_core": false,
        "kind": "crossing",
        "linked_way_ids": [
          1456625675
        ],
        "osm_id": 10260948462,
        "osm_type": "node",
        "tags": {
          "highway": "crossing"
        },
        "zone": "relation_completion"
      },
      "type": "Feature"
    },
    {
      "geometry": {
        "coordinates": [
          79.8650165,
          6.941765
        ],
        "type": "Point"
      },
      "id": "node/10260948463",
      "properties": {
        "feature_type": "crossing",
        "in_core": false,
        "kind": "crossing",
        "linked_way_ids": [
          1456626364
        ],
        "osm_id": 10260948463,
        "osm_type": "node",
        "tags": {
          "highway": "crossing"
        },
        "zone": "relation_completion"
      },
      "type": "Feature"
    },
    {
      "geometry": {
        "coordinates": [
          79.8647997,
          6.9419504
        ],
        "type": "Point"
      },
      "id": "node/10260948464",
      "properties": {
        "feature_type": "crossing",
        "in_core": false,
        "kind": "crossing",
        "linked_way_ids": [
          1456625675
        ],
        "osm_id": 10260948464,
        "osm_type": "node",
        "tags": {
          "highway": "crossing"
        },
        "zone": "relation_completion"
      },
      "type": "Feature"
    },
    {
      "geometry": {
        "coordinates": [
          79.8642342,
          6.9431642
        ],
        "type": "Point"
      },
      "id": "node/10260948466",
      "properties": {
        "feature_type": "crossing",
        "in_core": false,
        "kind": "crossing",
        "linked_way_ids": [
          1456625675
        ],
        "osm_id": 10260948466,
        "osm_type": "node",
        "tags": {
          "crossing:signals": "yes",
          "highway": "crossing"
        },
        "zone": "relation_completion"
      },
      "type": "Feature"
    },
    {
      "geometry": {
        "coordinates": [
          79.8431224,
          6.9329798
        ],
        "type": "Point"
      },
      "id": "node/10267780309",
      "properties": {
        "feature_type": "crossing",
        "in_core": false,
        "kind": "uncontrolled",
        "linked_way_ids": [
          194454261
        ],
        "osm_id": 10267780309,
        "osm_type": "node",
        "tags": {
          "crossing": "uncontrolled",
          "crossing:island": "no",
          "highway": "crossing"
        },
        "zone": "relation_completion"
      },
      "type": "Feature"
    },
    {
      "geometry": {
        "coordinates": [
          79.8432102,
          6.9355585
        ],
        "type": "Point"
      },
      "id": "node/10267780311",
      "properties": {
        "feature_type": "crossing",
        "in_core": false,
        "kind": "uncontrolled",
        "linked_way_ids": [
          54139184
        ],
        "osm_id": 10267780311,
        "osm_type": "node",
        "tags": {
          "crossing": "uncontrolled",
          "crossing:island": "no",
          "highway": "crossing",
          "kerb": "lowered"
        },
        "zone": "relation_completion"
      },
      "type": "Feature"
    },
    {
      "geometry": {
        "coordinates": [
          79.852448,
          6.9348205
        ],
        "type": "Point"
      },
      "id": "node/10267780312",
      "properties": {
        "feature_type": "crossing",
        "in_core": false,
        "kind": "crossing",
        "linked_way_ids": [
          1122672155,
          1141512433,
          1363100289
        ],
        "osm_id": 10267780312,
        "osm_type": "node",
        "tags": {
          "highway": "crossing"
        },
        "zone": "context"
      },
      "type": "Feature"
    },
    {
      "geometry": {
        "coordinates": [
          79.8524824,
          6.934728
        ],
        "type": "Point"
      },
      "id": "node/10267780313",
      "properties": {
        "feature_type": "crossing",
        "in_core": false,
        "kind": "crossing",
        "linked_way_ids": [
          194101253,
          1122672155
        ],
        "osm_id": 10267780313,
        "osm_type": "node",
        "tags": {
          "highway": "crossing"
        },
        "zone": "context"
      },
      "type": "Feature"
    },
    {
      "geometry": {
        "coordinates": [
          79.8457769,
          6.9324305
        ],
        "type": "Point"
      },
      "id": "node/10267796071",
      "properties": {
        "feature_type": "crossing",
        "in_core": false,
        "kind": "marked",
        "linked_way_ids": [
          112750205,
          1122674382,
          1552091944,
          1552091959
        ],
        "osm_id": 10267796071,
        "osm_type": "node",
        "tags": {
          "crossing": "marked",
          "highway": "crossing"
        },
        "zone": "relation_completion"
      },
      "type": "Feature"
    },
    {
      "geometry": {
        "coordinates": [
          79.8458821,
          6.9323695
        ],
        "type": "Point"
      },
      "id": "node/10267796072",
      "properties": {
        "feature_type": "crossing",
        "in_core": false,
        "kind": "marked",
        "linked_way_ids": [
          112750207,
          1122674382,
          1495735372,
          1552091948
        ],
        "osm_id": 10267796072,
        "osm_type": "node",
        "tags": {
          "crossing": "marked",
          "crossing:markings": "lines",
          "highway": "crossing"
        },
        "zone": "context"
      },
      "type": "Feature"
    },
    {
      "geometry": {
        "coordinates": [
          79.8458365,
          6.932396
        ],
        "type": "Point"
      },
      "id": "node/10267796073",
      "properties": {
        "feature_type": "crossing",
        "in_core": false,
        "kind": "marked",
        "linked_way_ids": [
          308340214,
          1122674382
        ],
        "osm_id": 10267796073,
        "osm_type": "node",
        "tags": {
          "crossing": "marked",
          "crossing:markings": "lines",
          "highway": "crossing"
        },
        "zone": "relation_completion"
      },
      "type": "Feature"
    },
    {
      "geometry": {
        "coordinates": [
          79.8470008,
          6.9324975
        ],
        "type": "Point"
      },
      "id": "node/10268949856",
      "properties": {
        "feature_type": "crossing",
        "in_core": false,
        "kind": "traffic_signals",
        "linked_way_ids": [
          308341565,
          1122817222,
          1552091945,
          1552091951
        ],
        "osm_id": 10268949856,
        "osm_type": "node",
        "tags": {
          "button_operated": "yes",
          "crossing": "traffic_signals",
          "crossing:signals": "yes",
          "highway": "crossing",
          "traffic_signals:sound": "no",
          "traffic_signals:vibration": "yes"
        },
        "zone": "context"
      },
      "type": "Feature"
    },
    {
      "geometry": {
        "coordinates": [
          79.8470452,
          6.9323592
        ],
        "type": "Point"
      },
      "id": "node/10268949857",
      "properties": {
        "feature_type": "crossing",
        "in_core": false,
        "kind": "traffic_signals",
        "linked_way_ids": [
          355488334,
          1122817222,
          1495325114
        ],
        "osm_id": 10268949857,
        "osm_type": "node",
        "tags": {
          "button_operated": "yes",
          "crossing": "traffic_signals",
          "crossing:signals": "yes",
          "highway": "crossing",
          "traffic_signals:sound": "no",
          "traffic_signals:vibration": "yes"
        },
        "zone": "context"
      },
      "type": "Feature"
    },
    {
      "geometry": {
        "coordinates": [
          79.8470331,
          6.9323968
        ],
        "type": "Point"
      },
      "id": "node/10268949858",
      "properties": {
        "feature_type": "crossing",
        "in_core": false,
        "kind": "traffic_signals",
        "linked_way_ids": [
          359950099,
          1122817222
        ],
        "osm_id": 10268949858,
        "osm_type": "node",
        "tags": {
          "button_operated": "yes",
          "crossing": "traffic_signals",
          "crossing:signals": "yes",
          "highway": "crossing",
          "traffic_signals:sound": "no",
          "traffic_signals:vibration": "no"
        },
        "zone": "context"
      },
      "type": "Feature"
    },
    {
      "geometry": {
        "coordinates": [
          79.8603671,
          6.9323672
        ],
        "type": "Point"
      },
      "id": "node/10268955039",
      "properties": {
        "feature_type": "crossing",
        "in_core": true,
        "kind": "traffic_signals",
        "linked_way_ids": [
          347547910,
          1122816968
        ],
        "osm_id": 10268955039,
        "osm_type": "node",
        "tags": {
          "crossing": "traffic_signals",
          "highway": "crossing"
        },
        "zone": "core"
      },
      "type": "Feature"
    },
    {
      "geometry": {
        "coordinates": [
          79.8604581,
          6.9324281
        ],
        "type": "Point"
      },
      "id": "node/10268955040",
      "properties": {
        "feature_type": "crossing",
        "in_core": true,
        "kind": "traffic_signals",
        "linked_way_ids": [
          1122816971,
          1494764783
        ],
        "osm_id": 10268955040,
        "osm_type": "node",
        "tags": {
          "crossing": "traffic_signals",
          "highway": "crossing"
        },
        "zone": "core"
      },
      "type": "Feature"
    },
    {
      "geometry": {
        "coordinates": [
          79.8606448,
          6.9323621
        ],
        "type": "Point"
      },
      "id": "node/10268955041",
      "properties": {
        "feature_type": "crossing",
        "in_core": true,
        "kind": "traffic_signals",
        "linked_way_ids": [
          379161607,
          1122816969,
          1122816971,
          1489572406
        ],
        "osm_id": 10268955041,
        "osm_type": "node",
        "tags": {
          "crossing": "traffic_signals",
          "highway": "crossing"
        },
        "zone": "core"
      },
      "type": "Feature"
    },
    {
      "geometry": {
        "coordinates": [
          79.8607253,
          6.9322355
        ],
        "type": "Point"
      },
      "id": "node/10268955043",
      "properties": {
        "feature_type": "crossing",
        "in_core": true,
        "kind": "traffic_signals",
        "linked_way_ids": [
          480882248,
          1122816969,
          1489572403
        ],
        "osm_id": 10268955043,
        "osm_type": "node",
        "tags": {
          "crossing": "traffic_signals",
          "highway": "crossing"
        },
        "zone": "core"
      },
      "type": "Feature"
    },
    {
      "geometry": {
        "coordinates": [
          79.8605953,
          6.9322079
        ],
        "type": "Point"
      },
      "id": "node/10268955046",
      "properties": {
        "feature_type": "crossing",
        "in_core": true,
        "kind": "traffic_signals",
        "linked_way_ids": [
          347544917,
          1122816970
        ],
        "osm_id": 10268955046,
        "osm_type": "node",
        "tags": {
          "crossing": "traffic_signals",
          "highway": "crossing"
        },
        "zone": "core"
      },
      "type": "Feature"
    },
    {
      "geometry": {
        "coordinates": [
          79.8603275,
          6.9322674
        ],
        "type": "Point"
      },
      "id": "node/10268955047",
      "properties": {
        "feature_type": "crossing",
        "in_core": true,
        "kind": "traffic_signals",
        "linked_way_ids": [
          10548362,
          1122816973
        ],
        "osm_id": 10268955047,
        "osm_type": "node",
        "tags": {
          "crossing": "traffic_signals",
          "highway": "crossing"
        },
        "zone": "core"
      },
      "type": "Feature"
    },
    {
      "geometry": {
        "coordinates": [
          79.8564589,
          6.9333429
        ],
        "type": "Point"
      },
      "id": "node/10268955051",
      "properties": {
        "feature_type": "crossing",
        "in_core": true,
        "kind": "crossing",
        "linked_way_ids": [
          480882247,
          1122816981
        ],
        "osm_id": 10268955051,
        "osm_type": "node",
        "tags": {
          "crossing:signals": "no",
          "highway": "crossing"
        },
        "zone": "core"
      },
      "type": "Feature"
    },
    {
      "geometry": {
        "coordinates": [
          79.8565327,
          6.9334189
        ],
        "type": "Point"
      },
      "id": "node/10268955052",
      "properties": {
        "feature_type": "crossing",
        "in_core": true,
        "kind": "crossing",
        "linked_way_ids": [
          1122816981,
          1140689828
        ],
        "osm_id": 10268955052,
        "osm_type": "node",
        "tags": {
          "highway": "crossing"
        },
        "zone": "core"
      },
      "type": "Feature"
    },
    {
      "geometry": {
        "coordinates": [
          79.8536063,
          6.9349998
        ],
        "type": "Point"
      },
      "id": "node/10268955053",
      "properties": {
        "feature_type": "crossing",
        "in_core": false,
        "kind": "crossing",
        "linked_way_ids": [
          1122816982,
          1141512433,
          1491925938
        ],
        "osm_id": 10268955053,
        "osm_type": "node",
        "tags": {
          "highway": "crossing"
        },
        "zone": "context"
      },
      "type": "Feature"
    },
    {
      "geometry": {
        "coordinates": [
          79.8540662,
          6.9348101
        ],
        "type": "Point"
      },
      "id": "node/10268955054",
      "properties": {
        "feature_type": "crossing",
        "in_core": true,
        "kind": "traffic_signals",
        "linked_way_ids": [
          713886119,
          1122816983
        ],
        "osm_id": 10268955054,
        "osm_type": "node",
        "tags": {
          "crossing": "traffic_signals",
          "highway": "crossing"
        },
        "zone": "core"
      },
      "type": "Feature"
    },
    {
      "geometry": {
        "coordinates": [
          79.8540199,
          6.9347395
        ],
        "type": "Point"
      },
      "id": "node/10268955055",
      "properties": {
        "feature_type": "crossing",
        "in_core": true,
        "kind": "traffic_signals",
        "linked_way_ids": [
          713886118,
          1122816983,
          1492857284
        ],
        "osm_id": 10268955055,
        "osm_type": "node",
        "tags": {
          "crossing": "traffic_signals",
          "highway": "crossing"
        },
        "zone": "core"
      },
      "type": "Feature"
    },
    {
      "geometry": {
        "coordinates": [
          79.8555993,
          6.9343179
        ],
        "type": "Point"
      },
      "id": "node/10268955056",
      "properties": {
        "feature_type": "crossing",
        "in_core": true,
        "kind": "crossing",
        "linked_way_ids": [
          225521547,
          1122816984
        ],
        "osm_id": 10268955056,
        "osm_type": "node",
        "tags": {
          "highway": "crossing"
        },
        "zone": "core"
      },
      "type": "Feature"
    },
    {
      "geometry": {
        "coordinates": [
          79.8555673,
          6.93409
        ],
        "type": "Point"
      },
      "id": "node/10268955058",
      "properties": {
        "feature_type": "crossing",
        "in_core": true,
        "kind": "crossing",
        "linked_way_ids": [
          198343779,
          1122816984
        ],
        "osm_id": 10268955058,
        "osm_type": "node",
        "tags": {
          "highway": "crossing"
        },
        "zone": "core"
      },
      "type": "Feature"
    },
    {
      "geometry": {
        "coordinates": [
          79.8556023,
          6.9341935
        ],
        "type": "Point"
      },
      "id": "node/10268955059",
      "properties": {
        "feature_type": "crossing",
        "in_core": true,
        "kind": "crossing",
        "linked_way_ids": [
          1122816962,
          1122816984
        ],
        "osm_id": 10268955059,
        "osm_type": "node",
        "tags": {
          "highway": "crossing"
        },
        "zone": "core"
      },
      "type": "Feature"
    },
    {
      "geometry": {
        "coordinates": [
          79.8556063,
          6.934206
        ],
        "type": "Point"
      },
      "id": "node/10268955060",
      "properties": {
        "feature_type": "crossing",
        "in_core": true,
        "kind": "crossing",
        "linked_way_ids": [
          1122816963,
          1122816984
        ],
        "osm_id": 10268955060,
        "osm_type": "node",
        "tags": {
          "highway": "crossing"
        },
        "zone": "core"
      },
      "type": "Feature"
    },
    {
      "geometry": {
        "coordinates": [
          79.8557015,
          6.9342959
        ],
        "type": "Point"
      },
      "id": "node/10268955063",
      "properties": {
        "feature_type": "crossing",
        "in_core": true,
        "kind": "crossing",
        "linked_way_ids": [
          1122816965,
          1122816985
        ],
        "osm_id": 10268955063,
        "osm_type": "node",
        "tags": {
          "highway": "crossing"
        },
        "zone": "core"
      },
      "type": "Feature"
    },
    {
      "geometry": {
        "coordinates": [
          79.8558009,
          6.934296
        ],
        "type": "Point"
      },
      "id": "node/10268955064",
      "properties": {
        "feature_type": "crossing",
        "in_core": true,
        "kind": "crossing",
        "linked_way_ids": [
          462376383,
          1122816985
        ],
        "osm_id": 10268955064,
        "osm_type": "node",
        "tags": {
          "highway": "crossing"
        },
        "zone": "core"
      },
      "type": "Feature"
    },
    {
      "geometry": {
        "coordinates": [
          79.855909,
          6.9342222
        ],
        "type": "Point"
      },
      "id": "node/10268955065",
      "properties": {
        "feature_type": "crossing",
        "in_core": true,
        "kind": "uncontrolled",
        "linked_way_ids": [
          109355206,
          1122816985
        ],
        "osm_id": 10268955065,
        "osm_type": "node",
        "tags": {
          "crossing": "uncontrolled",
          "highway": "crossing"
        },
        "zone": "core"
      },
      "type": "Feature"
    },
    {
      "geometry": {
        "coordinates": [
          79.8575489,
          6.9325246
        ],
        "type": "Point"
      },
      "id": "node/10268955068",
      "properties": {
        "feature_type": "crossing",
        "in_core": true,
        "kind": "crossing",
        "linked_way_ids": [
          1122816987,
          1122816989
        ],
        "osm_id": 10268955068,
        "osm_type": "node",
        "tags": {
          "highway": "crossing"
        },
        "zone": "core"
      },
      "type": "Feature"
    },
    {
      "geometry": {
        "coordinates": [
          79.8573549,
          6.9324513
        ],
        "type": "Point"
      },
      "id": "node/10268955070",
      "properties": {
        "feature_type": "crossing",
        "in_core": true,
        "kind": "crossing",
        "linked_way_ids": [
          200571277,
          1122816990,
          1363102235
        ],
        "osm_id": 10268955070,
        "osm_type": "node",
        "tags": {
          "crossing:signals": "no",
          "highway": "crossing"
        },
        "zone": "core"
      },
      "type": "Feature"
    },
    {
      "geometry": {
        "coordinates": [
          79.857418,
          6.9325088
        ],
        "type": "Point"
      },
      "id": "node/10268955071",
      "properties": {
        "feature_type": "crossing",
        "in_core": true,
        "kind": "crossing",
        "linked_way_ids": [
          194101443,
          1122816990
        ],
        "osm_id": 10268955071,
        "osm_type": "node",
        "tags": {
          "highway": "crossing"
        },
        "zone": "core"
      },
      "type": "Feature"
    },
    {
      "geometry": {
        "coordinates": [
          79.8660327,
          6.9347346
        ],
        "type": "Point"
      },
      "id": "node/10268955072",
      "properties": {
        "feature_type": "crossing",
        "in_core": false,
        "kind": "traffic_signals",
        "linked_way_ids": [
          625329096,
          1122816992
        ],
        "osm_id": 10268955072,
        "osm_type": "node",
        "tags": {
          "crossing": "traffic_signals",
          "highway": "crossing"
        },
        "zone": "context"
      },
      "type": "Feature"
    },
    {
      "geometry": {
        "coordinates": [
          79.8661446,
          6.9346817
        ],
        "type": "Point"
      },
      "id": "node/10268955074",
      "properties": {
        "feature_type": "crossing",
        "in_core": false,
        "kind": "traffic_signals",
        "linked_way_ids": [
          625329099,
          1122816992
        ],
        "osm_id": 10268955074,
        "osm_type": "node",
        "tags": {
          "crossing": "traffic_signals",
          "highway": "crossing"
        },
        "zone": "context"
      },
      "type": "Feature"
    },
    {
      "geometry": {
        "coordinates": [
          79.8663081,
          6.9345219
        ],
        "type": "Point"
      },
      "id": "node/10268955075",
      "properties": {
        "feature_type": "crossing",
        "in_core": false,
        "kind": "traffic_signals",
        "linked_way_ids": [
          200571278,
          1122816993
        ],
        "osm_id": 10268955075,
        "osm_type": "node",
        "tags": {
          "crossing": "traffic_signals",
          "highway": "crossing"
        },
        "zone": "context"
      },
      "type": "Feature"
    },
    {
      "geometry": {
        "coordinates": [
          79.8663084,
          6.9344209
        ],
        "type": "Point"
      },
      "id": "node/10268955077",
      "properties": {
        "feature_type": "crossing",
        "in_core": false,
        "kind": "traffic_signals",
        "linked_way_ids": [
          313262041,
          1122816993
        ],
        "osm_id": 10268955077,
        "osm_type": "node",
        "tags": {
          "crossing": "traffic_signals",
          "highway": "crossing"
        },
        "zone": "context"
      },
      "type": "Feature"
    },
    {
      "geometry": {
        "coordinates": [
          79.8659347,
          6.9340617
        ],
        "type": "Point"
      },
      "id": "node/10268955078",
      "properties": {
        "feature_type": "crossing",
        "in_core": false,
        "kind": "crossing",
        "linked_way_ids": [
          347544918,
          1122816994
        ],
        "osm_id": 10268955078,
        "osm_type": "node",
        "tags": {
          "highway": "crossing"
        },
        "zone": "context"
      },
      "type": "Feature"
    },
    {
      "geometry": {
        "coordinates": [
          79.8660366,
          6.9340552
        ],
        "type": "Point"
      },
      "id": "node/10268955079",
      "properties": {
        "feature_type": "crossing",
        "in_core": false,
        "kind": "crossing",
        "linked_way_ids": [
          382475258,
          1122816994
        ],
        "osm_id": 10268955079,
        "osm_type": "node",
        "tags": {
          "highway": "crossing"
        },
        "zone": "context"
      },
      "type": "Feature"
    },
    {
      "geometry": {
        "coordinates": [
          79.8679079,
          6.9346631
        ],
        "type": "Point"
      },
      "id": "node/10268955080",
      "properties": {
        "feature_type": "crossing",
        "in_core": false,
        "kind": "marked",
        "linked_way_ids": [
          200571278,
          1122816995
        ],
        "osm_id": 10268955080,
        "osm_type": "node",
        "tags": {
          "crossing": "marked",
          "crossing:markings": "yes",
          "highway": "crossing"
        },
        "zone": "context"
      },
      "type": "Feature"
    },
    {
      "geometry": {
        "coordinates": [
          79.8679084,
          6.9345745
        ],
        "type": "Point"
      },
      "id": "node/10268955081",
      "properties": {
        "feature_type": "crossing",
        "in_core": false,
        "kind": "marked",
        "linked_way_ids": [
          313262041,
          1122816995
        ],
        "osm_id": 10268955081,
        "osm_type": "node",
        "tags": {
          "crossing": "marked",
          "crossing:markings": "yes",
          "highway": "crossing"
        },
        "zone": "context"
      },
      "type": "Feature"
    },
    {
      "geometry": {
        "coordinates": [
          79.8718066,
          6.9352523
        ],
        "type": "Point"
      },
      "id": "node/10268955082",
      "properties": {
        "feature_type": "crossing",
        "in_core": false,
        "kind": "traffic_signals",
        "linked_way_ids": [
          1122816998,
          1456489202
        ],
        "osm_id": 10268955082,
        "osm_type": "node",
        "tags": {
          "crossing": "traffic_signals",
          "highway": "crossing"
        },
        "zone": "relation_completion"
      },
      "type": "Feature"
    },
    {
      "geometry": {
        "coordinates": [
          79.8718252,
          6.9351862
        ],
        "type": "Point"
      },
      "id": "node/10268955083",
      "properties": {
        "feature_type": "crossing",
        "in_core": false,
        "kind": "traffic_signals",
        "linked_way_ids": [
          1122816998,
          1456489485
        ],
        "osm_id": 10268955083,
        "osm_type": "node",
        "tags": {
          "crossing": "traffic_signals",
          "highway": "crossing"
        },
        "zone": "relation_completion"
      },
      "type": "Feature"
    },
    {
      "geometry": {
        "coordinates": [
          79.8723642,
          6.9354625
        ],
        "type": "Point"
      },
      "id": "node/10268955084",
      "properties": {
        "feature_type": "crossing",
        "in_core": false,
        "kind": "marked",
        "linked_way_ids": [
          1456489202
        ],
        "osm_id": 10268955084,
        "osm_type": "node",
        "tags": {
          "crossing": "marked",
          "crossing:markings": "yes",
          "highway": "crossing"
        },
        "zone": "relation_completion"
      },
      "type": "Feature"
    },
    {
      "geometry": {
        "coordinates": [
          79.8724097,
          6.9354071
        ],
        "type": "Point"
      },
      "id": "node/10268955085",
      "properties": {
        "feature_type": "crossing",
        "in_core": false,
        "kind": "marked",
        "linked_way_ids": [
          1456489485
        ],
        "osm_id": 10268955085,
        "osm_type": "node",
        "tags": {
          "crossing": "marked",
          "crossing:markings": "yes",
          "highway": "crossing"
        },
        "zone": "relation_completion"
      },
      "type": "Feature"
    },
    {
      "geometry": {
        "coordinates": [
          79.8523141,
          6.9233166
        ],
        "type": "Point"
      },
      "id": "node/10268958223",
      "properties": {
        "feature_type": "crossing",
        "in_core": true,
        "kind": "crossing",
        "linked_way_ids": [
          1122818092,
          1122818093
        ],
        "osm_id": 10268958223,
        "osm_type": "node",
        "tags": {
          "highway": "crossing"
        },
        "zone": "core"
      },
      "type": "Feature"
    },
    {
      "geometry": {
        "coordinates": [
          79.8523308,
          6.923321
        ],
        "type": "Point"
      },
      "id": "node/10268958224",
      "properties": {
        "feature_type": "crossing",
        "in_core": true,
        "kind": "crossing",
        "linked_way_ids": [
          351911648,
          1122818093
        ],
        "osm_id": 10268958224,
        "osm_type": "node",
        "tags": {
          "highway": "crossing"
        },
        "zone": "core"
      },
      "type": "Feature"
    },
    {
      "geometry": {
        "coordinates": [
          79.8520214,
          6.924376
        ],
        "type": "Point"
      },
      "id": "node/10268958225",
      "properties": {
        "feature_type": "crossing",
        "in_core": true,
        "kind": "uncontrolled",
        "linked_way_ids": [
          351911648
        ],
        "osm_id": 10268958225,
        "osm_type": "node",
        "tags": {
          "crossing": "uncontrolled",
          "highway": "crossing"
        },
        "zone": "core"
      },
      "type": "Feature"
    },
    {
      "geometry": {
        "coordinates": [
          79.8516687,
          6.9255791
        ],
        "type": "Point"
      },
      "id": "node/10268958226",
      "properties": {
        "feature_type": "crossing",
        "in_core": true,
        "kind": "uncontrolled",
        "linked_way_ids": [
          351911648
        ],
        "osm_id": 10268958226,
        "osm_type": "node",
        "tags": {
          "crossing": "uncontrolled",
          "highway": "crossing"
        },
        "zone": "core"
      },
      "type": "Feature"
    },
    {
      "geometry": {
        "coordinates": [
          79.8617224,
          6.9120123
        ],
        "type": "Point"
      },
      "id": "node/10285465359",
      "properties": {
        "feature_type": "crossing",
        "in_core": false,
        "kind": "crossing",
        "linked_way_ids": [
          1102933477
        ],
        "osm_id": 10285465359,
        "osm_type": "node",
        "tags": {
          "highway": "crossing"
        },
        "zone": "relation_completion"
      },
      "type": "Feature"
    },
    {
      "geometry": {
        "coordinates": [
          79.855295,
          6.9172844
        ],
        "type": "Point"
      },
      "id": "node/10291746323",
      "properties": {
        "feature_type": "poi",
        "in_core": false,
        "kind": "shop=supermarket",
        "linked_way_ids": [],
        "osm_id": 10291746323,
        "osm_type": "node",
        "tags": {
          "brand": "Cargills Food City",
          "brand:wikidata": "Q58353955",
          "check_date": "2022-12-28",
          "name": "Cargills Food City",
          "shop": "supermarket"
        },
        "zone": "context"
      },
      "type": "Feature"
    },
    {
      "geometry": {
        "coordinates": [
          79.8478505,
          6.9168633
        ],
        "type": "Point"
      },
      "id": "node/10296971164",
      "properties": {
        "feature_type": "crossing",
        "in_core": false,
        "kind": "traffic_signals",
        "linked_way_ids": [
          455043201,
          1126056409
        ],
        "osm_id": 10296971164,
        "osm_type": "node",
        "tags": {
          "crossing": "traffic_signals",
          "highway": "crossing"
        },
        "zone": "relation_completion"
      },
      "type": "Feature"
    },
    {
      "geometry": {
        "coordinates": [
          79.8479285,
          6.9168912
        ],
        "type": "Point"
      },
      "id": "node/10296971165",
      "properties": {
        "feature_type": "crossing",
        "in_core": false,
        "kind": "traffic_signals",
        "linked_way_ids": [
          455043216,
          1126056409
        ],
        "osm_id": 10296971165,
        "osm_type": "node",
        "tags": {
          "crossing": "traffic_signals",
          "highway": "crossing"
        },
        "zone": "relation_completion"
      },
      "type": "Feature"
    },
    {
      "geometry": {
        "coordinates": [
          79.8679314,
          6.9247387
        ],
        "type": "Point"
      },
      "id": "node/10555850724",
      "properties": {
        "feature_type": "crossing",
        "in_core": false,
        "kind": "traffic_signals",
        "linked_way_ids": [
          24791500,
          1132104057
        ],
        "osm_id": 10555850724,
        "osm_type": "node",
        "tags": {
          "crossing": "traffic_signals",
          "highway": "crossing"
        },
        "zone": "context"
      },
      "type": "Feature"
    },
    {
      "geometry": {
        "coordinates": [
          79.867852,
          6.9246665
        ],
        "type": "Point"
      },
      "id": "node/10555850725",
      "properties": {
        "feature_type": "crossing",
        "in_core": false,
        "kind": "traffic_signals",
        "linked_way_ids": [
          350014237,
          1132104057
        ],
        "osm_id": 10555850725,
        "osm_type": "node",
        "tags": {
          "crossing": "traffic_signals",
          "highway": "crossing"
        },
        "zone": "context"
      },
      "type": "Feature"
    },
    {
      "geometry": {
        "coordinates": [
          79.8678302,
          6.924563
        ],
        "type": "Point"
      },
      "id": "node/10555850726",
      "properties": {
        "feature_type": "crossing",
        "in_core": false,
        "kind": "traffic_signals",
        "linked_way_ids": [
          48809065
        ],
        "osm_id": 10555850726,
        "osm_type": "node",
        "tags": {
          "crossing": "traffic_signals",
          "crossing:island": "no",
          "highway": "crossing"
        },
        "zone": "context"
      },
      "type": "Feature"
    },
    {
      "geometry": {
        "coordinates": [
          79.8670305,
          6.9253863
        ],
        "type": "Point"
      },
      "id": "node/10555850727",
      "properties": {
        "feature_type": "crossing",
        "in_core": true,
        "kind": "uncontrolled",
        "linked_way_ids": [
          54059916
        ],
        "osm_id": 10555850727,
        "osm_type": "node",
        "tags": {
          "crossing": "uncontrolled",
          "crossing:island": "no",
          "highway": "crossing",
          "kerb": "flush"
        },
        "zone": "core"
      },
      "type": "Feature"
    },
    {
      "geometry": {
        "coordinates": [
          79.8666048,
          6.9261833
        ],
        "type": "Point"
      },
      "id": "node/10555850728",
      "properties": {
        "feature_type": "crossing",
        "in_core": true,
        "kind": "traffic_signals",
        "linked_way_ids": [
          54059715
        ],
        "osm_id": 10555850728,
        "osm_type": "node",
        "tags": {
          "crossing": "traffic_signals",
          "crossing:island": "no",
          "highway": "crossing",
          "kerb": "lowered"
        },
        "zone": "core"
      },
      "type": "Feature"
    },
    {
      "geometry": {
        "coordinates": [
          79.8685917,
          6.9268813
        ],
        "type": "Point"
      },
      "id": "node/10555850729",
      "properties": {
        "feature_type": "crossing",
        "in_core": false,
        "kind": "uncontrolled",
        "linked_way_ids": [
          54059715
        ],
        "osm_id": 10555850729,
        "osm_type": "node",
        "tags": {
          "crossing": "uncontrolled",
          "highway": "crossing"
        },
        "zone": "context"
      },
      "type": "Feature"
    },
    {
      "geometry": {
        "coordinates": [
          79.8635931,
          6.9292874
        ],
        "type": "Point"
      },
      "id": "node/10555850730",
      "properties": {
        "feature_type": "crossing",
        "in_core": true,
        "kind": "traffic_signals",
        "linked_way_ids": [
          308342362,
          1132104059,
          1490861786
        ],
        "osm_id": 10555850730,
        "osm_type": "node",
        "tags": {
          "crossing": "traffic_signals",
          "highway": "crossing"
        },
        "zone": "core"
      },
      "type": "Feature"
    },
    {
      "geometry": {
        "coordinates": [
          79.8635577,
          6.9292531
        ],
        "type": "Point"
      },
      "id": "node/10555850731",
      "properties": {
        "feature_type": "crossing",
        "in_core": true,
        "kind": "traffic_signals",
        "linked_way_ids": [
          386046677,
          1132104059
        ],
        "osm_id": 10555850731,
        "osm_type": "node",
        "tags": {
          "crossing": "traffic_signals",
          "highway": "crossing"
        },
        "zone": "core"
      },
      "type": "Feature"
    },
    {
      "geometry": {
        "coordinates": [
          79.8623945,
          6.9304788
        ],
        "type": "Point"
      },
      "id": "node/10555850732",
      "properties": {
        "feature_type": "crossing",
        "in_core": true,
        "kind": "uncontrolled",
        "linked_way_ids": [
          349861734
        ],
        "osm_id": 10555850732,
        "osm_type": "node",
        "tags": {
          "crossing": "uncontrolled",
          "highway": "crossing"
        },
        "zone": "core"
      },
      "type": "Feature"
    },
    {
      "geometry": {
        "coordinates": [
          79.8598614,
          6.9337693
        ],
        "type": "Point"
      },
      "id": "node/10555850734",
      "properties": {
        "feature_type": "crossing",
        "in_core": true,
        "kind": "uncontrolled",
        "linked_way_ids": [
          347548880,
          1492471232,
          1492471233
        ],
        "osm_id": 10555850734,
        "osm_type": "node",
        "tags": {
          "crossing": "uncontrolled",
          "highway": "crossing"
        },
        "zone": "core"
      },
      "type": "Feature"
    },
    {
      "geometry": {
        "coordinates": [
          79.8545022,
          6.9179082
        ],
        "type": "Point"
      },
      "id": "node/10605451588",
      "properties": {
        "feature_type": "poi",
        "in_core": false,
        "kind": "public_transport=stop_position",
        "linked_way_ids": [
          378863527
        ],
        "osm_id": 10605451588,
        "osm_type": "node",
        "tags": {
          "bus": "yes",
          "name": "Colombo City Center Halt",
          "public_transport": "stop_position"
        },
        "zone": "context"
      },
      "type": "Feature"
    },
    {
      "geometry": {
        "coordinates": [
          79.8529387,
          6.9213764
        ],
        "type": "Point"
      },
      "id": "node/10605451589",
      "properties": {
        "feature_type": "poi",
        "in_core": true,
        "kind": "public_transport=platform",
        "linked_way_ids": [
          378863526
        ],
        "osm_id": 10605451589,
        "osm_type": "node",
        "tags": {
          "bus": "yes",
          "highway": "bus_stop",
          "name": "Nawaloka Bus stop",
          "public_transport": "platform",
          "shelter": "yes"
        },
        "zone": "core"
      },
      "type": "Feature"
    },
    {
      "geometry": {
        "coordinates": [
          79.8504157,
          6.9254348
        ],
        "type": "Point"
      },
      "id": "node/10605451590",
      "properties": {
        "feature_type": "poi",
        "in_core": true,
        "kind": "public_transport=platform",
        "linked_way_ids": [
          50061749
        ],
        "osm_id": 10605451590,
        "osm_type": "node",
        "tags": {
          "bus": "yes",
          "highway": "bus_stop",
          "public_transport": "platform"
        },
        "zone": "core"
      },
      "type": "Feature"
    },
    {
      "geometry": {
        "coordinates": [
          79.8486542,
          6.9285643
        ],
        "type": "Point"
      },
      "id": "node/10605451591",
      "properties": {
        "feature_type": "poi",
        "in_core": false,
        "kind": "public_transport=platform",
        "linked_way_ids": [
          24255940
        ],
        "osm_id": 10605451591,
        "osm_type": "node",
        "tags": {
          "bus": "yes",
          "highway": "bus_stop",
          "name": "Cinnamon Lakeside Halt",
          "public_transport": "platform"
        },
        "zone": "context"
      },
      "type": "Feature"
    },
    {
      "geometry": {
        "coordinates": [
          79.8469491,
          6.9313543
        ],
        "type": "Point"
      },
      "id": "node/10605451592",
      "properties": {
        "feature_type": "poi",
        "in_core": false,
        "kind": "public_transport=platform",
        "linked_way_ids": [
          23924485
        ],
        "osm_id": 10605451592,
        "osm_type": "node",
        "tags": {
          "bus": "yes",
          "highway": "bus_stop",
          "name": "Regal Halt",
          "public_transport": "platform"
        },
        "zone": "context"
      },
      "type": "Feature"
    },
    {
      "geometry": {
        "coordinates": [
          79.8460338,
          6.9340921
        ],
        "type": "Point"
      },
      "id": "node/10605451593",
      "properties": {
        "feature_type": "poi",
        "in_core": false,
        "kind": "public_transport=platform",
        "linked_way_ids": [
          308348585
        ],
        "osm_id": 10605451593,
        "osm_type": "node",
        "tags": {
          "bench": "no",
          "bus": "yes",
          "highway": "bus_stop",
          "name": "Pettah SLT Halt",
          "public_transport": "platform",
          "shelter": "yes"
        },
        "zone": "relation_completion"
      },
      "type": "Feature"
    },
    {
      "geometry": {
        "coordinates": [
          79.8466826,
          6.9339931
        ],
        "type": "Point"
      },
      "id": "node/10605451595",
      "properties": {
        "feature_type": "crossing",
        "in_core": false,
        "kind": "uncontrolled",
        "linked_way_ids": [
          1122816959,
          1137759565
        ],
        "osm_id": 10605451595,
        "osm_type": "node",
        "tags": {
          "crossing": "uncontrolled",
          "highway": "crossing"
        },
        "zone": "context"
      },
      "type": "Feature"
    },
    {
      "geometry": {
        "coordinates": [
          79.8466306,
          6.9338729
        ],
        "type": "Point"
      },
      "id": "node/10605451596",
      "properties": {
        "feature_type": "crossing",
        "in_core": false,
        "kind": "uncontrolled",
        "linked_way_ids": [
          1137759565,
          1489536411
        ],
        "osm_id": 10605451596,
        "osm_type": "node",
        "tags": {
          "crossing": "uncontrolled",
          "highway": "crossing"
        },
        "zone": "context"
      },
      "type": "Feature"
    },
    {
      "geometry": {
        "coordinates": [
          79.8528805,
          6.9349534
        ],
        "type": "Point"
      },
      "id": "node/10605451598",
      "properties": {
        "feature_type": "poi",
        "in_core": false,
        "kind": "public_transport=platform",
        "linked_way_ids": [
          1141512433
        ],
        "osm_id": 10605451598,
        "osm_type": "node",
        "tags": {
          "bus": "yes",
          "highway": "bus_stop",
          "name": "Colombo Central Bus Stand",
          "public_transport": "platform"
        },
        "zone": "context"
      },
      "type": "Feature"
    },
    {
      "geometry": {
        "coordinates": [
          79.8566929,
          6.9332535
        ],
        "type": "Point"
      },
      "id": "node/10605451599",
      "properties": {
        "feature_type": "poi",
        "in_core": true,
        "kind": "public_transport=platform",
        "linked_way_ids": [
          200571276,
          1140689828
        ],
        "osm_id": 10605451599,
        "osm_type": "node",
        "tags": {
          "bus": "yes",
          "highway": "bus_stop",
          "name": "Colombo Fort",
          "public_transport": "platform"
        },
        "zone": "core"
      },
      "type": "Feature"
    },
    {
      "geometry": {
        "coordinates": [
          79.8539816,
          6.9223793
        ],
        "type": "Point"
      },
      "id": "node/10623286464",
      "properties": {
        "feature_type": "poi",
        "in_core": true,
        "kind": "tourism=hotel",
        "linked_way_ids": [],
        "osm_id": 10623286464,
        "osm_type": "node",
        "tags": {
          "name": "Thilhara Days Inn",
          "tourism": "hotel"
        },
        "zone": "core"
      },
      "type": "Feature"
    },
    {
      "geometry": {
        "coordinates": [
          79.8546349,
          6.9343891
        ],
        "type": "Point"
      },
      "id": "node/10633327861",
      "properties": {
        "feature_type": "poi",
        "in_core": true,
        "kind": "public_transport=platform",
        "linked_way_ids": [
          713886118
        ],
        "osm_id": 10633327861,
        "osm_type": "node",
        "tags": {
          "bus": "yes",
          "highway": "bus_stop",
          "name": "Colombo central Bus stand",
          "public_transport": "platform"
        },
        "zone": "core"
      },
      "type": "Feature"
    },
    {
      "geometry": {
        "coordinates": [
          79.847429,
          6.9340037
        ],
        "type": "Point"
      },
      "id": "node/10633327862",
      "properties": {
        "feature_type": "poi",
        "in_core": false,
        "kind": "public_transport=platform",
        "linked_way_ids": [
          351910070
        ],
        "osm_id": 10633327862,
        "osm_type": "node",
        "tags": {
          "bench": "no",
          "bin": "no",
          "bus": "yes",
          "highway": "bus_stop",
          "public_transport": "platform",
          "shelter": "no"
        },
        "zone": "context"
      },
      "type": "Feature"
    },
    {
      "geometry": {
        "coordinates": [
          79.8511544,
          6.9342999
        ],
        "type": "Point"
      },
      "id": "node/10633327866",
      "properties": {
        "feature_type": "crossing",
        "in_core": false,
        "kind": "uncontrolled",
        "linked_way_ids": [
          1107034739,
          1141512430
        ],
        "osm_id": 10633327866,
        "osm_type": "node",
        "tags": {
          "check_date:crossing": "2022-05-14",
          "crossing": "uncontrolled",
          "crossing_ref": "zebra",
          "highway": "crossing"
        },
        "zone": "context"
      },
      "type": "Feature"
    },
    {
      "geometry": {
        "coordinates": [
          79.8511188,
          6.9341903
        ],
        "type": "Point"
      },
      "id": "node/10633327868",
      "properties": {
        "feature_type": "crossing",
        "in_core": false,
        "kind": "uncontrolled",
        "linked_way_ids": [
          1141512431,
          1490409656
        ],
        "osm_id": 10633327868,
        "osm_type": "node",
        "tags": {
          "crossing": "uncontrolled",
          "highway": "crossing"
        },
        "zone": "context"
      },
      "type": "Feature"
    },
    {
      "geometry": {
        "coordinates": [
          79.8465008,
          6.9333247
        ],
        "type": "Point"
      },
      "id": "node/10633327882",
      "properties": {
        "feature_type": "poi",
        "in_core": false,
        "kind": "public_transport=platform",
        "linked_way_ids": [
          308348584
        ],
        "osm_id": 10633327882,
        "osm_type": "node",
        "tags": {
          "bus": "yes",
          "fixme": "verify its existence",
          "highway": "bus_stop",
          "public_transport": "platform"
        },
        "zone": "context"
      },
      "type": "Feature"
    },
    {
      "geometry": {
        "coordinates": [
          79.8474707,
          6.9302774
        ],
        "type": "Point"
      },
      "id": "node/10633327883",
      "properties": {
        "feature_type": "poi",
        "in_core": false,
        "kind": "public_transport=platform",
        "linked_way_ids": [
          24255942
        ],
        "osm_id": 10633327883,
        "osm_type": "node",
        "tags": {
          "bus": "yes",
          "highway": "bus_stop",
          "public_transport": "platform"
        },
        "zone": "context"
      },
      "type": "Feature"
    },
    {
      "geometry": {
        "coordinates": [
          79.8489897,
          6.9283732
        ],
        "type": "Point"
      },
      "id": "node/10633327884",
      "properties": {
        "feature_type": "poi",
        "in_core": false,
        "kind": "public_transport=platform",
        "linked_way_ids": [
          24255942
        ],
        "osm_id": 10633327884,
        "osm_type": "node",
        "tags": {
          "bus": "yes",
          "highway": "bus_stop",
          "name": "Cinnamon Lakeside Bus Stop",
          "public_transport": "platform"
        },
        "zone": "context"
      },
      "type": "Feature"
    },
    {
      "geometry": {
        "coordinates": [
          79.8532848,
          6.9225624
        ],
        "type": "Point"
      },
      "id": "node/10633327885",
      "properties": {
        "feature_type": "poi",
        "in_core": true,
        "kind": "public_transport=platform",
        "linked_way_ids": [
          13859252
        ],
        "osm_id": 10633327885,
        "osm_type": "node",
        "tags": {
          "bus": "yes",
          "highway": "bus_stop",
          "name": "Nawaloka Bus stop",
          "public_transport": "platform"
        },
        "zone": "core"
      },
      "type": "Feature"
    },
    {
      "geometry": {
        "coordinates": [
          79.8535162,
          6.922449
        ],
        "type": "Point"
      },
      "id": "node/10633327886",
      "properties": {
        "feature_type": "crossing",
        "in_core": true,
        "kind": "uncontrolled",
        "linked_way_ids": [
          13859252
        ],
        "osm_id": 10633327886,
        "osm_type": "node",
        "tags": {
          "crossing": "uncontrolled",
          "highway": "crossing"
        },
        "zone": "core"
      },
      "type": "Feature"
    },
    {
      "geometry": {
        "coordinates": [
          79.8607761,
          6.9190376
        ],
        "type": "Point"
      },
      "id": "node/10633327889",
      "properties": {
        "feature_type": "crossing",
        "in_core": true,
        "kind": "uncontrolled",
        "linked_way_ids": [
          50061483,
          1141512435
        ],
        "osm_id": 10633327889,
        "osm_type": "node",
        "tags": {
          "crossing": "uncontrolled",
          "highway": "crossing"
        },
        "zone": "core"
      },
      "type": "Feature"
    },
    {
      "geometry": {
        "coordinates": [
          79.8607528,
          6.9189828
        ],
        "type": "Point"
      },
      "id": "node/10633327890",
      "properties": {
        "feature_type": "crossing",
        "in_core": true,
        "kind": "uncontrolled",
        "linked_way_ids": [
          915331138,
          1141512435
        ],
        "osm_id": 10633327890,
        "osm_type": "node",
        "tags": {
          "crossing": "uncontrolled",
          "highway": "crossing"
        },
        "zone": "core"
      },
      "type": "Feature"
    },
    {
      "geometry": {
        "coordinates": [
          79.8612624,
          6.9188087
        ],
        "type": "Point"
      },
      "id": "node/10633327891",
      "properties": {
        "feature_type": "crossing",
        "in_core": true,
        "kind": "uncontrolled",
        "linked_way_ids": [
          50061483,
          1141512436
        ],
        "osm_id": 10633327891,
        "osm_type": "node",
        "tags": {
          "crossing": "uncontrolled",
          "highway": "crossing"
        },
        "zone": "core"
      },
      "type": "Feature"
    },
    {
      "geometry": {
        "coordinates": [
          79.8612472,
          6.9187361
        ],
        "type": "Point"
      },
      "id": "node/10633327892",
      "properties": {
        "feature_type": "crossing",
        "in_core": true,
        "kind": "uncontrolled",
        "linked_way_ids": [
          915331138,
          1141512436
        ],
        "osm_id": 10633327892,
        "osm_type": "node",
        "tags": {
          "crossing": "uncontrolled",
          "highway": "crossing"
        },
        "zone": "core"
      },
      "type": "Feature"
    },
    {
      "geometry": {
        "coordinates": [
          79.861865,
          6.918528
        ],
        "type": "Point"
      },
      "id": "node/10633327893",
      "properties": {
        "feature_type": "poi",
        "in_core": false,
        "kind": "public_transport=platform",
        "linked_way_ids": [
          1089605501
        ],
        "osm_id": 10633327893,
        "osm_type": "node",
        "tags": {
          "bus": "yes",
          "highway": "bus_stop",
          "name": "Ibbanwala Junction Bus Stop",
          "public_transport": "platform"
        },
        "zone": "context"
      },
      "type": "Feature"
    },
    {
      "geometry": {
        "coordinates": [
          79.8616816,
          6.9157225
        ],
        "type": "Point"
      },
      "id": "node/10633327894",
      "properties": {
        "feature_type": "poi",
        "in_core": false,
        "kind": "public_transport=platform",
        "linked_way_ids": [
          839348506
        ],
        "osm_id": 10633327894,
        "osm_type": "node",
        "tags": {
          "bench": "no",
          "bin": "no",
          "bus": "yes",
          "highway": "bus_stop",
          "public_transport": "platform",
          "shelter": "no"
        },
        "zone": "context"
      },
      "type": "Feature"
    },
    {
      "geometry": {
        "coordinates": [
          79.8574873,
          6.9135009
        ],
        "type": "Point"
      },
      "id": "node/10682149760",
      "properties": {
        "feature_type": "crossing",
        "in_core": false,
        "kind": "uncontrolled",
        "linked_way_ids": [
          359945311
        ],
        "osm_id": 10682149760,
        "osm_type": "node",
        "tags": {
          "crossing": "uncontrolled",
          "crossing:island": "no",
          "highway": "crossing",
          "kerb": "lowered"
        },
        "zone": "relation_completion"
      },
      "type": "Feature"
    },
    {
      "geometry": {
        "coordinates": [
          79.8594962,
          6.9386821
        ],
        "type": "Point"
      },
      "id": "node/10687660205",
      "properties": {
        "feature_type": "poi",
        "in_core": false,
        "kind": "tourism=hotel",
        "linked_way_ids": [],
        "osm_id": 10687660205,
        "osm_type": "node",
        "tags": {
          "addr:housenumber": "78",
          "addr:postcode": "01200",
          "addr:street": "Peer Saibo Street",
          "name:en": "Opulence Colombo",
          "tourism": "hotel"
        },
        "zone": "context"
      },
      "type": "Feature"
    },
    {
      "geometry": {
        "coordinates": [
          79.8448916,
          6.928493
        ],
        "type": "Point"
      },
      "id": "node/10692745353",
      "properties": {
        "feature_type": "poi",
        "in_core": false,
        "kind": "amenity=fast_food",
        "linked_way_ids": [],
        "osm_id": 10692745353,
        "osm_type": "node",
        "tags": {
          "addr:housenumber": "Level LG",
          "amenity": "fast_food",
          "brand": "Burger King",
          "brand:wikidata": "Q177054",
          "cuisine": "burger",
          "drive_through": "no",
          "name": "Burger King",
          "takeaway": "yes"
        },
        "zone": "context"
      },
      "type": "Feature"
    },
    {
      "geometry": {
        "coordinates": [
          79.8470818,
          6.934517
        ],
        "type": "Point"
      },
      "id": "node/10704824952",
      "properties": {
        "feature_type": "poi",
        "in_core": false,
        "kind": "public_transport=platform",
        "linked_way_ids": [],
        "osm_id": 10704824952,
        "osm_type": "node",
        "tags": {
          "bus": "yes",
          "description": "You’ll have to walk 500m to the terminal.",
          "highway": "bus_stop",
          "name": "Fort-Airport (#187)",
          "public_transport": "platform"
        },
        "zone": "context"
      },
      "type": "Feature"
    },
    {
      "geometry": {
        "coordinates": [
          79.8652789,
          6.9266357
        ],
        "type": "Point"
      },
      "id": "node/10770184251",
      "properties": {
        "feature_type": "poi",
        "in_core": true,
        "kind": "amenity=restaurant",
        "linked_way_ids": [],
        "osm_id": 10770184251,
        "osm_type": "node",
        "tags": {
          "addr:housenumber": "29",
          "addr:street": "Symonds Road",
          "amenity": "restaurant",
          "brand": "Ricorn Hotels & Bakery",
          "check_date": "2023-03-29",
          "name": "Ricorn Hotels & Bakery"
        },
        "zone": "core"
      },
      "type": "Feature"
    },
    {
      "geometry": {
        "coordinates": [
          79.8573869,
          6.9227628
        ],
        "type": "Point"
      },
      "id": "node/10823477959",
      "properties": {
        "feature_type": "crossing",
        "in_core": true,
        "kind": "crossing",
        "linked_way_ids": [
          1163779843
        ],
        "osm_id": 10823477959,
        "osm_type": "node",
        "tags": {
          "highway": "crossing"
        },
        "zone": "core"
      },
      "type": "Feature"
    },
    {
      "geometry": {
        "coordinates": [
          79.8453982,
          6.9343493
        ],
        "type": "Point"
      },
      "id": "node/10964735730",
      "properties": {
        "feature_type": "crossing",
        "in_core": false,
        "kind": "marked",
        "linked_way_ids": [
          51081924
        ],
        "osm_id": 10964735730,
        "osm_type": "node",
        "tags": {
          "crossing": "marked",
          "crossing:markings": "zebra",
          "highway": "crossing"
        },
        "zone": "relation_completion"
      },
      "type": "Feature"
    },
    {
      "geometry": {
        "coordinates": [
          79.8571998,
          6.932105
        ],
        "type": "Point"
      },
      "id": "node/11172361193",
      "properties": {
        "feature_type": "poi",
        "in_core": true,
        "kind": "amenity=restaurant",
        "linked_way_ids": [],
        "osm_id": 11172361193,
        "osm_type": "node",
        "tags": {
          "amenity": "restaurant",
          "name": "Patirana Food Corner"
        },
        "zone": "core"
      },
      "type": "Feature"
    },
    {
      "geometry": {
        "coordinates": [
          79.8491782,
          6.9173173
        ],
        "type": "Point"
      },
      "id": "node/11180738152",
      "properties": {
        "feature_type": "poi",
        "in_core": false,
        "kind": "amenity=charging_station",
        "linked_way_ids": [],
        "osm_id": 11180738152,
        "osm_type": "node",
        "tags": {
          "amenity": "charging_station"
        },
        "zone": "context"
      },
      "type": "Feature"
    },
    {
      "geometry": {
        "coordinates": [
          79.8526376,
          6.9322279
        ],
        "type": "Point"
      },
      "id": "node/11206972322",
      "properties": {
        "feature_type": "barrier",
        "in_core": true,
        "kind": "gate",
        "linked_way_ids": [
          1209651498
        ],
        "osm_id": 11206972322,
        "osm_type": "node",
        "tags": {
          "barrier": "gate"
        },
        "zone": "core"
      },
      "type": "Feature"
    },
    {
      "geometry": {
        "coordinates": [
          79.8616263,
          6.9207399
        ],
        "type": "Point"
      },
      "id": "node/11409364642",
      "properties": {
        "feature_type": "poi",
        "in_core": true,
        "kind": "amenity=restaurant",
        "linked_way_ids": [],
        "osm_id": 11409364642,
        "osm_type": "node",
        "tags": {
          "addr:city": "Colombo 10",
          "addr:housenumber": "09th floor, HQ Colombo, 464 A, T. B. Jayah Mawatha, Colombo 10.",
          "addr:postcode": "00010",
          "addr:street": "Head Quarters",
          "amenity": "restaurant",
          "cuisine": "regional",
          "name": "HQ by W15",
          "opening_hours": "24/7",
          "payment:lightning": "yes",
          "payment:onchain": "yes",
          "phone": "+94779457660",
          "survey:date": "2023-12-11",
          "website": "https://headquarters.w15.lk/"
        },
        "zone": "core"
      },
      "type": "Feature"
    },
    {
      "geometry": {
        "coordinates": [
          79.8451831,
          6.9374596
        ],
        "type": "Point"
      },
      "id": "node/11438744472",
      "properties": {
        "feature_type": "crossing",
        "in_core": false,
        "kind": "uncontrolled",
        "linked_way_ids": [
          379149385
        ],
        "osm_id": 11438744472,
        "osm_type": "node",
        "tags": {
          "crossing": "uncontrolled",
          "crossing:markings": "yes",
          "highway": "crossing",
          "kerb": "lowered"
        },
        "zone": "relation_completion"
      },
      "type": "Feature"
    },
    {
      "geometry": {
        "coordinates": [
          79.8612472,
          6.9316057
        ],
        "type": "Point"
      },
      "id": "node/11578007864",
      "properties": {
        "feature_type": "crossing",
        "in_core": true,
        "kind": "crossing",
        "linked_way_ids": [
          349861734,
          1245423943
        ],
        "osm_id": 11578007864,
        "osm_type": "node",
        "tags": {
          "highway": "crossing"
        },
        "zone": "core"
      },
      "type": "Feature"
    },
    {
      "geometry": {
        "coordinates": [
          79.8624775,
          6.939144
        ],
        "type": "Point"
      },
      "id": "node/12036170777",
      "properties": {
        "feature_type": "crossing",
        "in_core": false,
        "kind": "crossing",
        "linked_way_ids": [
          29461844,
          1299316854
        ],
        "osm_id": 12036170777,
        "osm_type": "node",
        "tags": {
          "highway": "crossing"
        },
        "zone": "context"
      },
      "type": "Feature"
    },
    {
      "geometry": {
        "coordinates": [
          79.8585977,
          6.9220478
        ],
        "type": "Point"
      },
      "id": "node/12101739251",
      "properties": {
        "feature_type": "poi",
        "in_core": true,
        "kind": "amenity=restaurant",
        "linked_way_ids": [],
        "osm_id": 12101739251,
        "osm_type": "node",
        "tags": {
          "addr:housenumber": "210",
          "addr:street": "Vauxhall Street",
          "amenity": "restaurant",
          "name": "Zam Zam",
          "survey:date": "2024-08-10"
        },
        "zone": "core"
      },
      "type": "Feature"
    },
    {
      "geometry": {
        "coordinates": [
          79.8578015,
          6.920493
        ],
        "type": "Point"
      },
      "id": "node/12101739252",
      "properties": {
        "feature_type": "poi",
        "in_core": true,
        "kind": "amenity=post_office",
        "linked_way_ids": [],
        "osm_id": 12101739252,
        "osm_type": "node",
        "tags": {
          "amenity": "post_office",
          "brand": "DHL",
          "brand:wikidata": "Q489815",
          "name": "DHL",
          "survey:date": "2024-08-10"
        },
        "zone": "core"
      },
      "type": "Feature"
    },
    {
      "geometry": {
        "coordinates": [
          79.8576004,
          6.9226248
        ],
        "type": "Point"
      },
      "id": "node/12101739259",
      "properties": {
        "feature_type": "poi",
        "in_core": true,
        "kind": "amenity=restaurant",
        "linked_way_ids": [],
        "osm_id": 12101739259,
        "osm_type": "node",
        "tags": {
          "amenity": "restaurant",
          "name": "Green Cabin",
          "survey:date": "2024-08-10",
          "wheelchair": "limited"
        },
        "zone": "core"
      },
      "type": "Feature"
    },
    {
      "geometry": {
        "coordinates": [
          79.870783,
          6.9192788
        ],
        "type": "Point"
      },
      "id": "node/12105526576",
      "properties": {
        "feature_type": "poi",
        "in_core": false,
        "kind": "amenity=fast_food",
        "linked_way_ids": [],
        "osm_id": 12105526576,
        "osm_type": "node",
        "tags": {
          "access": "permissive",
          "amenity": "fast_food",
          "fast_food": "cafeteria",
          "name": "Medical Faculty Canteen",
          "survey:date": "2024-08-12"
        },
        "zone": "relation_completion"
      },
      "type": "Feature"
    },
    {
      "geometry": {
        "coordinates": [
          79.8584861,
          6.9202407
        ],
        "type": "Point"
      },
      "id": "node/12107888169",
      "properties": {
        "feature_type": "poi",
        "in_core": true,
        "kind": "shop=supermarket",
        "linked_way_ids": [],
        "osm_id": 12107888169,
        "osm_type": "node",
        "tags": {
          "name": "ULife Supermarket",
          "shop": "supermarket",
          "survey:date": "2024-08-13"
        },
        "zone": "core"
      },
      "type": "Feature"
    },
    {
      "geometry": {
        "coordinates": [
          79.8709473,
          6.9183831
        ],
        "type": "Point"
      },
      "id": "node/12110032900",
      "properties": {
        "feature_type": "poi",
        "in_core": false,
        "kind": "public_transport=platform",
        "linked_way_ids": [],
        "osm_id": 12110032900,
        "osm_type": "node",
        "tags": {
          "bench": "no",
          "bus": "yes",
          "highway": "bus_stop",
          "public_transport": "platform",
          "shelter": "yes",
          "survey:date": "2024-08-14"
        },
        "zone": "relation_completion"
      },
      "type": "Feature"
    },
    {
      "geometry": {
        "coordinates": [
          79.8709308,
          6.9184923
        ],
        "type": "Point"
      },
      "id": "node/12110041001",
      "properties": {
        "feature_type": "poi",
        "in_core": false,
        "kind": "public_transport=platform",
        "linked_way_ids": [],
        "osm_id": 12110041001,
        "osm_type": "node",
        "tags": {
          "bench": "no",
          "bus": "yes",
          "highway": "bus_stop",
          "public_transport": "platform",
          "shelter": "yes",
          "survey:date": "2024-08-14"
        },
        "zone": "relation_completion"
      },
      "type": "Feature"
    },
    {
      "geometry": {
        "coordinates": [
          79.8671239,
          6.9203746
        ],
        "type": "Point"
      },
      "id": "node/12125610449",
      "properties": {
        "feature_type": "poi",
        "in_core": false,
        "kind": "amenity=parking",
        "linked_way_ids": [],
        "osm_id": 12125610449,
        "osm_type": "node",
        "tags": {
          "access": "yes",
          "amenity": "parking",
          "survey:date": "2024-08-22"
        },
        "zone": "context"
      },
      "type": "Feature"
    },
    {
      "geometry": {
        "coordinates": [
          79.8537592,
          6.9390251
        ],
        "type": "Point"
      },
      "id": "node/12126311468",
      "properties": {
        "feature_type": "poi",
        "in_core": false,
        "kind": "amenity=restaurant",
        "linked_way_ids": [],
        "osm_id": 12126311468,
        "osm_type": "node",
        "tags": {
          "addr:housenumber": "No. 341",
          "addr:street": "Main Street",
          "amenity": "restaurant",
          "check_date": "2024-08-22",
          "cuisine": "indian",
          "diet:vegetarian": "yes",
          "email": "info@srirudra.lk",
          "name": "Arunthathee Vihaar Vegetarian Restaurant",
          "opening_hours": "Mo-Su 07:00-22:30",
          "phone": "+94 112 441 246"
        },
        "zone": "context"
      },
      "type": "Feature"
    },
    {
      "geometry": {
        "coordinates": [
          79.849425,
          6.9256622
        ],
        "type": "Point"
      },
      "id": "node/12460385528",
      "properties": {
        "feature_type": "poi",
        "in_core": true,
        "kind": "shop=supermarket",
        "linked_way_ids": [],
        "osm_id": 12460385528,
        "osm_type": "node",
        "tags": {
          "brand": "Cargills Food City",
          "name": "Cargills Food City",
          "shop": "supermarket"
        },
        "zone": "core"
      },
      "type": "Feature"
    },
    {
      "geometry": {
        "coordinates": [
          79.8585142,
          6.926326
        ],
        "type": "Point"
      },
      "id": "node/12475581584",
      "properties": {
        "feature_type": "barrier",
        "in_core": true,
        "kind": "turnstile",
        "linked_way_ids": [
          599543062
        ],
        "osm_id": 12475581584,
        "osm_type": "node",
        "tags": {
          "barrier": "turnstile"
        },
        "zone": "core"
      },
      "type": "Feature"
    },
    {
      "geometry": {
        "coordinates": [
          79.8569179,
          6.9279537
        ],
        "type": "Point"
      },
      "id": "node/12475581587",
      "properties": {
        "feature_type": "barrier",
        "in_core": true,
        "kind": "turnstile",
        "linked_way_ids": [
          599543062
        ],
        "osm_id": 12475581587,
        "osm_type": "node",
        "tags": {
          "barrier": "turnstile"
        },
        "zone": "core"
      },
      "type": "Feature"
    },
    {
      "geometry": {
        "coordinates": [
          79.8508208,
          6.9142901
        ],
        "type": "Point"
      },
      "id": "node/12475891463",
      "properties": {
        "feature_type": "entrance",
        "in_core": false,
        "kind": "main",
        "linked_way_ids": [],
        "osm_id": 12475891463,
        "osm_type": "node",
        "tags": {
          "entrance": "main"
        },
        "zone": "relation_completion"
      },
      "type": "Feature"
    },
    {
      "geometry": {
        "coordinates": [
          79.851687,
          6.9227669
        ],
        "type": "Point"
      },
      "id": "node/12477111870",
      "properties": {
        "feature_type": "crossing",
        "in_core": true,
        "kind": "zebra",
        "linked_way_ids": [
          48755167
        ],
        "osm_id": 12477111870,
        "osm_type": "node",
        "tags": {
          "crossing": "zebra",
          "highway": "crossing"
        },
        "zone": "core"
      },
      "type": "Feature"
    },
    {
      "geometry": {
        "coordinates": [
          79.8587257,
          6.916491
        ],
        "type": "Point"
      },
      "id": "node/12480820316",
      "properties": {
        "feature_type": "poi",
        "in_core": false,
        "kind": "amenity=restaurant",
        "linked_way_ids": [],
        "osm_id": 12480820316,
        "osm_type": "node",
        "tags": {
          "addr:city": "Colombo 2",
          "addr:housenumber": "50/1",
          "addr:street": "Park Street",
          "air_conditioning": "yes",
          "amenity": "restaurant",
          "bar": "yes",
          "cuisine": "italian;spanish",
          "diet:mediterranean": "yes",
          "name": "Aqua Pizza",
          "opening_hours": "Mo-Su 11:30-22:30",
          "outdoor_seating": "yes",
          "website": "https://www.aquapizzeria.com/aqua-pizza-colombo-2"
        },
        "zone": "context"
      },
      "type": "Feature"
    },
    {
      "geometry": {
        "coordinates": [
          79.855116,
          6.919722
        ],
        "type": "Point"
      },
      "id": "node/12480841389",
      "properties": {
        "feature_type": "poi",
        "in_core": true,
        "kind": "amenity=restaurant",
        "linked_way_ids": [],
        "osm_id": 12480841389,
        "osm_type": "node",
        "tags": {
          "amenity": "restaurant",
          "cuisine": "sri_lankan",
          "name": "Wildish"
        },
        "zone": "core"
      },
      "type": "Feature"
    },
    {
      "geometry": {
        "coordinates": [
          79.8549646,
          6.9175933
        ],
        "type": "Point"
      },
      "id": "node/12526460584",
      "properties": {
        "feature_type": "poi",
        "in_core": false,
        "kind": "amenity=restaurant",
        "linked_way_ids": [],
        "osm_id": 12526460584,
        "osm_type": "node",
        "tags": {
          "amenity": "restaurant",
          "branch": "Colombo City Centre",
          "cuisine": "pancake;dessert",
          "name": "Crepe Runner"
        },
        "zone": "context"
      },
      "type": "Feature"
    },
    {
      "geometry": {
        "coordinates": [
          79.848216,
          6.9171034
        ],
        "type": "Point"
      },
      "id": "node/12618000905",
      "properties": {
        "feature_type": "poi",
        "in_core": false,
        "kind": "amenity=pharmacy",
        "linked_way_ids": [],
        "osm_id": 12618000905,
        "osm_type": "node",
        "tags": {
          "amenity": "pharmacy",
          "healthcare": "pharmacy",
          "name": "Kells Pharmacye"
        },
        "zone": "relation_completion"
      },
      "type": "Feature"
    },
    {
      "geometry": {
        "coordinates": [
          79.8541665,
          6.9371107
        ],
        "type": "Point"
      },
      "id": "node/12618001007",
      "properties": {
        "feature_type": "poi",
        "in_core": false,
        "kind": "amenity=marketplace",
        "linked_way_ids": [],
        "osm_id": 12618001007,
        "osm_type": "node",
        "tags": {
          "amenity": "marketplace"
        },
        "zone": "context"
      },
      "type": "Feature"
    },
    {
      "geometry": {
        "coordinates": [
          79.853573,
          6.9350607
        ],
        "type": "Point"
      },
      "id": "node/12620751789",
      "properties": {
        "feature_type": "crossing",
        "in_core": false,
        "kind": "unmarked",
        "linked_way_ids": [
          10548342,
          1363100290
        ],
        "osm_id": 12620751789,
        "osm_type": "node",
        "tags": {
          "crossing": "unmarked",
          "highway": "crossing"
        },
        "zone": "context"
      },
      "type": "Feature"
    },
    {
      "geometry": {
        "coordinates": [
          79.8525918,
          6.9349239
        ],
        "type": "Point"
      },
      "id": "node/12620751791",
      "properties": {
        "feature_type": "crossing",
        "in_core": false,
        "kind": "unmarked",
        "linked_way_ids": [
          10548298,
          1363100290
        ],
        "osm_id": 12620751791,
        "osm_type": "node",
        "tags": {
          "crossing": "unmarked",
          "highway": "crossing"
        },
        "zone": "context"
      },
      "type": "Feature"
    },
    {
      "geometry": {
        "coordinates": [
          79.8512179,
          6.9344779
        ],
        "type": "Point"
      },
      "id": "node/12620751792",
      "properties": {
        "feature_type": "crossing",
        "in_core": false,
        "kind": "unmarked",
        "linked_way_ids": [
          10548321,
          1363100290
        ],
        "osm_id": 12620751792,
        "osm_type": "node",
        "tags": {
          "crossing": "unmarked",
          "highway": "crossing"
        },
        "zone": "context"
      },
      "type": "Feature"
    },
    {
      "geometry": {
        "coordinates": [
          79.8509357,
          6.9343837
        ],
        "type": "Point"
      },
      "id": "node/12620751793",
      "properties": {
        "feature_type": "crossing",
        "in_core": false,
        "kind": "unmarked",
        "linked_way_ids": [
          54139036,
          1363100290
        ],
        "osm_id": 12620751793,
        "osm_type": "node",
        "tags": {
          "crossing": "unmarked",
          "highway": "crossing"
        },
        "zone": "context"
      },
      "type": "Feature"
    },
    {
      "geometry": {
        "coordinates": [
          79.8498722,
          6.934232
        ],
        "type": "Point"
      },
      "id": "node/12620751796",
      "properties": {
        "feature_type": "crossing",
        "in_core": false,
        "kind": "unmarked",
        "linked_way_ids": [
          10548338,
          1363100290
        ],
        "osm_id": 12620751796,
        "osm_type": "node",
        "tags": {
          "crossing": "unmarked",
          "highway": "crossing"
        },
        "zone": "context"
      },
      "type": "Feature"
    },
    {
      "geometry": {
        "coordinates": [
          79.8542061,
          6.9373244
        ],
        "type": "Point"
      },
      "id": "node/12628120501",
      "properties": {
        "feature_type": "poi",
        "in_core": false,
        "kind": "amenity=marketplace",
        "linked_way_ids": [],
        "osm_id": 12628120501,
        "osm_type": "node",
        "tags": {
          "amenity": "marketplace",
          "name": "Vegetables and Fruits Market"
        },
        "zone": "context"
      },
      "type": "Feature"
    },
    {
      "geometry": {
        "coordinates": [
          79.8574746,
          6.9389034
        ],
        "type": "Point"
      },
      "id": "node/12628120801",
      "properties": {
        "feature_type": "poi",
        "in_core": false,
        "kind": "shop=wholesale",
        "linked_way_ids": [],
        "osm_id": 12628120801,
        "osm_type": "node",
        "tags": {
          "name": "Spices Wholesalers and Retail",
          "shop": "wholesale"
        },
        "zone": "context"
      },
      "type": "Feature"
    },
    {
      "geometry": {
        "coordinates": [
          79.856787,
          6.9384817
        ],
        "type": "Point"
      },
      "id": "node/12628120802",
      "properties": {
        "feature_type": "poi",
        "in_core": false,
        "kind": "shop=wholesale",
        "linked_way_ids": [],
        "osm_id": 12628120802,
        "osm_type": "node",
        "tags": {
          "name": "Tea Wholesalers and retail",
          "shop": "wholesale"
        },
        "zone": "context"
      },
      "type": "Feature"
    },
    {
      "geometry": {
        "coordinates": [
          79.8530149,
          6.9385372
        ],
        "type": "Point"
      },
      "id": "node/12628233701",
      "properties": {
        "feature_type": "poi",
        "in_core": false,
        "kind": "amenity=fast_food",
        "linked_way_ids": [],
        "osm_id": 12628233701,
        "osm_type": "node",
        "tags": {
          "amenity": "fast_food",
          "name": "Star Bombay Sweets and Juices"
        },
        "zone": "context"
      },
      "type": "Feature"
    },
    {
      "geometry": {
        "coordinates": [
          79.8462974,
          6.9319502
        ],
        "type": "Point"
      },
      "id": "node/12647949401",
      "properties": {
        "feature_type": "poi",
        "in_core": false,
        "kind": "tourism=hotel",
        "linked_way_ids": [],
        "osm_id": 12647949401,
        "osm_type": "node",
        "tags": {
          "name": "Regent Residencies -Colombo",
          "tourism": "hotel"
        },
        "zone": "context"
      },
      "type": "Feature"
    },
    {
      "geometry": {
        "coordinates": [
          79.8551647,
          6.9174376
        ],
        "type": "Point"
      },
      "id": "node/12778711316",
      "properties": {
        "feature_type": "poi",
        "in_core": false,
        "kind": "amenity=restaurant",
        "linked_way_ids": [],
        "osm_id": 12778711316,
        "osm_type": "node",
        "tags": {
          "air_conditioning": "yes",
          "amenity": "restaurant",
          "brand": "Barbecue Nation",
          "cuisine": "barbecue",
          "level": "2",
          "name": "Barbecue Nation"
        },
        "zone": "context"
      },
      "type": "Feature"
    },
    {
      "geometry": {
        "coordinates": [
          79.8456976,
          6.9257986
        ],
        "type": "Point"
      },
      "id": "node/12778905742",
      "properties": {
        "feature_type": "poi",
        "in_core": false,
        "kind": "amenity=restaurant",
        "linked_way_ids": [],
        "osm_id": 12778905742,
        "osm_type": "node",
        "tags": {
          "amenity": "restaurant",
          "cuisine": "chinese",
          "name": "Yi Jing"
        },
        "zone": "context"
      },
      "type": "Feature"
    },
    {
      "geometry": {
        "coordinates": [
          79.845624,
          6.9258535
        ],
        "type": "Point"
      },
      "id": "node/12778912276",
      "properties": {
        "feature_type": "poi",
        "in_core": false,
        "kind": "amenity=restaurant",
        "linked_way_ids": [],
        "osm_id": 12778912276,
        "osm_type": "node",
        "tags": {
          "air_conditioning": "yes",
          "amenity": "restaurant",
          "bar": "yes",
          "cuisine": "north_indian;indian",
          "name": "Peshawri"
        },
        "zone": "context"
      },
      "type": "Feature"
    },
    {
      "geometry": {
        "coordinates": [
          79.8455555,
          6.9258971
        ],
        "type": "Point"
      },
      "id": "node/12778915094",
      "properties": {
        "feature_type": "poi",
        "in_core": false,
        "kind": "amenity=restaurant",
        "linked_way_ids": [],
        "osm_id": 12778915094,
        "osm_type": "node",
        "tags": {
          "air_conditioning": "yes",
          "amenity": "restaurant",
          "bar": "yes",
          "cuisine": "fine_dining;indian;sri_lankan",
          "name": "Avarthana"
        },
        "zone": "context"
      },
      "type": "Feature"
    },
    {
      "geometry": {
        "coordinates": [
          79.8553174,
          6.9175117
        ],
        "type": "Point"
      },
      "id": "node/12810924082",
      "properties": {
        "feature_type": "poi",
        "in_core": false,
        "kind": "amenity=restaurant",
        "linked_way_ids": [],
        "osm_id": 12810924082,
        "osm_type": "node",
        "tags": {
          "air_conditioning": "yes",
          "amenity": "restaurant",
          "bar": "yes",
          "cuisine": "filipino;coffee_shop",
          "level": "4.5",
          "name": "Monster Cafe",
          "sport": "billiards"
        },
        "zone": "context"
      },
      "type": "Feature"
    },
    {
      "geometry": {
        "coordinates": [
          79.8510865,
          6.9339587
        ],
        "type": "Point"
      },
      "id": "node/13015125102",
      "properties": {
        "feature_type": "poi",
        "in_core": false,
        "kind": "amenity=restaurant",
        "linked_way_ids": [],
        "osm_id": 13015125102,
        "osm_type": "node",
        "tags": {
          "amenity": "restaurant"
        },
        "zone": "context"
      },
      "type": "Feature"
    },
    {
      "geometry": {
        "coordinates": [
          79.8512075,
          6.934061
        ],
        "type": "Point"
      },
      "id": "node/13015132301",
      "properties": {
        "feature_type": "poi",
        "in_core": false,
        "kind": "amenity=restaurant",
        "linked_way_ids": [],
        "osm_id": 13015132301,
        "osm_type": "node",
        "tags": {
          "amenity": "restaurant"
        },
        "zone": "context"
      },
      "type": "Feature"
    },
    {
      "geometry": {
        "coordinates": [
          79.8558312,
          6.9145101
        ],
        "type": "Point"
      },
      "id": "node/13015714552",
      "properties": {
        "feature_type": "barrier",
        "in_core": false,
        "kind": "gate",
        "linked_way_ids": [
          1416335443
        ],
        "osm_id": 13015714552,
        "osm_type": "node",
        "tags": {
          "barrier": "gate"
        },
        "zone": "context"
      },
      "type": "Feature"
    },
    {
      "geometry": {
        "coordinates": [
          79.8557661,
          6.9141333
        ],
        "type": "Point"
      },
      "id": "node/13015714553",
      "properties": {
        "feature_type": "barrier",
        "in_core": false,
        "kind": "gate",
        "linked_way_ids": [
          1416335443
        ],
        "osm_id": 13015714553,
        "osm_type": "node",
        "tags": {
          "barrier": "gate"
        },
        "zone": "context"
      },
      "type": "Feature"
    },
    {
      "geometry": {
        "coordinates": [
          79.8557649,
          6.9176898
        ],
        "type": "Point"
      },
      "id": "node/13093013501",
      "properties": {
        "feature_type": "poi",
        "in_core": false,
        "kind": "tourism=hotel",
        "linked_way_ids": [],
        "osm_id": 13093013501,
        "osm_type": "node",
        "tags": {
          "addr:housenumber": "137",
          "addr:street": "Sir James Peiris Mawatha",
          "name:en": "Courtyard by Marriott Colombo",
          "tourism": "hotel"
        },
        "zone": "context"
      },
      "type": "Feature"
    },
    {
      "geometry": {
        "coordinates": [
          79.8644449,
          6.928165
        ],
        "type": "Point"
      },
      "id": "node/13131104820",
      "properties": {
        "feature_type": "entrance",
        "in_core": true,
        "kind": "secondary",
        "linked_way_ids": [],
        "osm_id": 13131104820,
        "osm_type": "node",
        "tags": {
          "entrance": "secondary"
        },
        "zone": "core"
      },
      "type": "Feature"
    },
    {
      "geometry": {
        "coordinates": [
          79.8464727,
          6.9198498
        ],
        "type": "Point"
      },
      "id": "node/13147645609",
      "properties": {
        "feature_type": "entrance",
        "in_core": false,
        "kind": "secondary",
        "linked_way_ids": [],
        "osm_id": 13147645609,
        "osm_type": "node",
        "tags": {
          "entrance": "secondary"
        },
        "zone": "relation_completion"
      },
      "type": "Feature"
    },
    {
      "geometry": {
        "coordinates": [
          79.8460124,
          6.9206193
        ],
        "type": "Point"
      },
      "id": "node/13147645614",
      "properties": {
        "feature_type": "entrance",
        "in_core": false,
        "kind": "main",
        "linked_way_ids": [],
        "osm_id": 13147645614,
        "osm_type": "node",
        "tags": {
          "entrance": "main"
        },
        "zone": "relation_completion"
      },
      "type": "Feature"
    },
    {
      "geometry": {
        "coordinates": [
          79.8549449,
          6.9327866
        ],
        "type": "Point"
      },
      "id": "node/13306520103",
      "properties": {
        "feature_type": "poi",
        "in_core": true,
        "kind": "amenity=cafe",
        "linked_way_ids": [],
        "osm_id": 13306520103,
        "osm_type": "node",
        "tags": {
          "amenity": "cafe",
          "name": "Caroma Elite"
        },
        "zone": "core"
      },
      "type": "Feature"
    },
    {
      "geometry": {
        "coordinates": [
          79.8514893,
          6.9378674
        ],
        "type": "Point"
      },
      "id": "node/13306520104",
      "properties": {
        "feature_type": "poi",
        "in_core": false,
        "kind": "amenity=fast_food",
        "linked_way_ids": [],
        "osm_id": 13306520104,
        "osm_type": "node",
        "tags": {
          "amenity": "fast_food"
        },
        "zone": "context"
      },
      "type": "Feature"
    },
    {
      "geometry": {
        "coordinates": [
          79.8595435,
          6.9385544
        ],
        "type": "Point"
      },
      "id": "node/13306520302",
      "properties": {
        "feature_type": "poi",
        "in_core": false,
        "kind": "shop=convenience",
        "linked_way_ids": [],
        "osm_id": 13306520302,
        "osm_type": "node",
        "tags": {
          "shop": "convenience"
        },
        "zone": "context"
      },
      "type": "Feature"
    },
    {
      "geometry": {
        "coordinates": [
          79.8440948,
          6.9364098
        ],
        "type": "Point"
      },
      "id": "node/13405907888",
      "properties": {
        "feature_type": "crossing",
        "in_core": false,
        "kind": "marked",
        "linked_way_ids": [
          48749075
        ],
        "osm_id": 13405907888,
        "osm_type": "node",
        "tags": {
          "crossing": "marked",
          "crossing:markings": "zebra",
          "highway": "crossing"
        },
        "zone": "relation_completion"
      },
      "type": "Feature"
    },
    {
      "geometry": {
        "coordinates": [
          79.8458866,
          6.9204257
        ],
        "type": "Point"
      },
      "id": "node/13418802533",
      "properties": {
        "feature_type": "poi",
        "in_core": false,
        "kind": "amenity=restaurant",
        "linked_way_ids": [],
        "osm_id": 13418802533,
        "osm_type": "node",
        "tags": {
          "amenity": "restaurant",
          "check_date": "2025-12-28",
          "name": "Galle Face Hotel"
        },
        "zone": "relation_completion"
      },
      "type": "Feature"
    },
    {
      "geometry": {
        "coordinates": [
          79.8563386,
          6.9183748
        ],
        "type": "Point"
      },
      "id": "node/13430531415",
      "properties": {
        "feature_type": "poi",
        "in_core": true,
        "kind": "amenity=cafe",
        "linked_way_ids": [],
        "osm_id": 13430531415,
        "osm_type": "node",
        "tags": {
          "addr:city": "Colombo",
          "addr:floor": "G",
          "addr:housenumber": "50A",
          "addr:postcode": "00200",
          "addr:street": "Mutthaiah Road",
          "amenity": "cafe",
          "check_date": "2026-01-04",
          "contact:instagram": "fika_colombo",
          "cuisine": "coffee_shop",
          "delivery": "yes",
          "description": "Inspired by the Scandinavian tradition of fika, Fika Deli is a specialty coffee and food space designed for slowing down and eating well. We offer a calm, welcoming setting where community and mindful moments matter.",
          "diet:gluten_free": "yes",
          "diet:vegetarian": "yes",
          "drive_through": "no",
          "email": "fikacolombo@gmail.com",
          "level": "0",
          "name": "Fika Deli",
          "opening_hours": "07:30-23:30",
          "payment:cash": "yes",
          "payment:credit_cards": "yes",
          "payment:debit_cards": "yes",
          "payment:nfc_mobile_payments": "yes",
          "phone": "+94 77 164 2233",
          "takeaway": "yes"
        },
        "zone": "core"
      },
      "type": "Feature"
    },
    {
      "geometry": {
        "coordinates": [
          79.8611952,
          6.9173361
        ],
        "type": "Point"
      },
      "id": "node/13432318776",
      "properties": {
        "feature_type": "poi",
        "in_core": false,
        "kind": "amenity=cafe",
        "linked_way_ids": [],
        "osm_id": 13432318776,
        "osm_type": "node",
        "tags": {
          "amenity": "cafe",
          "name": "capri crust cafe"
        },
        "zone": "context"
      },
      "type": "Feature"
    },
    {
      "geometry": {
        "coordinates": [
          79.8611156,
          6.917198
        ],
        "type": "Point"
      },
      "id": "node/13432383436",
      "properties": {
        "feature_type": "poi",
        "in_core": false,
        "kind": "amenity=fast_food",
        "linked_way_ids": [],
        "osm_id": 13432383436,
        "osm_type": "node",
        "tags": {
          "amenity": "fast_food",
          "name": "crispy chicken corner"
        },
        "zone": "context"
      },
      "type": "Feature"
    },
    {
      "geometry": {
        "coordinates": [
          79.8509093,
          6.9237189
        ],
        "type": "Point"
      },
      "id": "node/13445045762",
      "properties": {
        "feature_type": "crossing",
        "in_core": true,
        "kind": "crossing",
        "linked_way_ids": [
          1465827589,
          1492541635
        ],
        "osm_id": 13445045762,
        "osm_type": "node",
        "tags": {
          "highway": "crossing"
        },
        "zone": "core"
      },
      "type": "Feature"
    },
    {
      "geometry": {
        "coordinates": [
          79.8503417,
          6.9333986
        ],
        "type": "Point"
      },
      "id": "node/13447631673",
      "properties": {
        "feature_type": "poi",
        "in_core": false,
        "kind": "public_transport=station",
        "linked_way_ids": [],
        "osm_id": 13447631673,
        "osm_type": "node",
        "tags": {
          "image": "https://photos.app.goo.gl/2T66uuMWyTFmz7pE8",
          "name": "Colombo Fort",
          "public_transport": "station",
          "railway": "station",
          "train": "yes"
        },
        "zone": "context"
      },
      "type": "Feature"
    },
    {
      "geometry": {
        "coordinates": [
          79.8542328,
          6.933166
        ],
        "type": "Point"
      },
      "id": "node/13453342481",
      "properties": {
        "feature_type": "entrance",
        "in_core": true,
        "kind": "yes",
        "linked_way_ids": [
          1466841980
        ],
        "osm_id": 13453342481,
        "osm_type": "node",
        "tags": {
          "entrance": "yes"
        },
        "zone": "core"
      },
      "type": "Feature"
    },
    {
      "geometry": {
        "coordinates": [
          79.8482727,
          6.9340125
        ],
        "type": "Point"
      },
      "id": "node/13468217901",
      "properties": {
        "feature_type": "poi",
        "in_core": false,
        "kind": "amenity=restaurant",
        "linked_way_ids": [],
        "osm_id": 13468217901,
        "osm_type": "node",
        "tags": {
          "amenity": "restaurant",
          "level": "1",
          "name": "Oldfort Cafe"
        },
        "zone": "context"
      },
      "type": "Feature"
    },
    {
      "geometry": {
        "coordinates": [
          79.8558025,
          6.933403
        ],
        "type": "Point"
      },
      "id": "node/13505974401",
      "properties": {
        "feature_type": "poi",
        "in_core": true,
        "kind": "public_transport=stop_position",
        "linked_way_ids": [
          200567912
        ],
        "osm_id": 13505974401,
        "osm_type": "node",
        "tags": {
          "bus": "yes",
          "highway": "bus_stop",
          "name": "Bus to Kandy",
          "public_transport": "stop_position"
        },
        "zone": "core"
      },
      "type": "Feature"
    },
    {
      "geometry": {
        "coordinates": [
          79.8701065,
          6.9222389
        ],
        "type": "Point"
      },
      "id": "node/13545259590",
      "properties": {
        "feature_type": "poi",
        "in_core": false,
        "kind": "amenity=charging_station",
        "linked_way_ids": [],
        "osm_id": 13545259590,
        "osm_type": "node",
        "tags": {
          "access": "yes",
          "amenity": "charging_station",
          "brand": "Ather Grid",
          "charge": "1.2+18% INR",
          "fee": "yes",
          "name": "Ather Grid Charging station",
          "operator": "Ather Energy",
          "payment:upi": "yes",
          "scooter": "yes",
          "socket:type7": "yes",
          "socket:type7:output": "3.3 kW"
        },
        "zone": "context"
      },
      "type": "Feature"
    },
    {
      "geometry": {
        "coordinates": [
          79.8461295,
          6.9222625
        ],
        "type": "Point"
      },
      "id": "node/13646588673",
      "properties": {
        "feature_type": "crossing",
        "in_core": false,
        "kind": "marked",
        "linked_way_ids": [
          714679302,
          1488713375
        ],
        "osm_id": 13646588673,
        "osm_type": "node",
        "tags": {
          "crossing": "marked",
          "crossing:markings": "zebra",
          "highway": "crossing"
        },
        "zone": "context"
      },
      "type": "Feature"
    },
    {
      "geometry": {
        "coordinates": [
          79.846072,
          6.9224143
        ],
        "type": "Point"
      },
      "id": "node/13646588674",
      "properties": {
        "feature_type": "crossing",
        "in_core": false,
        "kind": "marked",
        "linked_way_ids": [
          714679299,
          1488713375
        ],
        "osm_id": 13646588674,
        "osm_type": "node",
        "tags": {
          "crossing": "marked",
          "crossing:markings": "zebra",
          "highway": "crossing"
        },
        "zone": "context"
      },
      "type": "Feature"
    },
    {
      "geometry": {
        "coordinates": [
          79.8605665,
          6.9321834
        ],
        "type": "Point"
      },
      "id": "node/13653113882",
      "properties": {
        "feature_type": "crossing",
        "in_core": true,
        "kind": "traffic_signals",
        "linked_way_ids": [
          1122816970,
          1489557289,
          1489557290
        ],
        "osm_id": 13653113882,
        "osm_type": "node",
        "tags": {
          "crossing": "traffic_signals",
          "highway": "crossing"
        },
        "zone": "core"
      },
      "type": "Feature"
    },
    {
      "geometry": {
        "coordinates": [
          79.8534827,
          6.916224
        ],
        "type": "Point"
      },
      "id": "node/13655160274",
      "properties": {
        "feature_type": "crossing",
        "in_core": false,
        "kind": "marked",
        "linked_way_ids": [
          23951713,
          1107984921
        ],
        "osm_id": 13655160274,
        "osm_type": "node",
        "tags": {
          "crossing": "marked",
          "highway": "crossing"
        },
        "zone": "context"
      },
      "type": "Feature"
    },
    {
      "geometry": {
        "coordinates": [
          79.8533555,
          6.9203584
        ],
        "type": "Point"
      },
      "id": "node/13655214559",
      "properties": {
        "feature_type": "crossing",
        "in_core": true,
        "kind": "marked",
        "linked_way_ids": [
          378863527
        ],
        "osm_id": 13655214559,
        "osm_type": "node",
        "tags": {
          "crossing": "marked",
          "highway": "crossing"
        },
        "zone": "core"
      },
      "type": "Feature"
    },
    {
      "geometry": {
        "coordinates": [
          79.8447122,
          6.9260908
        ],
        "type": "Point"
      },
      "id": "node/13656879029",
      "properties": {
        "feature_type": "crossing",
        "in_core": false,
        "kind": "marked",
        "linked_way_ids": [
          765950943
        ],
        "osm_id": 13656879029,
        "osm_type": "node",
        "tags": {
          "crossing": "marked",
          "crossing:markings": "zebra",
          "highway": "crossing"
        },
        "zone": "relation_completion"
      },
      "type": "Feature"
    },
    {
      "geometry": {
        "coordinates": [
          79.848375,
          6.9231924
        ],
        "type": "Point"
      },
      "id": "node/13656879030",
      "properties": {
        "feature_type": "crossing",
        "in_core": false,
        "kind": "marked",
        "linked_way_ids": [
          696167087,
          1489946182
        ],
        "osm_id": 13656879030,
        "osm_type": "node",
        "tags": {
          "crossing": "marked",
          "crossing:markings": "zebra",
          "highway": "crossing"
        },
        "zone": "context"
      },
      "type": "Feature"
    },
    {
      "geometry": {
        "coordinates": [
          79.8483222,
          6.9231762
        ],
        "type": "Point"
      },
      "id": "node/13656879031",
      "properties": {
        "feature_type": "crossing",
        "in_core": false,
        "kind": "marked",
        "linked_way_ids": [
          696167086,
          1489946182
        ],
        "osm_id": 13656879031,
        "osm_type": "node",
        "tags": {
          "crossing": "marked",
          "crossing:markings": "zebra",
          "highway": "crossing"
        },
        "zone": "context"
      },
      "type": "Feature"
    },
    {
      "geometry": {
        "coordinates": [
          79.8478213,
          6.9229697
        ],
        "type": "Point"
      },
      "id": "node/13656879032",
      "properties": {
        "feature_type": "crossing",
        "in_core": false,
        "kind": "marked",
        "linked_way_ids": [
          1328043431,
          1489946183
        ],
        "osm_id": 13656879032,
        "osm_type": "node",
        "tags": {
          "crossing": "marked",
          "crossing:markings": "zebra",
          "highway": "crossing"
        },
        "zone": "context"
      },
      "type": "Feature"
    },
    {
      "geometry": {
        "coordinates": [
          79.8477864,
          6.9229787
        ],
        "type": "Point"
      },
      "id": "node/13656879033",
      "properties": {
        "feature_type": "crossing",
        "in_core": false,
        "kind": "marked",
        "linked_way_ids": [
          1328043432,
          1489946183
        ],
        "osm_id": 13656879033,
        "osm_type": "node",
        "tags": {
          "crossing": "marked",
          "crossing:markings": "zebra",
          "highway": "crossing"
        },
        "zone": "context"
      },
      "type": "Feature"
    },
    {
      "geometry": {
        "coordinates": [
          79.8468217,
          6.9266757
        ],
        "type": "Point"
      },
      "id": "node/13656879040",
      "properties": {
        "feature_type": "crossing",
        "in_core": false,
        "kind": "marked",
        "linked_way_ids": [
          749015601
        ],
        "osm_id": 13656879040,
        "osm_type": "node",
        "tags": {
          "crossing": "marked",
          "crossing:markings": "lines",
          "highway": "crossing"
        },
        "zone": "context"
      },
      "type": "Feature"
    },
    {
      "geometry": {
        "coordinates": [
          79.8463107,
          6.9261545
        ],
        "type": "Point"
      },
      "id": "node/13656879041",
      "properties": {
        "feature_type": "crossing",
        "in_core": false,
        "kind": "marked",
        "linked_way_ids": [
          749015601
        ],
        "osm_id": 13656879041,
        "osm_type": "node",
        "tags": {
          "crossing": "marked",
          "crossing:markings": "lines",
          "highway": "crossing"
        },
        "zone": "context"
      },
      "type": "Feature"
    },
    {
      "geometry": {
        "coordinates": [
          79.8462534,
          6.928261
        ],
        "type": "Point"
      },
      "id": "node/13656879042",
      "properties": {
        "feature_type": "crossing",
        "in_core": false,
        "kind": "marked",
        "linked_way_ids": [
          749015601
        ],
        "osm_id": 13656879042,
        "osm_type": "node",
        "tags": {
          "crossing": "marked",
          "crossing:markings": "lines",
          "highway": "crossing"
        },
        "zone": "context"
      },
      "type": "Feature"
    },
    {
      "geometry": {
        "coordinates": [
          79.8470158,
          6.934197
        ],
        "type": "Point"
      },
      "id": "node/13660303940",
      "properties": {
        "feature_type": "crossing",
        "in_core": false,
        "kind": "marked",
        "linked_way_ids": [
          308826560,
          1490409664
        ],
        "osm_id": 13660303940,
        "osm_type": "node",
        "tags": {
          "crossing": "marked",
          "crossing:markings": "zebra",
          "highway": "crossing"
        },
        "zone": "context"
      },
      "type": "Feature"
    },
    {
      "geometry": {
        "coordinates": [
          79.8469793,
          6.9341966
        ],
        "type": "Point"
      },
      "id": "node/13660303941",
      "properties": {
        "feature_type": "crossing",
        "in_core": false,
        "kind": "marked",
        "linked_way_ids": [
          308826559,
          1490409664
        ],
        "osm_id": 13660303941,
        "osm_type": "node",
        "tags": {
          "crossing": "marked",
          "crossing:markings": "zebra",
          "highway": "crossing"
        },
        "zone": "context"
      },
      "type": "Feature"
    },
    {
      "geometry": {
        "coordinates": [
          79.845896,
          6.9342355
        ],
        "type": "Point"
      },
      "id": "node/13660303944",
      "properties": {
        "feature_type": "crossing",
        "in_core": false,
        "kind": "marked",
        "linked_way_ids": [
          51081925
        ],
        "osm_id": 13660303944,
        "osm_type": "node",
        "tags": {
          "crossing": "marked",
          "crossing:markings": "zebra",
          "highway": "crossing"
        },
        "zone": "relation_completion"
      },
      "type": "Feature"
    },
    {
      "geometry": {
        "coordinates": [
          79.8490418,
          6.9326054
        ],
        "type": "Point"
      },
      "id": "node/13660304044",
      "properties": {
        "feature_type": "crossing",
        "in_core": false,
        "kind": "crossing",
        "linked_way_ids": [
          99242187,
          1490409682
        ],
        "osm_id": 13660304044,
        "osm_type": "node",
        "tags": {
          "crossing:markings": "zebra",
          "highway": "crossing"
        },
        "zone": "context"
      },
      "type": "Feature"
    },
    {
      "geometry": {
        "coordinates": [
          79.8490445,
          6.9326853
        ],
        "type": "Point"
      },
      "id": "node/13660304045",
      "properties": {
        "feature_type": "crossing",
        "in_core": false,
        "kind": "crossing",
        "linked_way_ids": [
          198142591,
          1490409682
        ],
        "osm_id": 13660304045,
        "osm_type": "node",
        "tags": {
          "crossing:markings": "zebra",
          "highway": "crossing"
        },
        "zone": "context"
      },
      "type": "Feature"
    },
    {
      "geometry": {
        "coordinates": [
          79.8651178,
          6.9301013
        ],
        "type": "Point"
      },
      "id": "node/13663630394",
      "properties": {
        "feature_type": "crossing",
        "in_core": true,
        "kind": "crossing",
        "linked_way_ids": [
          313262044,
          1490861789,
          1490861790
        ],
        "osm_id": 13663630394,
        "osm_type": "node",
        "tags": {
          "highway": "crossing"
        },
        "zone": "core"
      },
      "type": "Feature"
    },
    {
      "geometry": {
        "coordinates": [
          79.8649911,
          6.9302392
        ],
        "type": "Point"
      },
      "id": "node/13663630398",
      "properties": {
        "feature_type": "crossing",
        "in_core": true,
        "kind": "crossing",
        "linked_way_ids": [
          350014239,
          405257457,
          1463505173,
          1490861790
        ],
        "osm_id": 13663630398,
        "osm_type": "node",
        "tags": {
          "highway": "crossing"
        },
        "zone": "core"
      },
      "type": "Feature"
    },
    {
      "geometry": {
        "coordinates": [
          79.8651181,
          6.9300358
        ],
        "type": "Point"
      },
      "id": "node/13663630399",
      "properties": {
        "feature_type": "crossing",
        "in_core": true,
        "kind": "crossing",
        "linked_way_ids": [
          405258772,
          981152289,
          1490861789
        ],
        "osm_id": 13663630399,
        "osm_type": "node",
        "tags": {
          "highway": "crossing"
        },
        "zone": "core"
      },
      "type": "Feature"
    },
    {
      "geometry": {
        "coordinates": [
          79.8479137,
          6.9164587
        ],
        "type": "Point"
      },
      "id": "node/13663644035",
      "properties": {
        "feature_type": "barrier",
        "in_core": false,
        "kind": "gate",
        "linked_way_ids": [
          1348127357
        ],
        "osm_id": 13663644035,
        "osm_type": "node",
        "tags": {
          "access": "permissive",
          "barrier": "gate"
        },
        "zone": "relation_completion"
      },
      "type": "Feature"
    },
    {
      "geometry": {
        "coordinates": [
          79.8464941,
          6.9324137
        ],
        "type": "Point"
      },
      "id": "node/13663655377",
      "properties": {
        "feature_type": "crossing",
        "in_core": false,
        "kind": "traffic_signals",
        "linked_way_ids": [
          355488332,
          558444111,
          1552091945,
          1552091946,
          1552091952
        ],
        "osm_id": 13663655377,
        "osm_type": "node",
        "tags": {
          "crossing": "traffic_signals",
          "crossing:markings": "lines",
          "highway": "crossing"
        },
        "zone": "context"
      },
      "type": "Feature"
    },
    {
      "geometry": {
        "coordinates": [
          79.8451398,
          6.9364416
        ],
        "type": "Point"
      },
      "id": "node/13663655380",
      "properties": {
        "feature_type": "crossing",
        "in_core": false,
        "kind": "marked",
        "linked_way_ids": [
          378754956,
          1490868441
        ],
        "osm_id": 13663655380,
        "osm_type": "node",
        "tags": {
          "crossing": "marked",
          "crossing:markings": "zebra",
          "highway": "crossing"
        },
        "zone": "relation_completion"
      },
      "type": "Feature"
    },
    {
      "geometry": {
        "coordinates": [
          79.848726,
          6.9130919
        ],
        "type": "Point"
      },
      "id": "node/13663671479",
      "properties": {
        "feature_type": "crossing",
        "in_core": false,
        "kind": "marked",
        "linked_way_ids": [
          1490865541
        ],
        "osm_id": 13663671479,
        "osm_type": "node",
        "tags": {
          "crossing": "marked",
          "highway": "crossing"
        },
        "zone": "relation_completion"
      },
      "type": "Feature"
    },
    {
      "geometry": {
        "coordinates": [
          79.8482337,
          6.9129006
        ],
        "type": "Point"
      },
      "id": "node/13663671495",
      "properties": {
        "feature_type": "crossing",
        "in_core": false,
        "kind": "marked",
        "linked_way_ids": [
          1490865541
        ],
        "osm_id": 13663671495,
        "osm_type": "node",
        "tags": {
          "crossing": "marked",
          "highway": "crossing"
        },
        "zone": "relation_completion"
      },
      "type": "Feature"
    },
    {
      "geometry": {
        "coordinates": [
          79.848329,
          6.9127326
        ],
        "type": "Point"
      },
      "id": "node/13663671498",
      "properties": {
        "feature_type": "crossing",
        "in_core": false,
        "kind": "marked",
        "linked_way_ids": [
          1490865541
        ],
        "osm_id": 13663671498,
        "osm_type": "node",
        "tags": {
          "crossing": "marked",
          "highway": "crossing"
        },
        "zone": "relation_completion"
      },
      "type": "Feature"
    },
    {
      "geometry": {
        "coordinates": [
          79.847321,
          6.9148758
        ],
        "type": "Point"
      },
      "id": "node/13663671641",
      "properties": {
        "feature_type": "crossing",
        "in_core": false,
        "kind": "marked",
        "linked_way_ids": [
          1132624997
        ],
        "osm_id": 13663671641,
        "osm_type": "node",
        "tags": {
          "crossing": "marked",
          "highway": "crossing"
        },
        "zone": "relation_completion"
      },
      "type": "Feature"
    },
    {
      "geometry": {
        "coordinates": [
          79.8483717,
          6.911255
        ],
        "type": "Point"
      },
      "id": "node/13663671653",
      "properties": {
        "feature_type": "crossing",
        "in_core": false,
        "kind": "marked",
        "linked_way_ids": [
          1132624997
        ],
        "osm_id": 13663671653,
        "osm_type": "node",
        "tags": {
          "crossing": "marked",
          "highway": "crossing"
        },
        "zone": "relation_completion"
      },
      "type": "Feature"
    },
    {
      "geometry": {
        "coordinates": [
          79.8494103,
          6.9258345
        ],
        "type": "Point"
      },
      "id": "node/13665816509",
      "properties": {
        "feature_type": "crossing",
        "in_core": true,
        "kind": "marked",
        "linked_way_ids": [
          467593912
        ],
        "osm_id": 13665816509,
        "osm_type": "node",
        "tags": {
          "crossing": "marked",
          "crossing:markings": "zebra",
          "highway": "crossing"
        },
        "zone": "core"
      },
      "type": "Feature"
    },
    {
      "geometry": {
        "coordinates": [
          79.8492453,
          6.9254485
        ],
        "type": "Point"
      },
      "id": "node/13665816510",
      "properties": {
        "feature_type": "crossing",
        "in_core": false,
        "kind": "marked",
        "linked_way_ids": [
          1122818096
        ],
        "osm_id": 13665816510,
        "osm_type": "node",
        "tags": {
          "crossing": "marked",
          "crossing:markings": "zebra",
          "highway": "crossing"
        },
        "zone": "context"
      },
      "type": "Feature"
    },
    {
      "geometry": {
        "coordinates": [
          79.8502358,
          6.9256591
        ],
        "type": "Point"
      },
      "id": "node/13665816511",
      "properties": {
        "feature_type": "crossing",
        "in_core": true,
        "kind": "marked",
        "linked_way_ids": [
          1122818096
        ],
        "osm_id": 13665816511,
        "osm_type": "node",
        "tags": {
          "crossing": "marked",
          "crossing:markings": "zebra",
          "highway": "crossing"
        },
        "zone": "core"
      },
      "type": "Feature"
    },
    {
      "geometry": {
        "coordinates": [
          79.8501286,
          6.9264015
        ],
        "type": "Point"
      },
      "id": "node/13665816512",
      "properties": {
        "feature_type": "crossing",
        "in_core": true,
        "kind": "marked",
        "linked_way_ids": [
          467593912
        ],
        "osm_id": 13665816512,
        "osm_type": "node",
        "tags": {
          "crossing": "marked",
          "crossing:markings": "zebra",
          "highway": "crossing"
        },
        "zone": "core"
      },
      "type": "Feature"
    },
    {
      "geometry": {
        "coordinates": [
          79.8501637,
          6.9274895
        ],
        "type": "Point"
      },
      "id": "node/13665816522",
      "properties": {
        "feature_type": "crossing",
        "in_core": true,
        "kind": "crossing",
        "linked_way_ids": [
          351911648,
          1492541636
        ],
        "osm_id": 13665816522,
        "osm_type": "node",
        "tags": {
          "highway": "crossing"
        },
        "zone": "core"
      },
      "type": "Feature"
    },
    {
      "geometry": {
        "coordinates": [
          79.8496266,
          6.9273401
        ],
        "type": "Point"
      },
      "id": "node/13665816534",
      "properties": {
        "feature_type": "crossing",
        "in_core": true,
        "kind": "marked",
        "linked_way_ids": [
          1491101147
        ],
        "osm_id": 13665816534,
        "osm_type": "node",
        "tags": {
          "crossing": "marked",
          "crossing:markings": "lines",
          "highway": "crossing"
        },
        "zone": "core"
      },
      "type": "Feature"
    },
    {
      "geometry": {
        "coordinates": [
          79.8559284,
          6.930048
        ],
        "type": "Point"
      },
      "id": "node/13675759233",
      "properties": {
        "feature_type": "barrier",
        "in_core": true,
        "kind": "gate",
        "linked_way_ids": [
          224060219
        ],
        "osm_id": 13675759233,
        "osm_type": "node",
        "tags": {
          "barrier": "gate"
        },
        "zone": "core"
      },
      "type": "Feature"
    },
    {
      "geometry": {
        "coordinates": [
          79.8618772,
          6.9255137
        ],
        "type": "Point"
      },
      "id": "node/13676680289",
      "properties": {
        "feature_type": "crossing",
        "in_core": true,
        "kind": "crossing",
        "linked_way_ids": [
          665953582,
          1492462149
        ],
        "osm_id": 13676680289,
        "osm_type": "node",
        "tags": {
          "highway": "crossing"
        },
        "zone": "core"
      },
      "type": "Feature"
    },
    {
      "geometry": {
        "coordinates": [
          79.8618286,
          6.9255096
        ],
        "type": "Point"
      },
      "id": "node/13676680290",
      "properties": {
        "feature_type": "crossing",
        "in_core": true,
        "kind": "crossing",
        "linked_way_ids": [
          1089605503,
          1492462149
        ],
        "osm_id": 13676680290,
        "osm_type": "node",
        "tags": {
          "highway": "crossing"
        },
        "zone": "core"
      },
      "type": "Feature"
    },
    {
      "geometry": {
        "coordinates": [
          79.8629373,
          6.9374874
        ],
        "type": "Point"
      },
      "id": "node/13676744611",
      "properties": {
        "feature_type": "crossing",
        "in_core": false,
        "kind": "crossing",
        "linked_way_ids": [
          51270645
        ],
        "osm_id": 13676744611,
        "osm_type": "node",
        "tags": {
          "highway": "crossing"
        },
        "zone": "context"
      },
      "type": "Feature"
    },
    {
      "geometry": {
        "coordinates": [
          79.8626513,
          6.937311
        ],
        "type": "Point"
      },
      "id": "node/13676744612",
      "properties": {
        "feature_type": "crossing",
        "in_core": false,
        "kind": "crossing",
        "linked_way_ids": [
          378241306
        ],
        "osm_id": 13676744612,
        "osm_type": "node",
        "tags": {
          "highway": "crossing"
        },
        "zone": "context"
      },
      "type": "Feature"
    },
    {
      "geometry": {
        "coordinates": [
          79.8615786,
          6.9388034
        ],
        "type": "Point"
      },
      "id": "node/13676744613",
      "properties": {
        "feature_type": "crossing",
        "in_core": false,
        "kind": "crossing",
        "linked_way_ids": [
          29461844
        ],
        "osm_id": 13676744613,
        "osm_type": "node",
        "tags": {
          "highway": "crossing"
        },
        "zone": "context"
      },
      "type": "Feature"
    },
    {
      "geometry": {
        "coordinates": [
          79.8607483,
          6.9367551
        ],
        "type": "Point"
      },
      "id": "node/13676744631",
      "properties": {
        "feature_type": "crossing",
        "in_core": false,
        "kind": "crossing",
        "linked_way_ids": [
          10548396
        ],
        "osm_id": 13676744631,
        "osm_type": "node",
        "tags": {
          "highway": "crossing"
        },
        "zone": "context"
      },
      "type": "Feature"
    },
    {
      "geometry": {
        "coordinates": [
          79.8596851,
          6.933447
        ],
        "type": "Point"
      },
      "id": "node/13676744635",
      "properties": {
        "feature_type": "crossing",
        "in_core": true,
        "kind": "crossing",
        "linked_way_ids": [
          1492471226,
          1492471228
        ],
        "osm_id": 13676744635,
        "osm_type": "node",
        "tags": {
          "highway": "crossing"
        },
        "zone": "core"
      },
      "type": "Feature"
    },
    {
      "geometry": {
        "coordinates": [
          79.8595293,
          6.9339627
        ],
        "type": "Point"
      },
      "id": "node/13676744643",
      "properties": {
        "feature_type": "crossing",
        "in_core": true,
        "kind": "crossing",
        "linked_way_ids": [
          98046395,
          1492471229
        ],
        "osm_id": 13676744643,
        "osm_type": "node",
        "tags": {
          "highway": "crossing"
        },
        "zone": "core"
      },
      "type": "Feature"
    },
    {
      "geometry": {
        "coordinates": [
          79.8595688,
          6.9339725
        ],
        "type": "Point"
      },
      "id": "node/13676744646",
      "properties": {
        "feature_type": "crossing",
        "in_core": true,
        "kind": "crossing",
        "linked_way_ids": [
          1492471229,
          1492471231
        ],
        "osm_id": 13676744646,
        "osm_type": "node",
        "tags": {
          "highway": "crossing"
        },
        "zone": "core"
      },
      "type": "Feature"
    },
    {
      "geometry": {
        "coordinates": [
          79.8593871,
          6.9334528
        ],
        "type": "Point"
      },
      "id": "node/13676744651",
      "properties": {
        "feature_type": "crossing",
        "in_core": true,
        "kind": "crossing",
        "linked_way_ids": [
          10548374
        ],
        "osm_id": 13676744651,
        "osm_type": "node",
        "tags": {
          "highway": "crossing"
        },
        "zone": "core"
      },
      "type": "Feature"
    },
    {
      "geometry": {
        "coordinates": [
          79.8638088,
          6.9332478
        ],
        "type": "Point"
      },
      "id": "node/13676744655",
      "properties": {
        "feature_type": "crossing",
        "in_core": true,
        "kind": "crossing",
        "linked_way_ids": [
          10557898
        ],
        "osm_id": 13676744655,
        "osm_type": "node",
        "tags": {
          "highway": "crossing"
        },
        "zone": "core"
      },
      "type": "Feature"
    },
    {
      "geometry": {
        "coordinates": [
          79.8636894,
          6.9300726
        ],
        "type": "Point"
      },
      "id": "node/13676744666",
      "properties": {
        "feature_type": "barrier",
        "in_core": true,
        "kind": "gate",
        "linked_way_ids": [
          533955506
        ],
        "osm_id": 13676744666,
        "osm_type": "node",
        "tags": {
          "barrier": "gate"
        },
        "zone": "core"
      },
      "type": "Feature"
    },
    {
      "geometry": {
        "coordinates": [
          79.8564624,
          6.9381594
        ],
        "type": "Point"
      },
      "id": "node/13676883757",
      "properties": {
        "feature_type": "crossing",
        "in_core": false,
        "kind": "crossing",
        "linked_way_ids": [
          462376384
        ],
        "osm_id": 13676883757,
        "osm_type": "node",
        "tags": {
          "highway": "crossing"
        },
        "zone": "context"
      },
      "type": "Feature"
    },
    {
      "geometry": {
        "coordinates": [
          79.856395,
          6.9388611
        ],
        "type": "Point"
      },
      "id": "node/13676883758",
      "properties": {
        "feature_type": "crossing",
        "in_core": false,
        "kind": "crossing",
        "linked_way_ids": [
          10548399
        ],
        "osm_id": 13676883758,
        "osm_type": "node",
        "tags": {
          "highway": "crossing"
        },
        "zone": "context"
      },
      "type": "Feature"
    },
    {
      "geometry": {
        "coordinates": [
          79.8569503,
          6.9404964
        ],
        "type": "Point"
      },
      "id": "node/13676883759",
      "properties": {
        "feature_type": "crossing",
        "in_core": false,
        "kind": "crossing",
        "linked_way_ids": [
          51270649
        ],
        "osm_id": 13676883759,
        "osm_type": "node",
        "tags": {
          "highway": "crossing"
        },
        "zone": "relation_completion"
      },
      "type": "Feature"
    },
    {
      "geometry": {
        "coordinates": [
          79.8584854,
          6.9411037
        ],
        "type": "Point"
      },
      "id": "node/13676883761",
      "properties": {
        "feature_type": "crossing",
        "in_core": false,
        "kind": "crossing",
        "linked_way_ids": [
          51270649
        ],
        "osm_id": 13676883761,
        "osm_type": "node",
        "tags": {
          "highway": "crossing"
        },
        "zone": "relation_completion"
      },
      "type": "Feature"
    },
    {
      "geometry": {
        "coordinates": [
          79.8578297,
          6.9408689
        ],
        "type": "Point"
      },
      "id": "node/13676883762",
      "properties": {
        "feature_type": "crossing",
        "in_core": false,
        "kind": "crossing",
        "linked_way_ids": [
          51270649
        ],
        "osm_id": 13676883762,
        "osm_type": "node",
        "tags": {
          "highway": "crossing"
        },
        "zone": "relation_completion"
      },
      "type": "Feature"
    },
    {
      "geometry": {
        "coordinates": [
          79.858536,
          6.9406462
        ],
        "type": "Point"
      },
      "id": "node/13676883763",
      "properties": {
        "feature_type": "crossing",
        "in_core": false,
        "kind": "crossing",
        "linked_way_ids": [
          29461741
        ],
        "osm_id": 13676883763,
        "osm_type": "node",
        "tags": {
          "highway": "crossing"
        },
        "zone": "relation_completion"
      },
      "type": "Feature"
    },
    {
      "geometry": {
        "coordinates": [
          79.8619154,
          6.9244015
        ],
        "type": "Point"
      },
      "id": "node/13676883766",
      "properties": {
        "feature_type": "crossing",
        "in_core": true,
        "kind": "crossing",
        "linked_way_ids": [
          665953582,
          1492495729
        ],
        "osm_id": 13676883766,
        "osm_type": "node",
        "tags": {
          "highway": "crossing"
        },
        "zone": "core"
      },
      "type": "Feature"
    },
    {
      "geometry": {
        "coordinates": [
          79.8618573,
          6.9244016
        ],
        "type": "Point"
      },
      "id": "node/13676883767",
      "properties": {
        "feature_type": "crossing",
        "in_core": true,
        "kind": "crossing",
        "linked_way_ids": [
          1089605503,
          1492495729
        ],
        "osm_id": 13676883767,
        "osm_type": "node",
        "tags": {
          "highway": "crossing"
        },
        "zone": "core"
      },
      "type": "Feature"
    },
    {
      "geometry": {
        "coordinates": [
          79.8630957,
          6.9393782
        ],
        "type": "Point"
      },
      "id": "node/13676883770",
      "properties": {
        "feature_type": "crossing",
        "in_core": false,
        "kind": "crossing",
        "linked_way_ids": [
          378241301
        ],
        "osm_id": 13676883770,
        "osm_type": "node",
        "tags": {
          "highway": "crossing"
        },
        "zone": "context"
      },
      "type": "Feature"
    },
    {
      "geometry": {
        "coordinates": [
          79.8641416,
          6.9397742
        ],
        "type": "Point"
      },
      "id": "node/13676883771",
      "properties": {
        "feature_type": "crossing",
        "in_core": false,
        "kind": "crossing",
        "linked_way_ids": [
          378241301
        ],
        "osm_id": 13676883771,
        "osm_type": "node",
        "tags": {
          "highway": "crossing"
        },
        "zone": "relation_completion"
      },
      "type": "Feature"
    },
    {
      "geometry": {
        "coordinates": [
          79.8546761,
          6.940045
        ],
        "type": "Point"
      },
      "id": "node/13676890483",
      "properties": {
        "feature_type": "crossing",
        "in_core": false,
        "kind": "crossing",
        "linked_way_ids": [
          625329101,
          1492509928
        ],
        "osm_id": 13676890483,
        "osm_type": "node",
        "tags": {
          "highway": "crossing"
        },
        "zone": "relation_completion"
      },
      "type": "Feature"
    },
    {
      "geometry": {
        "coordinates": [
          79.8546545,
          6.9400485
        ],
        "type": "Point"
      },
      "id": "node/13676890484",
      "properties": {
        "feature_type": "crossing",
        "in_core": false,
        "kind": "crossing",
        "linked_way_ids": [
          199577908,
          1492509928
        ],
        "osm_id": 13676890484,
        "osm_type": "node",
        "tags": {
          "highway": "crossing"
        },
        "zone": "relation_completion"
      },
      "type": "Feature"
    },
    {
      "geometry": {
        "coordinates": [
          79.8539858,
          6.9397668
        ],
        "type": "Point"
      },
      "id": "node/13676890485",
      "properties": {
        "feature_type": "crossing",
        "in_core": false,
        "kind": "crossing",
        "linked_way_ids": [
          51269353
        ],
        "osm_id": 13676890485,
        "osm_type": "node",
        "tags": {
          "highway": "crossing"
        },
        "zone": "context"
      },
      "type": "Feature"
    },
    {
      "geometry": {
        "coordinates": [
          79.8534692,
          6.9387721
        ],
        "type": "Point"
      },
      "id": "node/13676890486",
      "properties": {
        "feature_type": "crossing",
        "in_core": false,
        "kind": "crossing",
        "linked_way_ids": [
          1457801135
        ],
        "osm_id": 13676890486,
        "osm_type": "node",
        "tags": {
          "highway": "crossing"
        },
        "zone": "context"
      },
      "type": "Feature"
    },
    {
      "geometry": {
        "coordinates": [
          79.8522605,
          6.9381828
        ],
        "type": "Point"
      },
      "id": "node/13676890487",
      "properties": {
        "feature_type": "crossing",
        "in_core": false,
        "kind": "crossing",
        "linked_way_ids": [
          625320319
        ],
        "osm_id": 13676890487,
        "osm_type": "node",
        "tags": {
          "highway": "crossing"
        },
        "zone": "context"
      },
      "type": "Feature"
    },
    {
      "geometry": {
        "coordinates": [
          79.8516437,
          6.937881
        ],
        "type": "Point"
      },
      "id": "node/13676890488",
      "properties": {
        "feature_type": "crossing",
        "in_core": false,
        "kind": "crossing",
        "linked_way_ids": [
          625320319
        ],
        "osm_id": 13676890488,
        "osm_type": "node",
        "tags": {
          "highway": "crossing"
        },
        "zone": "context"
      },
      "type": "Feature"
    },
    {
      "geometry": {
        "coordinates": [
          79.8553665,
          6.9364255
        ],
        "type": "Point"
      },
      "id": "node/13676890489",
      "properties": {
        "feature_type": "crossing",
        "in_core": false,
        "kind": "crossing",
        "linked_way_ids": [
          48807868
        ],
        "osm_id": 13676890489,
        "osm_type": "node",
        "tags": {
          "highway": "crossing"
        },
        "zone": "context"
      },
      "type": "Feature"
    },
    {
      "geometry": {
        "coordinates": [
          79.8557466,
          6.9360676
        ],
        "type": "Point"
      },
      "id": "node/13676890490",
      "properties": {
        "feature_type": "crossing",
        "in_core": false,
        "kind": "crossing",
        "linked_way_ids": [
          462376384
        ],
        "osm_id": 13676890490,
        "osm_type": "node",
        "tags": {
          "highway": "crossing"
        },
        "zone": "context"
      },
      "type": "Feature"
    },
    {
      "geometry": {
        "coordinates": [
          79.8525407,
          6.9248446
        ],
        "type": "Point"
      },
      "id": "node/13676890500",
      "properties": {
        "feature_type": "crossing",
        "in_core": true,
        "kind": "crossing",
        "linked_way_ids": [
          53721010
        ],
        "osm_id": 13676890500,
        "osm_type": "node",
        "tags": {
          "highway": "crossing"
        },
        "zone": "core"
      },
      "type": "Feature"
    },
    {
      "geometry": {
        "coordinates": [
          79.8532807,
          6.9236584
        ],
        "type": "Point"
      },
      "id": "node/13676891353",
      "properties": {
        "feature_type": "crossing",
        "in_core": true,
        "kind": "marked",
        "linked_way_ids": [
          386048812
        ],
        "osm_id": 13676891353,
        "osm_type": "node",
        "tags": {
          "crossing": "marked",
          "crossing:markings": "zebra",
          "highway": "crossing"
        },
        "zone": "core"
      },
      "type": "Feature"
    },
    {
      "geometry": {
        "coordinates": [
          79.8596878,
          6.9346777
        ],
        "type": "Point"
      },
      "id": "node/13676891360",
      "properties": {
        "feature_type": "crossing",
        "in_core": true,
        "kind": "crossing",
        "linked_way_ids": [
          1492499899,
          1492499900
        ],
        "osm_id": 13676891360,
        "osm_type": "node",
        "tags": {
          "highway": "crossing"
        },
        "zone": "core"
      },
      "type": "Feature"
    },
    {
      "geometry": {
        "coordinates": [
          79.8505431,
          6.9247087
        ],
        "type": "Point"
      },
      "id": "node/13677168922",
      "properties": {
        "feature_type": "crossing",
        "in_core": true,
        "kind": "crossing",
        "linked_way_ids": [
          50061749
        ],
        "osm_id": 13677168922,
        "osm_type": "node",
        "tags": {
          "highway": "crossing"
        },
        "zone": "core"
      },
      "type": "Feature"
    },
    {
      "geometry": {
        "coordinates": [
          79.849053,
          6.9250333
        ],
        "type": "Point"
      },
      "id": "node/13677168926",
      "properties": {
        "feature_type": "crossing",
        "in_core": false,
        "kind": "crossing",
        "linked_way_ids": [
          1122818095
        ],
        "osm_id": 13677168926,
        "osm_type": "node",
        "tags": {
          "highway": "crossing"
        },
        "zone": "context"
      },
      "type": "Feature"
    },
    {
      "geometry": {
        "coordinates": [
          79.8483642,
          6.9258485
        ],
        "type": "Point"
      },
      "id": "node/13677168927",
      "properties": {
        "feature_type": "crossing",
        "in_core": false,
        "kind": "crossing",
        "linked_way_ids": [
          1348853553
        ],
        "osm_id": 13677168927,
        "osm_type": "node",
        "tags": {
          "highway": "crossing"
        },
        "zone": "context"
      },
      "type": "Feature"
    },
    {
      "geometry": {
        "coordinates": [
          79.8481567,
          6.9288525
        ],
        "type": "Point"
      },
      "id": "node/13677168957",
      "properties": {
        "feature_type": "crossing",
        "in_core": false,
        "kind": "crossing",
        "linked_way_ids": [
          1492541645
        ],
        "osm_id": 13677168957,
        "osm_type": "node",
        "tags": {
          "highway": "crossing"
        },
        "zone": "context"
      },
      "type": "Feature"
    },
    {
      "geometry": {
        "coordinates": [
          79.8586938,
          6.9273783
        ],
        "type": "Point"
      },
      "id": "node/13677216495",
      "properties": {
        "feature_type": "crossing",
        "in_core": true,
        "kind": "marked",
        "linked_way_ids": [
          1492548087
        ],
        "osm_id": 13677216495,
        "osm_type": "node",
        "tags": {
          "crossing": "marked",
          "crossing:markings": "zebra",
          "highway": "crossing"
        },
        "zone": "core"
      },
      "type": "Feature"
    },
    {
      "geometry": {
        "coordinates": [
          79.8584072,
          6.9275337
        ],
        "type": "Point"
      },
      "id": "node/13677237614",
      "properties": {
        "feature_type": "crossing",
        "in_core": true,
        "kind": "marked",
        "linked_way_ids": [
          1492548090
        ],
        "osm_id": 13677237614,
        "osm_type": "node",
        "tags": {
          "crossing": "marked",
          "crossing:markings": "zebra",
          "highway": "crossing"
        },
        "zone": "core"
      },
      "type": "Feature"
    },
    {
      "geometry": {
        "coordinates": [
          79.8564546,
          6.9251965
        ],
        "type": "Point"
      },
      "id": "node/13677261224",
      "properties": {
        "feature_type": "barrier",
        "in_core": true,
        "kind": "gate",
        "linked_way_ids": [
          240361223
        ],
        "osm_id": 13677261224,
        "osm_type": "node",
        "tags": {
          "barrier": "gate"
        },
        "zone": "core"
      },
      "type": "Feature"
    },
    {
      "geometry": {
        "coordinates": [
          79.8539562,
          6.9330628
        ],
        "type": "Point"
      },
      "id": "node/13679856061",
      "properties": {
        "feature_type": "entrance",
        "in_core": true,
        "kind": "yes",
        "linked_way_ids": [
          1492825759
        ],
        "osm_id": 13679856061,
        "osm_type": "node",
        "tags": {
          "entrance": "yes"
        },
        "zone": "core"
      },
      "type": "Feature"
    },
    {
      "geometry": {
        "coordinates": [
          79.8540006,
          6.9336477
        ],
        "type": "Point"
      },
      "id": "node/13679856063",
      "properties": {
        "feature_type": "crossing",
        "in_core": true,
        "kind": "marked",
        "linked_way_ids": [
          10548292,
          1492825760
        ],
        "osm_id": 13679856063,
        "osm_type": "node",
        "tags": {
          "crossing": "marked",
          "highway": "crossing"
        },
        "zone": "core"
      },
      "type": "Feature"
    },
    {
      "geometry": {
        "coordinates": [
          79.8617529,
          6.9265981
        ],
        "type": "Point"
      },
      "id": "node/13680101708",
      "properties": {
        "feature_type": "crossing",
        "in_core": true,
        "kind": "marked",
        "linked_way_ids": [
          50075272,
          1492462148
        ],
        "osm_id": 13680101708,
        "osm_type": "node",
        "tags": {
          "crossing": "marked",
          "crossing:markings": "yes",
          "crossing_ref": "zebra",
          "highway": "crossing"
        },
        "zone": "core"
      },
      "type": "Feature"
    },
    {
      "geometry": {
        "coordinates": [
          79.8583273,
          6.9281594
        ],
        "type": "Point"
      },
      "id": "node/13680101720",
      "properties": {
        "feature_type": "barrier",
        "in_core": true,
        "kind": "gate",
        "linked_way_ids": [
          1492548077
        ],
        "osm_id": 13680101720,
        "osm_type": "node",
        "tags": {
          "barrier": "gate"
        },
        "zone": "core"
      },
      "type": "Feature"
    },
    {
      "geometry": {
        "coordinates": [
          79.8579838,
          6.9272057
        ],
        "type": "Point"
      },
      "id": "node/13680101733",
      "properties": {
        "feature_type": "entrance",
        "in_core": true,
        "kind": "yes",
        "linked_way_ids": [
          1492866609
        ],
        "osm_id": 13680101733,
        "osm_type": "node",
        "tags": {
          "entrance": "yes"
        },
        "zone": "core"
      },
      "type": "Feature"
    },
    {
      "geometry": {
        "coordinates": [
          79.858494,
          6.9273557
        ],
        "type": "Point"
      },
      "id": "node/13680101735",
      "properties": {
        "feature_type": "entrance",
        "in_core": true,
        "kind": "yes",
        "linked_way_ids": [
          1492866614
        ],
        "osm_id": 13680101735,
        "osm_type": "node",
        "tags": {
          "entrance": "yes"
        },
        "zone": "core"
      },
      "type": "Feature"
    },
    {
      "geometry": {
        "coordinates": [
          79.8587644,
          6.9277683
        ],
        "type": "Point"
      },
      "id": "node/13680101756",
      "properties": {
        "feature_type": "barrier",
        "in_core": true,
        "kind": "gate",
        "linked_way_ids": [
          1492866617
        ],
        "osm_id": 13680101756,
        "osm_type": "node",
        "tags": {
          "barrier": "gate"
        },
        "zone": "core"
      },
      "type": "Feature"
    },
    {
      "geometry": {
        "coordinates": [
          79.8586892,
          6.9278087
        ],
        "type": "Point"
      },
      "id": "node/13680101757",
      "properties": {
        "feature_type": "barrier",
        "in_core": true,
        "kind": "gate",
        "linked_way_ids": [
          1492866618
        ],
        "osm_id": 13680101757,
        "osm_type": "node",
        "tags": {
          "barrier": "gate"
        },
        "zone": "core"
      },
      "type": "Feature"
    },
    {
      "geometry": {
        "coordinates": [
          79.8588661,
          6.9277135
        ],
        "type": "Point"
      },
      "id": "node/13680101805",
      "properties": {
        "feature_type": "barrier",
        "in_core": true,
        "kind": "gate",
        "linked_way_ids": [
          1492548087
        ],
        "osm_id": 13680101805,
        "osm_type": "node",
        "tags": {
          "barrier": "gate"
        },
        "zone": "core"
      },
      "type": "Feature"
    },
    {
      "geometry": {
        "coordinates": [
          79.858595,
          6.9278594
        ],
        "type": "Point"
      },
      "id": "node/13680101806",
      "properties": {
        "feature_type": "barrier",
        "in_core": true,
        "kind": "gate",
        "linked_way_ids": [
          1492548090
        ],
        "osm_id": 13680101806,
        "osm_type": "node",
        "tags": {
          "barrier": "gate"
        },
        "zone": "core"
      },
      "type": "Feature"
    },
    {
      "geometry": {
        "coordinates": [
          79.8585152,
          6.9265844
        ],
        "type": "Point"
      },
      "id": "node/13680101826",
      "properties": {
        "feature_type": "barrier",
        "in_core": true,
        "kind": "gate",
        "linked_way_ids": [
          1492548090
        ],
        "osm_id": 13680101826,
        "osm_type": "node",
        "tags": {
          "barrier": "gate"
        },
        "zone": "core"
      },
      "type": "Feature"
    },
    {
      "geometry": {
        "coordinates": [
          79.864591,
          6.9137565
        ],
        "type": "Point"
      },
      "id": "node/13680517507",
      "properties": {
        "feature_type": "crossing",
        "in_core": false,
        "kind": "crossing",
        "linked_way_ids": [
          1030881167
        ],
        "osm_id": 13680517507,
        "osm_type": "node",
        "tags": {
          "highway": "crossing"
        },
        "zone": "relation_completion"
      },
      "type": "Feature"
    },
    {
      "geometry": {
        "coordinates": [
          79.8622129,
          6.9209665
        ],
        "type": "Point"
      },
      "id": "node/13680648344",
      "properties": {
        "feature_type": "crossing",
        "in_core": true,
        "kind": "marked",
        "linked_way_ids": [
          48809068
        ],
        "osm_id": 13680648344,
        "osm_type": "node",
        "tags": {
          "crossing": "marked",
          "crossing:markings": "zebra",
          "highway": "crossing"
        },
        "zone": "core"
      },
      "type": "Feature"
    },
    {
      "geometry": {
        "coordinates": [
          79.8621062,
          6.920846
        ],
        "type": "Point"
      },
      "id": "node/13680648345",
      "properties": {
        "feature_type": "crossing",
        "in_core": true,
        "kind": "marked",
        "linked_way_ids": [
          665953582,
          1492954758
        ],
        "osm_id": 13680648345,
        "osm_type": "node",
        "tags": {
          "crossing": "marked",
          "crossing:markings": "zebra",
          "highway": "crossing"
        },
        "zone": "core"
      },
      "type": "Feature"
    },
    {
      "geometry": {
        "coordinates": [
          79.8620505,
          6.9208519
        ],
        "type": "Point"
      },
      "id": "node/13680648346",
      "properties": {
        "feature_type": "crossing",
        "in_core": true,
        "kind": "marked",
        "linked_way_ids": [
          1089605503,
          1492954758
        ],
        "osm_id": 13680648346,
        "osm_type": "node",
        "tags": {
          "crossing": "marked",
          "crossing:markings": "zebra",
          "highway": "crossing"
        },
        "zone": "core"
      },
      "type": "Feature"
    },
    {
      "geometry": {
        "coordinates": [
          79.8621601,
          6.9228893
        ],
        "type": "Point"
      },
      "id": "node/13680648348",
      "properties": {
        "feature_type": "crossing",
        "in_core": true,
        "kind": "marked",
        "linked_way_ids": [
          48809066
        ],
        "osm_id": 13680648348,
        "osm_type": "node",
        "tags": {
          "crossing": "marked",
          "crossing:markings": "lines",
          "highway": "crossing"
        },
        "zone": "core"
      },
      "type": "Feature"
    },
    {
      "geometry": {
        "coordinates": [
          79.8621171,
          6.9227435
        ],
        "type": "Point"
      },
      "id": "node/13680648349",
      "properties": {
        "feature_type": "crossing",
        "in_core": true,
        "kind": "marked",
        "linked_way_ids": [
          665953582,
          1492954759
        ],
        "osm_id": 13680648349,
        "osm_type": "node",
        "tags": {
          "crossing": "marked",
          "crossing:markings": "lines",
          "highway": "crossing"
        },
        "zone": "core"
      },
      "type": "Feature"
    },
    {
      "geometry": {
        "coordinates": [
          79.8620521,
          6.9227324
        ],
        "type": "Point"
      },
      "id": "node/13680648350",
      "properties": {
        "feature_type": "crossing",
        "in_core": true,
        "kind": "marked",
        "linked_way_ids": [
          1089605503,
          1492954759
        ],
        "osm_id": 13680648350,
        "osm_type": "node",
        "tags": {
          "crossing": "marked",
          "crossing:markings": "lines",
          "highway": "crossing"
        },
        "zone": "core"
      },
      "type": "Feature"
    },
    {
      "geometry": {
        "coordinates": [
          79.8425134,
          6.9304774
        ],
        "type": "Point"
      },
      "id": "node/13680870889",
      "properties": {
        "feature_type": "crossing",
        "in_core": false,
        "kind": "crossing",
        "linked_way_ids": [
          1492980507
        ],
        "osm_id": 13680870889,
        "osm_type": "node",
        "tags": {
          "highway": "crossing"
        },
        "zone": "relation_completion"
      },
      "type": "Feature"
    },
    {
      "geometry": {
        "coordinates": [
          79.8461613,
          6.9362603
        ],
        "type": "Point"
      },
      "id": "node/13680905965",
      "properties": {
        "feature_type": "crossing",
        "in_core": false,
        "kind": "crossing",
        "linked_way_ids": [
          378863210
        ],
        "osm_id": 13680905965,
        "osm_type": "node",
        "tags": {
          "highway": "crossing"
        },
        "zone": "relation_completion"
      },
      "type": "Feature"
    },
    {
      "geometry": {
        "coordinates": [
          79.8493433,
          6.9336683
        ],
        "type": "Point"
      },
      "id": "node/13683451350",
      "properties": {
        "feature_type": "barrier",
        "in_core": false,
        "kind": "gate",
        "linked_way_ids": [
          1493258105
        ],
        "osm_id": 13683451350,
        "osm_type": "node",
        "tags": {
          "barrier": "gate"
        },
        "zone": "context"
      },
      "type": "Feature"
    },
    {
      "geometry": {
        "coordinates": [
          79.8500323,
          6.9337876
        ],
        "type": "Point"
      },
      "id": "node/13683451360",
      "properties": {
        "feature_type": "entrance",
        "in_core": false,
        "kind": "yes",
        "linked_way_ids": [
          1493258109
        ],
        "osm_id": 13683451360,
        "osm_type": "node",
        "tags": {
          "entrance": "yes"
        },
        "zone": "context"
      },
      "type": "Feature"
    },
    {
      "geometry": {
        "coordinates": [
          79.8511414,
          6.9323505
        ],
        "type": "Point"
      },
      "id": "node/13683468466",
      "properties": {
        "feature_type": "crossing",
        "in_core": true,
        "kind": "marked",
        "linked_way_ids": [
          99242187,
          1493259575
        ],
        "osm_id": 13683468466,
        "osm_type": "node",
        "tags": {
          "crossing": "marked",
          "crossing:markings": "zebra",
          "highway": "crossing"
        },
        "zone": "core"
      },
      "type": "Feature"
    },
    {
      "geometry": {
        "coordinates": [
          79.8511525,
          6.9324289
        ],
        "type": "Point"
      },
      "id": "node/13683468467",
      "properties": {
        "feature_type": "crossing",
        "in_core": true,
        "kind": "marked",
        "linked_way_ids": [
          396031863,
          1493259575
        ],
        "osm_id": 13683468467,
        "osm_type": "node",
        "tags": {
          "crossing": "marked",
          "crossing:markings": "zebra",
          "highway": "crossing"
        },
        "zone": "core"
      },
      "type": "Feature"
    },
    {
      "geometry": {
        "coordinates": [
          79.8540399,
          6.9233119
        ],
        "type": "Point"
      },
      "id": "node/13683647372",
      "properties": {
        "feature_type": "crossing",
        "in_core": true,
        "kind": "marked",
        "linked_way_ids": [
          386048812
        ],
        "osm_id": 13683647372,
        "osm_type": "node",
        "tags": {
          "crossing": "marked",
          "crossing:markings": "zebra",
          "highway": "crossing"
        },
        "zone": "core"
      },
      "type": "Feature"
    },
    {
      "geometry": {
        "coordinates": [
          79.8562862,
          6.9234174
        ],
        "type": "Point"
      },
      "id": "node/13683647377",
      "properties": {
        "feature_type": "crossing",
        "in_core": true,
        "kind": "marked",
        "linked_way_ids": [
          386048812
        ],
        "osm_id": 13683647377,
        "osm_type": "node",
        "tags": {
          "crossing": "marked",
          "crossing:markings": "zebra",
          "highway": "crossing"
        },
        "zone": "core"
      },
      "type": "Feature"
    },
    {
      "geometry": {
        "coordinates": [
          79.8587464,
          6.9220445
        ],
        "type": "Point"
      },
      "id": "node/13683647390",
      "properties": {
        "feature_type": "crossing",
        "in_core": true,
        "kind": "marked",
        "linked_way_ids": [
          386048812
        ],
        "osm_id": 13683647390,
        "osm_type": "node",
        "tags": {
          "crossing": "marked",
          "crossing:markings": "zebra",
          "highway": "crossing"
        },
        "zone": "core"
      },
      "type": "Feature"
    },
    {
      "geometry": {
        "coordinates": [
          79.860464,
          6.9201595
        ],
        "type": "Point"
      },
      "id": "node/13683647399",
      "properties": {
        "feature_type": "crossing",
        "in_core": true,
        "kind": "marked",
        "linked_way_ids": [
          386048812
        ],
        "osm_id": 13683647399,
        "osm_type": "node",
        "tags": {
          "crossing": "marked",
          "crossing:markings": "zebra",
          "highway": "crossing"
        },
        "zone": "core"
      },
      "type": "Feature"
    },
    {
      "geometry": {
        "coordinates": [
          79.8690116,
          6.9177271
        ],
        "type": "Point"
      },
      "id": "node/13683965519",
      "properties": {
        "feature_type": "crossing",
        "in_core": false,
        "kind": "crossing",
        "linked_way_ids": [
          366452499
        ],
        "osm_id": 13683965519,
        "osm_type": "node",
        "tags": {
          "highway": "crossing"
        },
        "zone": "relation_completion"
      },
      "type": "Feature"
    },
    {
      "geometry": {
        "coordinates": [
          79.8710936,
          6.9187704
        ],
        "type": "Point"
      },
      "id": "node/13683965520",
      "properties": {
        "feature_type": "crossing",
        "in_core": false,
        "kind": "crossing",
        "linked_way_ids": [
          13858379
        ],
        "osm_id": 13683965520,
        "osm_type": "node",
        "tags": {
          "highway": "crossing"
        },
        "zone": "relation_completion"
      },
      "type": "Feature"
    },
    {
      "geometry": {
        "coordinates": [
          79.8697001,
          6.9202115
        ],
        "type": "Point"
      },
      "id": "node/13683965521",
      "properties": {
        "feature_type": "crossing",
        "in_core": false,
        "kind": "crossing",
        "linked_way_ids": [
          13858379
        ],
        "osm_id": 13683965521,
        "osm_type": "node",
        "tags": {
          "highway": "crossing"
        },
        "zone": "context"
      },
      "type": "Feature"
    },
    {
      "geometry": {
        "coordinates": [
          79.8694501,
          6.9204885
        ],
        "type": "Point"
      },
      "id": "node/13683965522",
      "properties": {
        "feature_type": "crossing",
        "in_core": false,
        "kind": "crossing",
        "linked_way_ids": [
          48810533
        ],
        "osm_id": 13683965522,
        "osm_type": "node",
        "tags": {
          "highway": "crossing"
        },
        "zone": "context"
      },
      "type": "Feature"
    },
    {
      "geometry": {
        "coordinates": [
          79.8690711,
          6.9200096
        ],
        "type": "Point"
      },
      "id": "node/13683965523",
      "properties": {
        "feature_type": "crossing",
        "in_core": false,
        "kind": "crossing",
        "linked_way_ids": [
          390003247
        ],
        "osm_id": 13683965523,
        "osm_type": "node",
        "tags": {
          "highway": "crossing"
        },
        "zone": "context"
      },
      "type": "Feature"
    },
    {
      "geometry": {
        "coordinates": [
          79.8671561,
          6.9189275
        ],
        "type": "Point"
      },
      "id": "node/13683965524",
      "properties": {
        "feature_type": "crossing",
        "in_core": false,
        "kind": "crossing",
        "linked_way_ids": [
          390003247
        ],
        "osm_id": 13683965524,
        "osm_type": "node",
        "tags": {
          "highway": "crossing"
        },
        "zone": "context"
      },
      "type": "Feature"
    },
    {
      "geometry": {
        "coordinates": [
          79.8666123,
          6.9186281
        ],
        "type": "Point"
      },
      "id": "node/13683965525",
      "properties": {
        "feature_type": "crossing",
        "in_core": false,
        "kind": "crossing",
        "linked_way_ids": [
          390003247
        ],
        "osm_id": 13683965525,
        "osm_type": "node",
        "tags": {
          "highway": "crossing"
        },
        "zone": "context"
      },
      "type": "Feature"
    },
    {
      "geometry": {
        "coordinates": [
          79.870409,
          6.9221839
        ],
        "type": "Point"
      },
      "id": "node/13683965526",
      "properties": {
        "feature_type": "crossing",
        "in_core": false,
        "kind": "crossing",
        "linked_way_ids": [
          24791500,
          1493323914
        ],
        "osm_id": 13683965526,
        "osm_type": "node",
        "tags": {
          "highway": "crossing"
        },
        "zone": "context"
      },
      "type": "Feature"
    },
    {
      "geometry": {
        "coordinates": [
          79.8703426,
          6.9221213
        ],
        "type": "Point"
      },
      "id": "node/13683965527",
      "properties": {
        "feature_type": "crossing",
        "in_core": false,
        "kind": "crossing",
        "linked_way_ids": [
          350014237,
          1493323914
        ],
        "osm_id": 13683965527,
        "osm_type": "node",
        "tags": {
          "highway": "crossing"
        },
        "zone": "context"
      },
      "type": "Feature"
    },
    {
      "geometry": {
        "coordinates": [
          79.8703623,
          6.9223248
        ],
        "type": "Point"
      },
      "id": "node/13683965528",
      "properties": {
        "feature_type": "crossing",
        "in_core": false,
        "kind": "crossing",
        "linked_way_ids": [
          54057224
        ],
        "osm_id": 13683965528,
        "osm_type": "node",
        "tags": {
          "highway": "crossing"
        },
        "zone": "context"
      },
      "type": "Feature"
    },
    {
      "geometry": {
        "coordinates": [
          79.8686778,
          6.9211218
        ],
        "type": "Point"
      },
      "id": "node/13683965529",
      "properties": {
        "feature_type": "crossing",
        "in_core": false,
        "kind": "crossing",
        "linked_way_ids": [
          43444012
        ],
        "osm_id": 13683965529,
        "osm_type": "node",
        "tags": {
          "highway": "crossing"
        },
        "zone": "context"
      },
      "type": "Feature"
    },
    {
      "geometry": {
        "coordinates": [
          79.8660625,
          6.919715
        ],
        "type": "Point"
      },
      "id": "node/13683965530",
      "properties": {
        "feature_type": "crossing",
        "in_core": false,
        "kind": "crossing",
        "linked_way_ids": [
          43444012
        ],
        "osm_id": 13683965530,
        "osm_type": "node",
        "tags": {
          "highway": "crossing"
        },
        "zone": "context"
      },
      "type": "Feature"
    },
    {
      "geometry": {
        "coordinates": [
          79.8691898,
          6.9234233
        ],
        "type": "Point"
      },
      "id": "node/13683965532",
      "properties": {
        "feature_type": "crossing",
        "in_core": false,
        "kind": "crossing",
        "linked_way_ids": [
          24791500,
          1493323915
        ],
        "osm_id": 13683965532,
        "osm_type": "node",
        "tags": {
          "highway": "crossing"
        },
        "zone": "context"
      },
      "type": "Feature"
    },
    {
      "geometry": {
        "coordinates": [
          79.8691229,
          6.9233575
        ],
        "type": "Point"
      },
      "id": "node/13683965533",
      "properties": {
        "feature_type": "crossing",
        "in_core": false,
        "kind": "crossing",
        "linked_way_ids": [
          350014237,
          1493323915
        ],
        "osm_id": 13683965533,
        "osm_type": "node",
        "tags": {
          "highway": "crossing"
        },
        "zone": "context"
      },
      "type": "Feature"
    },
    {
      "geometry": {
        "coordinates": [
          79.8660276,
          6.9219742
        ],
        "type": "Point"
      },
      "id": "node/13683965534",
      "properties": {
        "feature_type": "crossing",
        "in_core": false,
        "kind": "crossing",
        "linked_way_ids": [
          173114275
        ],
        "osm_id": 13683965534,
        "osm_type": "node",
        "tags": {
          "highway": "crossing"
        },
        "zone": "context"
      },
      "type": "Feature"
    },
    {
      "geometry": {
        "coordinates": [
          79.8657652,
          6.9219323
        ],
        "type": "Point"
      },
      "id": "node/13683965535",
      "properties": {
        "feature_type": "crossing",
        "in_core": true,
        "kind": "crossing",
        "linked_way_ids": [
          173114275
        ],
        "osm_id": 13683965535,
        "osm_type": "node",
        "tags": {
          "highway": "crossing"
        },
        "zone": "core"
      },
      "type": "Feature"
    },
    {
      "geometry": {
        "coordinates": [
          79.8667411,
          6.9225454
        ],
        "type": "Point"
      },
      "id": "node/13683965536",
      "properties": {
        "feature_type": "crossing",
        "in_core": false,
        "kind": "crossing",
        "linked_way_ids": [
          374943165
        ],
        "osm_id": 13683965536,
        "osm_type": "node",
        "tags": {
          "highway": "crossing"
        },
        "zone": "context"
      },
      "type": "Feature"
    },
    {
      "geometry": {
        "coordinates": [
          79.872671,
          6.9170998
        ],
        "type": "Point"
      },
      "id": "node/13684023305",
      "properties": {
        "feature_type": "crossing",
        "in_core": false,
        "kind": "crossing",
        "linked_way_ids": [
          13858379
        ],
        "osm_id": 13684023305,
        "osm_type": "node",
        "tags": {
          "highway": "crossing"
        },
        "zone": "relation_completion"
      },
      "type": "Feature"
    },
    {
      "geometry": {
        "coordinates": [
          79.8702507,
          6.9131368
        ],
        "type": "Point"
      },
      "id": "node/13684023312",
      "properties": {
        "feature_type": "crossing",
        "in_core": false,
        "kind": "crossing",
        "linked_way_ids": [
          356689199
        ],
        "osm_id": 13684023312,
        "osm_type": "node",
        "tags": {
          "highway": "crossing"
        },
        "zone": "relation_completion"
      },
      "type": "Feature"
    },
    {
      "geometry": {
        "coordinates": [
          79.8696796,
          6.9144618
        ],
        "type": "Point"
      },
      "id": "node/13684023315",
      "properties": {
        "feature_type": "crossing",
        "in_core": false,
        "kind": "crossing",
        "linked_way_ids": [
          356689199
        ],
        "osm_id": 13684023315,
        "osm_type": "node",
        "tags": {
          "highway": "crossing"
        },
        "zone": "relation_completion"
      },
      "type": "Feature"
    },
    {
      "geometry": {
        "coordinates": [
          79.8695098,
          6.9148695
        ],
        "type": "Point"
      },
      "id": "node/13684023316",
      "properties": {
        "feature_type": "crossing",
        "in_core": false,
        "kind": "crossing",
        "linked_way_ids": [
          391271250
        ],
        "osm_id": 13684023316,
        "osm_type": "node",
        "tags": {
          "highway": "crossing"
        },
        "zone": "relation_completion"
      },
      "type": "Feature"
    },
    {
      "geometry": {
        "coordinates": [
          79.8695249,
          6.9146751
        ],
        "type": "Point"
      },
      "id": "node/13684023317",
      "properties": {
        "feature_type": "crossing",
        "in_core": false,
        "kind": "crossing",
        "linked_way_ids": [
          467592551
        ],
        "osm_id": 13684023317,
        "osm_type": "node",
        "tags": {
          "highway": "crossing"
        },
        "zone": "relation_completion"
      },
      "type": "Feature"
    },
    {
      "geometry": {
        "coordinates": [
          79.8688681,
          6.9147777
        ],
        "type": "Point"
      },
      "id": "node/13684023318",
      "properties": {
        "feature_type": "crossing",
        "in_core": false,
        "kind": "crossing",
        "linked_way_ids": [
          467592551
        ],
        "osm_id": 13684023318,
        "osm_type": "node",
        "tags": {
          "highway": "crossing"
        },
        "zone": "relation_completion"
      },
      "type": "Feature"
    },
    {
      "geometry": {
        "coordinates": [
          79.8720076,
          6.9191239
        ],
        "type": "Point"
      },
      "id": "node/13684023325",
      "properties": {
        "feature_type": "crossing",
        "in_core": false,
        "kind": "crossing",
        "linked_way_ids": [
          54057561
        ],
        "osm_id": 13684023325,
        "osm_type": "node",
        "tags": {
          "highway": "crossing"
        },
        "zone": "relation_completion"
      },
      "type": "Feature"
    },
    {
      "geometry": {
        "coordinates": [
          79.8712277,
          6.9214277
        ],
        "type": "Point"
      },
      "id": "node/13684023328",
      "properties": {
        "feature_type": "crossing",
        "in_core": false,
        "kind": "crossing",
        "linked_way_ids": [
          346468667,
          1493332243
        ],
        "osm_id": 13684023328,
        "osm_type": "node",
        "tags": {
          "highway": "crossing"
        },
        "zone": "relation_completion"
      },
      "type": "Feature"
    },
    {
      "geometry": {
        "coordinates": [
          79.8749634,
          6.9214231
        ],
        "type": "Point"
      },
      "id": "node/13684023329",
      "properties": {
        "feature_type": "crossing",
        "in_core": false,
        "kind": "crossing",
        "linked_way_ids": [
          385836966
        ],
        "osm_id": 13684023329,
        "osm_type": "node",
        "tags": {
          "highway": "crossing"
        },
        "zone": "relation_completion"
      },
      "type": "Feature"
    },
    {
      "geometry": {
        "coordinates": [
          79.873169,
          6.9214484
        ],
        "type": "Point"
      },
      "id": "node/13684023330",
      "properties": {
        "feature_type": "crossing",
        "in_core": false,
        "kind": "crossing",
        "linked_way_ids": [
          385836966
        ],
        "osm_id": 13684023330,
        "osm_type": "node",
        "tags": {
          "highway": "crossing"
        },
        "zone": "relation_completion"
      },
      "type": "Feature"
    },
    {
      "geometry": {
        "coordinates": [
          79.8713787,
          6.9211729
        ],
        "type": "Point"
      },
      "id": "node/13684023332",
      "properties": {
        "feature_type": "crossing",
        "in_core": false,
        "kind": "crossing",
        "linked_way_ids": [
          24791500,
          1493332245
        ],
        "osm_id": 13684023332,
        "osm_type": "node",
        "tags": {
          "highway": "crossing"
        },
        "zone": "relation_completion"
      },
      "type": "Feature"
    },
    {
      "geometry": {
        "coordinates": [
          79.871304,
          6.9211081
        ],
        "type": "Point"
      },
      "id": "node/13684023333",
      "properties": {
        "feature_type": "crossing",
        "in_core": false,
        "kind": "crossing",
        "linked_way_ids": [
          350014237,
          1493332245
        ],
        "osm_id": 13684023333,
        "osm_type": "node",
        "tags": {
          "highway": "crossing"
        },
        "zone": "relation_completion"
      },
      "type": "Feature"
    },
    {
      "geometry": {
        "coordinates": [
          79.8684215,
          6.921057
        ],
        "type": "Point"
      },
      "id": "node/13684231356",
      "properties": {
        "feature_type": "barrier",
        "in_core": false,
        "kind": "gate",
        "linked_way_ids": [
          1493366445
        ],
        "osm_id": 13684231356,
        "osm_type": "node",
        "tags": {
          "access": "permissive",
          "barrier": "gate"
        },
        "zone": "context"
      },
      "type": "Feature"
    },
    {
      "geometry": {
        "coordinates": [
          79.8659478,
          6.919707
        ],
        "type": "Point"
      },
      "id": "node/13684231362",
      "properties": {
        "feature_type": "barrier",
        "in_core": false,
        "kind": "gate",
        "linked_way_ids": [
          1493366447
        ],
        "osm_id": 13684231362,
        "osm_type": "node",
        "tags": {
          "barrier": "gate"
        },
        "zone": "context"
      },
      "type": "Feature"
    },
    {
      "geometry": {
        "coordinates": [
          79.8650204,
          6.9192097
        ],
        "type": "Point"
      },
      "id": "node/13684231365",
      "properties": {
        "feature_type": "barrier",
        "in_core": false,
        "kind": "gate",
        "linked_way_ids": [
          1170447697
        ],
        "osm_id": 13684231365,
        "osm_type": "node",
        "tags": {
          "access": "permissive",
          "barrier": "gate"
        },
        "zone": "context"
      },
      "type": "Feature"
    },
    {
      "geometry": {
        "coordinates": [
          79.8718688,
          6.9333616
        ],
        "type": "Point"
      },
      "id": "node/13684477254",
      "properties": {
        "feature_type": "crossing",
        "in_core": false,
        "kind": "crossing",
        "linked_way_ids": [
          48803639
        ],
        "osm_id": 13684477254,
        "osm_type": "node",
        "tags": {
          "highway": "crossing"
        },
        "zone": "relation_completion"
      },
      "type": "Feature"
    },
    {
      "geometry": {
        "coordinates": [
          79.869023,
          6.9321675
        ],
        "type": "Point"
      },
      "id": "node/13684477255",
      "properties": {
        "feature_type": "crossing",
        "in_core": false,
        "kind": "crossing",
        "linked_way_ids": [
          200566458
        ],
        "osm_id": 13684477255,
        "osm_type": "node",
        "tags": {
          "highway": "crossing"
        },
        "zone": "context"
      },
      "type": "Feature"
    },
    {
      "geometry": {
        "coordinates": [
          79.8687963,
          6.9334056
        ],
        "type": "Point"
      },
      "id": "node/13684477256",
      "properties": {
        "feature_type": "crossing",
        "in_core": false,
        "kind": "crossing",
        "linked_way_ids": [
          200566458
        ],
        "osm_id": 13684477256,
        "osm_type": "node",
        "tags": {
          "highway": "crossing"
        },
        "zone": "context"
      },
      "type": "Feature"
    },
    {
      "geometry": {
        "coordinates": [
          79.8699476,
          6.9313501
        ],
        "type": "Point"
      },
      "id": "node/13684602351",
      "properties": {
        "feature_type": "crossing",
        "in_core": false,
        "kind": "crossing",
        "linked_way_ids": [
          981152289,
          1493405322
        ],
        "osm_id": 13684602351,
        "osm_type": "node",
        "tags": {
          "highway": "crossing"
        },
        "zone": "context"
      },
      "type": "Feature"
    },
    {
      "geometry": {
        "coordinates": [
          79.8699123,
          6.9314182
        ],
        "type": "Point"
      },
      "id": "node/13684602352",
      "properties": {
        "feature_type": "crossing",
        "in_core": false,
        "kind": "crossing",
        "linked_way_ids": [
          313262044,
          1493405322
        ],
        "osm_id": 13684602352,
        "osm_type": "node",
        "tags": {
          "highway": "crossing"
        },
        "zone": "context"
      },
      "type": "Feature"
    },
    {
      "geometry": {
        "coordinates": [
          79.8647665,
          6.9283885
        ],
        "type": "Point"
      },
      "id": "node/13685180778",
      "properties": {
        "feature_type": "entrance",
        "in_core": true,
        "kind": "yes",
        "linked_way_ids": [
          1493480947
        ],
        "osm_id": 13685180778,
        "osm_type": "node",
        "tags": {
          "entrance": "yes"
        },
        "zone": "core"
      },
      "type": "Feature"
    },
    {
      "geometry": {
        "coordinates": [
          79.8502015,
          6.9154751
        ],
        "type": "Point"
      },
      "id": "node/13685722122",
      "properties": {
        "feature_type": "barrier",
        "in_core": false,
        "kind": "gate",
        "linked_way_ids": [
          1493532429
        ],
        "osm_id": 13685722122,
        "osm_type": "node",
        "tags": {
          "barrier": "gate"
        },
        "zone": "relation_completion"
      },
      "type": "Feature"
    },
    {
      "geometry": {
        "coordinates": [
          79.8487228,
          6.9146231
        ],
        "type": "Point"
      },
      "id": "node/13685722145",
      "properties": {
        "feature_type": "barrier",
        "in_core": false,
        "kind": "gate",
        "linked_way_ids": [
          1056144598
        ],
        "osm_id": 13685722145,
        "osm_type": "node",
        "tags": {
          "barrier": "gate"
        },
        "zone": "relation_completion"
      },
      "type": "Feature"
    },
    {
      "geometry": {
        "coordinates": [
          79.8487732,
          6.91464
        ],
        "type": "Point"
      },
      "id": "node/13685722146",
      "properties": {
        "feature_type": "barrier",
        "in_core": false,
        "kind": "gate",
        "linked_way_ids": [
          1056144598
        ],
        "osm_id": 13685722146,
        "osm_type": "node",
        "tags": {
          "barrier": "gate"
        },
        "zone": "relation_completion"
      },
      "type": "Feature"
    },
    {
      "geometry": {
        "coordinates": [
          79.8692442,
          6.9209924
        ],
        "type": "Point"
      },
      "id": "node/13690133524",
      "properties": {
        "feature_type": "barrier",
        "in_core": false,
        "kind": "gate",
        "linked_way_ids": [
          1092837640
        ],
        "osm_id": 13690133524,
        "osm_type": "node",
        "tags": {
          "access": "permissive",
          "barrier": "gate"
        },
        "zone": "context"
      },
      "type": "Feature"
    },
    {
      "geometry": {
        "coordinates": [
          79.8690739,
          6.9212467
        ],
        "type": "Point"
      },
      "id": "node/13690133525",
      "properties": {
        "feature_type": "barrier",
        "in_core": false,
        "kind": "gate",
        "linked_way_ids": [
          1493366444
        ],
        "osm_id": 13690133525,
        "osm_type": "node",
        "tags": {
          "barrier": "gate"
        },
        "zone": "context"
      },
      "type": "Feature"
    },
    {
      "geometry": {
        "coordinates": [
          79.8691048,
          6.9159945
        ],
        "type": "Point"
      },
      "id": "node/13690186785",
      "properties": {
        "feature_type": "barrier",
        "in_core": false,
        "kind": "gate",
        "linked_way_ids": [
          53788206
        ],
        "osm_id": 13690186785,
        "osm_type": "node",
        "tags": {
          "barrier": "gate"
        },
        "zone": "relation_completion"
      },
      "type": "Feature"
    },
    {
      "geometry": {
        "coordinates": [
          79.8670368,
          6.924143
        ],
        "type": "Point"
      },
      "id": "node/13691672310",
      "properties": {
        "feature_type": "barrier",
        "in_core": false,
        "kind": "gate",
        "linked_way_ids": [
          1493040246
        ],
        "osm_id": 13691672310,
        "osm_type": "node",
        "tags": {
          "barrier": "gate"
        },
        "zone": "context"
      },
      "type": "Feature"
    },
    {
      "geometry": {
        "coordinates": [
          79.8698491,
          6.9255242
        ],
        "type": "Point"
      },
      "id": "node/13691672312",
      "properties": {
        "feature_type": "crossing",
        "in_core": false,
        "kind": "crossing",
        "linked_way_ids": [
          48730911
        ],
        "osm_id": 13691672312,
        "osm_type": "node",
        "tags": {
          "highway": "crossing"
        },
        "zone": "context"
      },
      "type": "Feature"
    },
    {
      "geometry": {
        "coordinates": [
          79.8696794,
          6.9383094
        ],
        "type": "Point"
      },
      "id": "node/13691923512",
      "properties": {
        "feature_type": "barrier",
        "in_core": false,
        "kind": "gate",
        "linked_way_ids": [
          1494367221
        ],
        "osm_id": 13691923512,
        "osm_type": "node",
        "tags": {
          "barrier": "gate"
        },
        "zone": "relation_completion"
      },
      "type": "Feature"
    },
    {
      "geometry": {
        "coordinates": [
          79.8636297,
          6.9170844
        ],
        "type": "Point"
      },
      "id": "node/13692124456",
      "properties": {
        "feature_type": "barrier",
        "in_core": false,
        "kind": "gate",
        "linked_way_ids": [
          1494402809
        ],
        "osm_id": 13692124456,
        "osm_type": "node",
        "tags": {
          "access": "permissive",
          "barrier": "gate"
        },
        "zone": "context"
      },
      "type": "Feature"
    },
    {
      "geometry": {
        "coordinates": [
          79.8636438,
          6.9174283
        ],
        "type": "Point"
      },
      "id": "node/13692124457",
      "properties": {
        "feature_type": "barrier",
        "in_core": false,
        "kind": "gate",
        "linked_way_ids": [
          1494402808
        ],
        "osm_id": 13692124457,
        "osm_type": "node",
        "tags": {
          "access": "permissive",
          "barrier": "gate"
        },
        "zone": "context"
      },
      "type": "Feature"
    },
    {
      "geometry": {
        "coordinates": [
          79.8632774,
          6.9165835
        ],
        "type": "Point"
      },
      "id": "node/13692201504",
      "properties": {
        "feature_type": "barrier",
        "in_core": false,
        "kind": "gate",
        "linked_way_ids": [
          635870963
        ],
        "osm_id": 13692201504,
        "osm_type": "node",
        "tags": {
          "barrier": "gate"
        },
        "zone": "context"
      },
      "type": "Feature"
    },
    {
      "geometry": {
        "coordinates": [
          79.8452531,
          6.9343751
        ],
        "type": "Point"
      },
      "id": "node/13694415416",
      "properties": {
        "feature_type": "barrier",
        "in_core": false,
        "kind": "gate",
        "linked_way_ids": [
          1180582823
        ],
        "osm_id": 13694415416,
        "osm_type": "node",
        "tags": {
          "access": "permissive",
          "barrier": "gate"
        },
        "zone": "relation_completion"
      },
      "type": "Feature"
    },
    {
      "geometry": {
        "coordinates": [
          79.8450588,
          6.9344193
        ],
        "type": "Point"
      },
      "id": "node/13694415417",
      "properties": {
        "feature_type": "barrier",
        "in_core": false,
        "kind": "gate",
        "linked_way_ids": [
          1494497621
        ],
        "osm_id": 13694415417,
        "osm_type": "node",
        "tags": {
          "barrier": "gate"
        },
        "zone": "relation_completion"
      },
      "type": "Feature"
    },
    {
      "geometry": {
        "coordinates": [
          79.8457195,
          6.9327451
        ],
        "type": "Point"
      },
      "id": "node/13694453233",
      "properties": {
        "feature_type": "crossing",
        "in_core": false,
        "kind": "crossing",
        "linked_way_ids": [
          1122674380
        ],
        "osm_id": 13694453233,
        "osm_type": "node",
        "tags": {
          "highway": "crossing"
        },
        "zone": "relation_completion"
      },
      "type": "Feature"
    },
    {
      "geometry": {
        "coordinates": [
          79.8453806,
          6.928109
        ],
        "type": "Point"
      },
      "id": "node/13694453234",
      "properties": {
        "feature_type": "crossing",
        "in_core": false,
        "kind": "crossing",
        "linked_way_ids": [
          839411967
        ],
        "osm_id": 13694453234,
        "osm_type": "node",
        "tags": {
          "highway": "crossing"
        },
        "zone": "context"
      },
      "type": "Feature"
    },
    {
      "geometry": {
        "coordinates": [
          79.8503072,
          6.9381931
        ],
        "type": "Point"
      },
      "id": "node/13696201585",
      "properties": {
        "feature_type": "crossing",
        "in_core": false,
        "kind": "marked",
        "linked_way_ids": [
          1457570745
        ],
        "osm_id": 13696201585,
        "osm_type": "node",
        "tags": {
          "crossing": "marked",
          "highway": "crossing"
        },
        "zone": "relation_completion"
      },
      "type": "Feature"
    },
    {
      "geometry": {
        "coordinates": [
          79.855824,
          6.9369644
        ],
        "type": "Point"
      },
      "id": "node/13696201586",
      "properties": {
        "feature_type": "crossing",
        "in_core": false,
        "kind": "marked",
        "linked_way_ids": [
          462376384
        ],
        "osm_id": 13696201586,
        "osm_type": "node",
        "tags": {
          "crossing": "marked",
          "highway": "crossing"
        },
        "zone": "context"
      },
      "type": "Feature"
    },
    {
      "geometry": {
        "coordinates": [
          79.8573309,
          6.9358441
        ],
        "type": "Point"
      },
      "id": "node/13696201587",
      "properties": {
        "feature_type": "crossing",
        "in_core": true,
        "kind": "marked",
        "linked_way_ids": [
          109355507
        ],
        "osm_id": 13696201587,
        "osm_type": "node",
        "tags": {
          "crossing": "marked",
          "highway": "crossing"
        },
        "zone": "core"
      },
      "type": "Feature"
    },
    {
      "geometry": {
        "coordinates": [
          79.8572119,
          6.922343
        ],
        "type": "Point"
      },
      "id": "node/13697058067",
      "properties": {
        "feature_type": "crossing",
        "in_core": true,
        "kind": "crossing",
        "linked_way_ids": [
          1163779843
        ],
        "osm_id": 13697058067,
        "osm_type": "node",
        "tags": {
          "highway": "crossing"
        },
        "zone": "core"
      },
      "type": "Feature"
    },
    {
      "geometry": {
        "coordinates": [
          79.8571468,
          6.9222086
        ],
        "type": "Point"
      },
      "id": "node/13697058068",
      "properties": {
        "feature_type": "crossing",
        "in_core": true,
        "kind": "crossing",
        "linked_way_ids": [
          1163779843
        ],
        "osm_id": 13697058068,
        "osm_type": "node",
        "tags": {
          "highway": "crossing"
        },
        "zone": "core"
      },
      "type": "Feature"
    },
    {
      "geometry": {
        "coordinates": [
          79.8570127,
          6.9221839
        ],
        "type": "Point"
      },
      "id": "node/13697058069",
      "properties": {
        "feature_type": "crossing",
        "in_core": true,
        "kind": "crossing",
        "linked_way_ids": [
          1163779843
        ],
        "osm_id": 13697058069,
        "osm_type": "node",
        "tags": {
          "highway": "crossing"
        },
        "zone": "core"
      },
      "type": "Feature"
    },
    {
      "geometry": {
        "coordinates": [
          79.8561168,
          6.9231332
        ],
        "type": "Point"
      },
      "id": "node/13697058073",
      "properties": {
        "feature_type": "crossing",
        "in_core": true,
        "kind": "crossing",
        "linked_way_ids": [
          1494849376
        ],
        "osm_id": 13697058073,
        "osm_type": "node",
        "tags": {
          "highway": "crossing"
        },
        "zone": "core"
      },
      "type": "Feature"
    },
    {
      "geometry": {
        "coordinates": [
          79.8471804,
          6.9187129
        ],
        "type": "Point"
      },
      "id": "node/13700117825",
      "properties": {
        "feature_type": "crossing",
        "in_core": false,
        "kind": "crossing",
        "linked_way_ids": [
          455043149
        ],
        "osm_id": 13700117825,
        "osm_type": "node",
        "tags": {
          "highway": "crossing"
        },
        "zone": "relation_completion"
      },
      "type": "Feature"
    },
    {
      "geometry": {
        "coordinates": [
          79.8485067,
          6.9230792
        ],
        "type": "Point"
      },
      "id": "node/13700117826",
      "properties": {
        "feature_type": "crossing",
        "in_core": false,
        "kind": "crossing",
        "linked_way_ids": [
          1348846194
        ],
        "osm_id": 13700117826,
        "osm_type": "node",
        "tags": {
          "highway": "crossing"
        },
        "zone": "context"
      },
      "type": "Feature"
    },
    {
      "geometry": {
        "coordinates": [
          79.8610625,
          6.929434
        ],
        "type": "Point"
      },
      "id": "node/13700184456",
      "properties": {
        "feature_type": "crossing",
        "in_core": true,
        "kind": "crossing",
        "linked_way_ids": [
          376563405
        ],
        "osm_id": 13700184456,
        "osm_type": "node",
        "tags": {
          "highway": "crossing"
        },
        "zone": "core"
      },
      "type": "Feature"
    },
    {
      "geometry": {
        "coordinates": [
          79.8606934,
          6.9298338
        ],
        "type": "Point"
      },
      "id": "node/13700184457",
      "properties": {
        "feature_type": "crossing",
        "in_core": true,
        "kind": "crossing",
        "linked_way_ids": [
          376563405
        ],
        "osm_id": 13700184457,
        "osm_type": "node",
        "tags": {
          "highway": "crossing"
        },
        "zone": "core"
      },
      "type": "Feature"
    },
    {
      "geometry": {
        "coordinates": [
          79.8500624,
          6.92653
        ],
        "type": "Point"
      },
      "id": "node/13700184466",
      "properties": {
        "feature_type": "barrier",
        "in_core": true,
        "kind": "gate",
        "linked_way_ids": [
          1495325122
        ],
        "osm_id": 13700184466,
        "osm_type": "node",
        "tags": {
          "barrier": "gate"
        },
        "zone": "core"
      },
      "type": "Feature"
    },
    {
      "geometry": {
        "coordinates": [
          79.8530678,
          6.9139136
        ],
        "type": "Point"
      },
      "id": "node/13700217596",
      "properties": {
        "feature_type": "crossing",
        "in_core": false,
        "kind": "crossing",
        "linked_way_ids": [
          46940715
        ],
        "osm_id": 13700217596,
        "osm_type": "node",
        "tags": {
          "highway": "crossing"
        },
        "zone": "relation_completion"
      },
      "type": "Feature"
    },
    {
      "geometry": {
        "coordinates": [
          79.86483,
          6.9229874
        ],
        "type": "Point"
      },
      "id": "node/13700217597",
      "properties": {
        "feature_type": "crossing",
        "in_core": true,
        "kind": "crossing",
        "linked_way_ids": [
          311102111
        ],
        "osm_id": 13700217597,
        "osm_type": "node",
        "tags": {
          "highway": "crossing"
        },
        "zone": "core"
      },
      "type": "Feature"
    },
    {
      "geometry": {
        "coordinates": [
          79.8631865,
          6.92304
        ],
        "type": "Point"
      },
      "id": "node/13700217598",
      "properties": {
        "feature_type": "crossing",
        "in_core": true,
        "kind": "crossing",
        "linked_way_ids": [
          386281524
        ],
        "osm_id": 13700217598,
        "osm_type": "node",
        "tags": {
          "highway": "crossing"
        },
        "zone": "core"
      },
      "type": "Feature"
    },
    {
      "geometry": {
        "coordinates": [
          79.8577523,
          6.9204625
        ],
        "type": "Point"
      },
      "id": "node/13700217599",
      "properties": {
        "feature_type": "crossing",
        "in_core": true,
        "kind": "crossing",
        "linked_way_ids": [
          13859252
        ],
        "osm_id": 13700217599,
        "osm_type": "node",
        "tags": {
          "highway": "crossing"
        },
        "zone": "core"
      },
      "type": "Feature"
    },
    {
      "geometry": {
        "coordinates": [
          79.8472897,
          6.9189062
        ],
        "type": "Point"
      },
      "id": "node/13700247277",
      "properties": {
        "feature_type": "crossing",
        "in_core": false,
        "kind": "crossing",
        "linked_way_ids": [
          194455413
        ],
        "osm_id": 13700247277,
        "osm_type": "node",
        "tags": {
          "highway": "crossing"
        },
        "zone": "relation_completion"
      },
      "type": "Feature"
    },
    {
      "geometry": {
        "coordinates": [
          79.8554101,
          6.9215755
        ],
        "type": "Point"
      },
      "id": "node/13700281427",
      "properties": {
        "feature_type": "crossing",
        "in_core": true,
        "kind": "crossing",
        "linked_way_ids": [
          13859252
        ],
        "osm_id": 13700281427,
        "osm_type": "node",
        "tags": {
          "highway": "crossing"
        },
        "zone": "core"
      },
      "type": "Feature"
    },
    {
      "geometry": {
        "coordinates": [
          79.8533092,
          6.9202189
        ],
        "type": "Point"
      },
      "id": "node/13700281428",
      "properties": {
        "feature_type": "barrier",
        "in_core": true,
        "kind": "gate",
        "linked_way_ids": [
          1492413129
        ],
        "osm_id": 13700281428,
        "osm_type": "node",
        "tags": {
          "access": "permissive",
          "barrier": "gate"
        },
        "zone": "core"
      },
      "type": "Feature"
    },
    {
      "geometry": {
        "coordinates": [
          79.8533669,
          6.920109
        ],
        "type": "Point"
      },
      "id": "node/13700281429",
      "properties": {
        "feature_type": "barrier",
        "in_core": true,
        "kind": "gate",
        "linked_way_ids": [
          1492413128
        ],
        "osm_id": 13700281429,
        "osm_type": "node",
        "tags": {
          "access": "permissive",
          "barrier": "gate"
        },
        "zone": "core"
      },
      "type": "Feature"
    },
    {
      "geometry": {
        "coordinates": [
          79.8556796,
          6.921459
        ],
        "type": "Point"
      },
      "id": "node/13700371765",
      "properties": {
        "feature_type": "crossing",
        "in_core": true,
        "kind": "crossing",
        "linked_way_ids": [
          13859252
        ],
        "osm_id": 13700371765,
        "osm_type": "node",
        "tags": {
          "highway": "crossing"
        },
        "zone": "core"
      },
      "type": "Feature"
    },
    {
      "geometry": {
        "coordinates": [
          79.8593818,
          6.9146372
        ],
        "type": "Point"
      },
      "id": "node/13700669322",
      "properties": {
        "feature_type": "barrier",
        "in_core": false,
        "kind": "gate",
        "linked_way_ids": [
          839348525
        ],
        "osm_id": 13700669322,
        "osm_type": "node",
        "tags": {
          "access": "permissive",
          "barrier": "gate"
        },
        "zone": "context"
      },
      "type": "Feature"
    },
    {
      "geometry": {
        "coordinates": [
          79.8591752,
          6.9145247
        ],
        "type": "Point"
      },
      "id": "node/13700669323",
      "properties": {
        "feature_type": "barrier",
        "in_core": false,
        "kind": "gate",
        "linked_way_ids": [
          839348525
        ],
        "osm_id": 13700669323,
        "osm_type": "node",
        "tags": {
          "access": "permissive",
          "barrier": "gate"
        },
        "zone": "context"
      },
      "type": "Feature"
    },
    {
      "geometry": {
        "coordinates": [
          79.8583089,
          6.9140787
        ],
        "type": "Point"
      },
      "id": "node/13700669324",
      "properties": {
        "feature_type": "barrier",
        "in_core": false,
        "kind": "gate",
        "linked_way_ids": [
          1494402803
        ],
        "osm_id": 13700669324,
        "osm_type": "node",
        "tags": {
          "access": "permissive",
          "barrier": "gate"
        },
        "zone": "context"
      },
      "type": "Feature"
    },
    {
      "geometry": {
        "coordinates": [
          79.8605172,
          6.9244678
        ],
        "type": "Point"
      },
      "id": "node/13702559882",
      "properties": {
        "feature_type": "barrier",
        "in_core": true,
        "kind": "gate",
        "linked_way_ids": [
          1495725275
        ],
        "osm_id": 13702559882,
        "osm_type": "node",
        "tags": {
          "barrier": "gate"
        },
        "zone": "core"
      },
      "type": "Feature"
    },
    {
      "geometry": {
        "coordinates": [
          79.8646724,
          6.9222265
        ],
        "type": "Point"
      },
      "id": "node/13712715830",
      "properties": {
        "feature_type": "barrier",
        "in_core": true,
        "kind": "gate",
        "linked_way_ids": [
          700922518
        ],
        "osm_id": 13712715830,
        "osm_type": "node",
        "tags": {
          "access": "permissive",
          "barrier": "gate"
        },
        "zone": "core"
      },
      "type": "Feature"
    },
    {
      "geometry": {
        "coordinates": [
          79.8713326,
          6.9184538
        ],
        "type": "Point"
      },
      "id": "node/13712828148",
      "properties": {
        "feature_type": "crossing",
        "in_core": false,
        "kind": "crossing",
        "linked_way_ids": [
          13858379
        ],
        "osm_id": 13712828148,
        "osm_type": "node",
        "tags": {
          "highway": "crossing"
        },
        "zone": "relation_completion"
      },
      "type": "Feature"
    },
    {
      "geometry": {
        "coordinates": [
          79.8708194,
          6.9183963
        ],
        "type": "Point"
      },
      "id": "node/13712828149",
      "properties": {
        "feature_type": "crossing",
        "in_core": false,
        "kind": "crossing",
        "linked_way_ids": [
          366452499
        ],
        "osm_id": 13712828149,
        "osm_type": "node",
        "tags": {
          "highway": "crossing"
        },
        "zone": "relation_completion"
      },
      "type": "Feature"
    },
    {
      "geometry": {
        "coordinates": [
          79.8648629,
          6.9185274
        ],
        "type": "Point"
      },
      "id": "node/13712828151",
      "properties": {
        "feature_type": "barrier",
        "in_core": false,
        "kind": "gate",
        "linked_way_ids": [
          1497227169
        ],
        "osm_id": 13712828151,
        "osm_type": "node",
        "tags": {
          "access": "permissive",
          "barrier": "gate"
        },
        "zone": "context"
      },
      "type": "Feature"
    },
    {
      "geometry": {
        "coordinates": [
          79.8699193,
          6.9327253
        ],
        "type": "Point"
      },
      "id": "node/13727116201",
      "properties": {
        "feature_type": "poi",
        "in_core": false,
        "kind": "tourism=hotel",
        "linked_way_ids": [],
        "osm_id": 13727116201,
        "osm_type": "node",
        "tags": {
          "addr:postcode": "01000",
          "addr:street": "Parisara Mawatha",
          "internet_access": "wlan",
          "name": "Pradeepa Hall",
          "opening_hours": "24/7",
          "tourism": "hotel"
        },
        "zone": "context"
      },
      "type": "Feature"
    },
    {
      "geometry": {
        "coordinates": [
          79.8587732,
          6.9167018
        ],
        "type": "Point"
      },
      "id": "node/13735174097",
      "properties": {
        "feature_type": "poi",
        "in_core": false,
        "kind": "amenity=restaurant",
        "linked_way_ids": [],
        "osm_id": 13735174097,
        "osm_type": "node",
        "tags": {
          "air_conditioning": "yes",
          "amenity": "restaurant",
          "bar": "yes",
          "cuisine": "contemporary_sri_lankan",
          "name": "Biling Restobar"
        },
        "zone": "context"
      },
      "type": "Feature"
    },
    {
      "geometry": {
        "coordinates": [
          79.8474017,
          6.918568
        ],
        "type": "Point"
      },
      "id": "node/13747123337",
      "properties": {
        "feature_type": "barrier",
        "in_core": false,
        "kind": "gate",
        "linked_way_ids": [
          1501633478
        ],
        "osm_id": 13747123337,
        "osm_type": "node",
        "tags": {
          "access": "permissive",
          "barrier": "gate"
        },
        "zone": "relation_completion"
      },
      "type": "Feature"
    },
    {
      "geometry": {
        "coordinates": [
          79.8477504,
          6.9168905
        ],
        "type": "Point"
      },
      "id": "node/13747143617",
      "properties": {
        "feature_type": "barrier",
        "in_core": false,
        "kind": "gate",
        "linked_way_ids": [
          1494898189
        ],
        "osm_id": 13747143617,
        "osm_type": "node",
        "tags": {
          "access": "permissive",
          "barrier": "gate"
        },
        "zone": "relation_completion"
      },
      "type": "Feature"
    },
    {
      "geometry": {
        "coordinates": [
          79.8568752,
          6.9207534
        ],
        "type": "Point"
      },
      "id": "node/13747277542",
      "properties": {
        "feature_type": "barrier",
        "in_core": true,
        "kind": "lift_gate",
        "linked_way_ids": [
          1501636908
        ],
        "osm_id": 13747277542,
        "osm_type": "node",
        "tags": {
          "barrier": "lift_gate"
        },
        "zone": "core"
      },
      "type": "Feature"
    },
    {
      "geometry": {
        "coordinates": [
          79.85678,
          6.9207567
        ],
        "type": "Point"
      },
      "id": "node/13747277559",
      "properties": {
        "feature_type": "barrier",
        "in_core": true,
        "kind": "gate",
        "linked_way_ids": [
          1163779851
        ],
        "osm_id": 13747277559,
        "osm_type": "node",
        "tags": {
          "access": "permissive",
          "barrier": "gate"
        },
        "zone": "core"
      },
      "type": "Feature"
    },
    {
      "geometry": {
        "coordinates": [
          79.8647469,
          6.9196684
        ],
        "type": "Point"
      },
      "id": "node/13747277560",
      "properties": {
        "feature_type": "barrier",
        "in_core": false,
        "kind": "gate",
        "linked_way_ids": [
          1170447697
        ],
        "osm_id": 13747277560,
        "osm_type": "node",
        "tags": {
          "access": "permissive",
          "barrier": "gate"
        },
        "zone": "context"
      },
      "type": "Feature"
    },
    {
      "geometry": {
        "coordinates": [
          79.8698883,
          6.916105
        ],
        "type": "Point"
      },
      "id": "node/13788736001",
      "properties": {
        "feature_type": "poi",
        "in_core": false,
        "kind": "amenity=cafe",
        "linked_way_ids": [],
        "osm_id": 13788736001,
        "osm_type": "node",
        "tags": {
          "addr:street": "Ward Place",
          "amenity": "cafe",
          "name": "Divide Specialty Coffee & Matcha",
          "outdoor_seating": "yes"
        },
        "zone": "relation_completion"
      },
      "type": "Feature"
    },
    {
      "geometry": {
        "coordinates": [
          [
            79.8562201,
            6.9210185
          ],
          [
            79.8560787,
            6.9207209
          ],
          [
            79.8559807,
            6.9207667
          ],
          [
            79.8558927,
            6.9205817
          ],
          [
            79.8562302,
            6.9204236
          ],
          [
            79.8564745,
            6.9203092
          ],
          [
            79.8567039,
            6.920792
          ],
          [
            79.8562201,
            6.9210185
          ]
        ],
        "type": "LineString"
      },
      "id": "way/105734020",
      "properties": {
        "feature_type": "poi",
        "in_core": true,
        "kind": "tourism=hotel",
        "linked_way_ids": [],
        "osm_id": 105734020,
        "osm_type": "way",
        "tags": {
          "addr:city": "Colombo",
          "addr:housenumber": "200",
          "addr:postcode": "00200",
          "addr:street": "Union Place",
          "brand": "Hilton",
          "brand:wikidata": "Q598884",
          "building": "yes",
          "building:levels": "3",
          "contact:facebook": "https://www.facebook.com/hiltoncr",
          "contact:instagram": "https://www.instagram.com/hilton_cr",
          "contact:pinterest": "https://www.pinterest.com/hcrlk",
          "contact:twitter": "https://twitter.com/hilton_col_resi",
          "email": "ColomboResidence_Info@hilton.com",
          "fax": "+94 11 5344648",
          "height": "15",
          "image": "https://photos.app.goo.gl/CHgUodtGzj3KxoHbA",
          "internet_access": "yes",
          "name": "Hilton Colombo Residences",
          "operator": "Hilton Inc.",
          "phone": "+94 11 5344644",
          "rooms": "177",
          "smoking": "yes",
          "stars": "5",
          "start_date": "1997",
          "tourism": "hotel",
          "website": "https://www.hilton.com/en/hotels/coljttw-hilton-colombo-residences/",
          "wheelchair": "yes",
          "wikidata": "Q30174421",
          "wikipedia": "en:Hilton Colombo Residences"
        },
        "zone": "core"
      },
      "type": "Feature"
    },
    {
      "geometry": {
        "coordinates": [
          [
            79.8470601,
            6.9322653
          ],
          [
            79.8470395,
            6.9321133
          ],
          [
            79.8470484,
            6.9320057
          ],
          [
            79.8471135,
            6.9317439
          ],
          [
            79.8472068,
            6.931243
          ],
          [
            79.8477385,
            6.931457
          ],
          [
            79.847812,
            6.9314967
          ],
          [
            79.8478505,
            6.9315377
          ],
          [
            79.8478793,
            6.9315691
          ],
          [
            79.8479047,
            6.9316176
          ],
          [
            79.8479184,
            6.931682
          ],
          [
            79.8479147,
            6.9318246
          ],
          [
            79.8479006,
            6.9319655
          ],
          [
            79.8478457,
            6.9324567
          ],
          [
            79.8471857,
            6.932364
          ],
          [
            79.8471317,
            6.9323523
          ],
          [
            79.8470901,
            6.9323302
          ],
          [
            79.8470689,
            6.9323003
          ],
          [
            79.8470601,
            6.9322653
          ]
        ],
        "type": "LineString"
      },
      "id": "way/180373001",
      "properties": {
        "feature_type": "poi",
        "in_core": false,
        "kind": "amenity=parking",
        "linked_way_ids": [],
        "osm_id": 180373001,
        "osm_type": "way",
        "tags": {
          "amenity": "parking",
          "parking": "surface"
        },
        "zone": "context"
      },
      "type": "Feature"
    },
    {
      "geometry": {
        "coordinates": [
          [
            79.8444297,
            6.9317485
          ],
          [
            79.8444234,
            6.9325831
          ],
          [
            79.8447451,
            6.9325855
          ],
          [
            79.8450757,
            6.932588
          ],
          [
            79.8450767,
            6.9324444
          ],
          [
            79.8454279,
            6.932447
          ],
          [
            79.8454297,
            6.9322068
          ],
          [
            79.8453267,
            6.9322061
          ],
          [
            79.8453277,
            6.9320735
          ],
          [
            79.845199,
            6.9320725
          ],
          [
            79.8452002,
            6.9319014
          ],
          [
            79.8451028,
            6.9319007
          ],
          [
            79.8451035,
            6.9318079
          ],
          [
            79.8450667,
            6.9318077
          ],
          [
            79.8450671,
            6.9317532
          ],
          [
            79.8444297,
            6.9317485
          ]
        ],
        "type": "LineString"
      },
      "id": "way/196803230",
      "properties": {
        "feature_type": "poi",
        "in_core": false,
        "kind": "tourism=hotel",
        "linked_way_ids": [],
        "osm_id": 196803230,
        "osm_type": "way",
        "tags": {
          "addr:city": "Colombo",
          "addr:housenumber": "2",
          "addr:postcode": "00200",
          "addr:street": "Sir Chittampalam A Gardiner Mawatha",
          "air_conditioning": "yes",
          "brand": "Hilton",
          "brand:wikidata": "Q598884",
          "building": "yes",
          "contact:facebook": "https://www.facebook.com/HiltonColombo",
          "contact:instagram": "https://instagram.com/hiltoncolombo",
          "contact:twitter": "https://twitter.com/ColomboHilton",
          "email": "colombo.reservations@hilton.com",
          "fax": "+94-11-254-4657",
          "internet_access": "wlan",
          "internet_access:fee": "yes",
          "name": "Hilton Colombo",
          "operator": "Hilton",
          "pets": "no",
          "phone": "+94-11-2 492 492",
          "rooms": "332",
          "smoking": "yes",
          "stars": "5",
          "swimming_pool": "outdoor",
          "tourism": "hotel",
          "website": "https://www.hilton.com/en/hotels/colhitw-hilton-colombo/?WT.mc_id=zELWAKN0APAC1HI2DMH3LocalSearch4DGGenericx6COLHITW",
          "wheelchair": "yes",
          "wikidata": "Q64859000"
        },
        "zone": "relation_completion"
      },
      "type": "Feature"
    },
    {
      "geometry": {
        "coordinates": [
          [
            79.8543851,
            6.9341711
          ],
          [
            79.8542228,
            6.933729
          ],
          [
            79.8563252,
            6.9330502
          ],
          [
            79.8564116,
            6.9333051
          ],
          [
            79.8557493,
            6.9339446
          ],
          [
            79.8557004,
            6.9339447
          ],
          [
            79.8556535,
            6.9338143
          ],
          [
            79.8556043,
            6.9337867
          ],
          [
            79.8543851,
            6.9341711
          ]
        ],
        "type": "LineString"
      },
      "id": "way/200567908",
      "properties": {
        "feature_type": "poi",
        "in_core": true,
        "kind": "public_transport=station",
        "linked_way_ids": [],
        "osm_id": 200567908,
        "osm_type": "way",
        "tags": {
          "amenity": "bus_station",
          "bus": "yes",
          "landuse": "industrial",
          "name": "Pettah Private Bus Station",
          "name:ru": "Остановка экспрессов",
          "opening_hours": "24/7",
          "public_transport": "station"
        },
        "zone": "core"
      },
      "type": "Feature"
    },
    {
      "geometry": {
        "coordinates": [
          [
            79.8544518,
            6.9339031
          ],
          [
            79.8544425,
            6.9338686
          ],
          [
            79.8560502,
            6.9333532
          ],
          [
            79.856062,
            6.9333893
          ],
          [
            79.8544518,
            6.9339031
          ]
        ],
        "type": "LineString"
      },
      "id": "way/200567919",
      "properties": {
        "feature_type": "poi",
        "in_core": true,
        "kind": "public_transport=platform",
        "linked_way_ids": [],
        "osm_id": 200567919,
        "osm_type": "way",
        "tags": {
          "building": "yes",
          "public_transport": "platform",
          "ref": "3"
        },
        "zone": "core"
      },
      "type": "Feature"
    },
    {
      "geometry": {
        "coordinates": [
          [
            79.8577153,
            6.9279985
          ],
          [
            79.8577075,
            6.9280025
          ],
          [
            79.857813,
            6.9282055
          ],
          [
            79.8578207,
            6.9282016
          ],
          [
            79.8578318,
            6.9282109
          ],
          [
            79.8578475,
            6.9282176
          ],
          [
            79.857868,
            6.9282212
          ],
          [
            79.8578929,
            6.9282188
          ],
          [
            79.8579121,
            6.9282113
          ],
          [
            79.8579285,
            6.9281998
          ],
          [
            79.8579417,
            6.9281846
          ],
          [
            79.8579496,
            6.92817
          ],
          [
            79.8579554,
            6.9281478
          ],
          [
            79.8579543,
            6.9281331
          ],
          [
            79.8579481,
            6.9281211
          ],
          [
            79.8580615,
            6.928063
          ],
          [
            79.8580678,
            6.9280752
          ],
          [
            79.858168,
            6.9280238
          ],
          [
            79.8579848,
            6.9276714
          ],
          [
            79.8578838,
            6.9277231
          ],
          [
            79.8578946,
            6.9277437
          ],
          [
            79.8576812,
            6.9278531
          ],
          [
            79.8576947,
            6.927879
          ],
          [
            79.857673,
            6.9278901
          ],
          [
            79.8577067,
            6.927955
          ],
          [
            79.8576956,
            6.9279607
          ],
          [
            79.8577153,
            6.9279985
          ]
        ],
        "type": "LineString"
      },
      "id": "way/224060484",
      "properties": {
        "feature_type": "poi",
        "in_core": true,
        "kind": "amenity=post_office",
        "linked_way_ids": [],
        "osm_id": 224060484,
        "osm_type": "way",
        "tags": {
          "amenity": "post_office",
          "building": "public",
          "building:colour": "#b04040",
          "building:levels": "12",
          "image": "https://photos.app.goo.gl/BMagyLqQfSZxeAeZ6",
          "name": "Postal Headquarters"
        },
        "zone": "core"
      },
      "type": "Feature"
    },
    {
      "geometry": {
        "coordinates": [
          [
            79.8490163,
            6.9176774
          ],
          [
            79.8493504,
            6.91777
          ],
          [
            79.8494159,
            6.9175968
          ],
          [
            79.8495394,
            6.9176474
          ],
          [
            79.8495774,
            6.9175904
          ],
          [
            79.8497246,
            6.9175964
          ],
          [
            79.8497894,
            6.9174523
          ],
          [
            79.8496839,
            6.9174239
          ],
          [
            79.8496919,
            6.9173874
          ],
          [
            79.8491287,
            6.917272
          ],
          [
            79.8490163,
            6.9176774
          ]
        ],
        "type": "LineString"
      },
      "id": "way/224609382",
      "properties": {
        "feature_type": "poi",
        "in_core": false,
        "kind": "amenity=parking",
        "linked_way_ids": [],
        "osm_id": 224609382,
        "osm_type": "way",
        "tags": {
          "amenity": "parking",
          "name": "Cinnamon Grand Colombo Hotel Parking"
        },
        "zone": "context"
      },
      "type": "Feature"
    },
    {
      "geometry": {
        "coordinates": [
          [
            79.8450838,
            6.9350726
          ],
          [
            79.8453895,
            6.9350247
          ],
          [
            79.8452875,
            6.9343988
          ],
          [
            79.8450573,
            6.9344589
          ],
          [
            79.8450141,
            6.934487
          ],
          [
            79.8449894,
            6.9345463
          ],
          [
            79.8450838,
            6.9350726
          ]
        ],
        "type": "LineString"
      },
      "id": "way/230199573",
      "properties": {
        "feature_type": "poi",
        "in_core": false,
        "kind": "amenity=parking",
        "linked_way_ids": [],
        "osm_id": 230199573,
        "osm_type": "way",
        "tags": {
          "access": "customers",
          "amenity": "parking",
          "capacity": "75",
          "parking": "surface",
          "supervised": "yes",
          "surface": "concrete"
        },
        "zone": "relation_completion"
      },
      "type": "Feature"
    },
    {
      "geometry": {
        "coordinates": [
          [
            79.8603263,
            6.9174988
          ],
          [
            79.8607567,
            6.9172791
          ],
          [
            79.8613221,
            6.9169906
          ],
          [
            79.8613281,
            6.9170022
          ],
          [
            79.8614082,
            6.9171569
          ],
          [
            79.8614636,
            6.9172638
          ],
          [
            79.8612451,
            6.9173753
          ],
          [
            79.861178,
            6.9174096
          ],
          [
            79.8612544,
            6.9175571
          ],
          [
            79.8605386,
            6.9179224
          ],
          [
            79.8605724,
            6.9179877
          ],
          [
            79.8604596,
            6.9180454
          ],
          [
            79.8601806,
            6.9175069
          ],
          [
            79.8602991,
            6.9174464
          ],
          [
            79.8603125,
            6.9174722
          ],
          [
            79.8603263,
            6.9174988
          ]
        ],
        "type": "LineString"
      },
      "id": "way/231068279",
      "properties": {
        "feature_type": "poi",
        "in_core": false,
        "kind": "shop=supermarket",
        "linked_way_ids": [],
        "osm_id": 231068279,
        "osm_type": "way",
        "tags": {
          "addr:street": "Union Place",
          "air_conditioning": "yes",
          "building": "retail",
          "building:levels": "1",
          "image": "https://photos.app.goo.gl/jm5jTHkrR4bgaKoJ7",
          "level": "2",
          "name": "Arpico Super Center",
          "opening_hours": "08:00-22:00",
          "operator": "Arpico",
          "organic": "yes",
          "payment:cash": "yes",
          "payment:credit_cards": "yes",
          "roof:levels": "0",
          "roof:shape": "flat",
          "shop": "supermarket",
          "wheelchair": "yes"
        },
        "zone": "context"
      },
      "type": "Feature"
    },
    {
      "geometry": {
        "coordinates": [
          [
            79.8497009,
            6.9338171
          ],
          [
            79.8496991,
            6.9337983
          ],
          [
            79.8496981,
            6.9337865
          ],
          [
            79.8496907,
            6.9337045
          ],
          [
            79.8499608,
            6.9336805
          ],
          [
            79.850119,
            6.9336664
          ],
          [
            79.8504595,
            6.9336361
          ],
          [
            79.8504671,
            6.9337194
          ],
          [
            79.8504685,
            6.9337348
          ],
          [
            79.8504697,
            6.9337487
          ],
          [
            79.8500323,
            6.9337876
          ],
          [
            79.8497009,
            6.9338171
          ]
        ],
        "type": "LineString"
      },
      "id": "way/232514810",
      "properties": {
        "feature_type": "poi",
        "in_core": false,
        "kind": "public_transport=station",
        "linked_way_ids": [],
        "osm_id": 232514810,
        "osm_type": "way",
        "tags": {
          "building": "train_station",
          "image": "https://photos.app.goo.gl/tjUynWZ51Yme3Y7i9",
          "layer": "1",
          "name": "Colombo Fort",
          "name:ml": "കൊളംബോ കോട്ട",
          "name:ta": "கொழும்பு கோட்டை",
          "public_transport": "station",
          "railway": "station",
          "train": "yes",
          "url": "https://youtu.be/lRgZrUcZMCA?si=dVP_ZkNbjPQgruJ9",
          "wikidata": "Q5471883",
          "wikipedia": "en:Fort railway station"
        },
        "zone": "context"
      },
      "type": "Feature"
    },
    {
      "geometry": {
        "coordinates": [
          [
            79.8448335,
            6.9376286
          ],
          [
            79.8450442,
            6.9375824
          ],
          [
            79.8450893,
            6.9375362
          ],
          [
            79.8451105,
            6.9374724
          ],
          [
            79.8450271,
            6.9370974
          ],
          [
            79.8449354,
            6.9371176
          ],
          [
            79.844974,
            6.9372912
          ],
          [
            79.8447684,
            6.9373363
          ],
          [
            79.8448335,
            6.9376286
          ]
        ],
        "type": "LineString"
      },
      "id": "way/262528224",
      "properties": {
        "feature_type": "poi",
        "in_core": false,
        "kind": "tourism=hotel",
        "linked_way_ids": [],
        "osm_id": 262528224,
        "osm_type": "way",
        "tags": {
          "building": "yes",
          "check_date": "2024-12-25",
          "name": "Grand Oriental Hotel",
          "tourism": "hotel",
          "wikidata": "Q28401591",
          "wikimedia_commons": "Category:Grand Oriental Hotel",
          "wikipedia": "en:Grand Oriental Hotel"
        },
        "zone": "relation_completion"
      },
      "type": "Feature"
    },
    {
      "geometry": {
        "coordinates": [
          [
            79.8462196,
            6.9371362
          ],
          [
            79.8468689,
            6.9367956
          ],
          [
            79.8468788,
            6.9367468
          ],
          [
            79.8468521,
            6.9367156
          ],
          [
            79.8461243,
            6.9365304
          ],
          [
            79.8461302,
            6.9367527
          ],
          [
            79.8465266,
            6.9368498
          ],
          [
            79.846167,
            6.9370167
          ],
          [
            79.8462196,
            6.9371362
          ]
        ],
        "type": "LineString"
      },
      "id": "way/262531868",
      "properties": {
        "feature_type": "poi",
        "in_core": false,
        "kind": "tourism=attraction",
        "linked_way_ids": [],
        "osm_id": 262531868,
        "osm_type": "way",
        "tags": {
          "building": "yes",
          "building:levels": "5",
          "name:en": "White Triangle Building",
          "tourism": "attraction"
        },
        "zone": "relation_completion"
      },
      "type": "Feature"
    },
    {
      "geometry": {
        "coordinates": [
          [
            79.8480668,
            6.9185534
          ],
          [
            79.8486476,
            6.9187249
          ],
          [
            79.8487061,
            6.918545
          ],
          [
            79.8487875,
            6.9185691
          ],
          [
            79.848866,
            6.9183112
          ],
          [
            79.8487704,
            6.9182871
          ],
          [
            79.8487818,
            6.9182559
          ],
          [
            79.848732,
            6.9182365
          ],
          [
            79.8488044,
            6.9179942
          ],
          [
            79.8494374,
            6.9181802
          ],
          [
            79.8494991,
            6.9179995
          ],
          [
            79.8493355,
            6.9179463
          ],
          [
            79.849365,
            6.9178558
          ],
          [
            79.8486032,
            6.9176184
          ],
          [
            79.8485925,
            6.9176503
          ],
          [
            79.8485565,
            6.9176376
          ],
          [
            79.8485388,
            6.9176933
          ],
          [
            79.8486059,
            6.9177169
          ],
          [
            79.8485403,
            6.9178416
          ],
          [
            79.8483343,
            6.9179353
          ],
          [
            79.8482601,
            6.9179179
          ],
          [
            79.8480668,
            6.9185534
          ]
        ],
        "type": "LineString"
      },
      "id": "way/300950810",
      "properties": {
        "feature_type": "poi",
        "in_core": false,
        "kind": "tourism=hotel",
        "linked_way_ids": [],
        "osm_id": 300950810,
        "osm_type": "way",
        "tags": {
          "addr:city": "Colombo",
          "addr:housenumber": "77",
          "addr:street": "Galle Road",
          "air_conditioning": "yes",
          "bar": "yes",
          "brand": "Cinnamon Hotels & Resorts",
          "building": "yes",
          "building:levels": "8",
          "building:obm": "300950810",
          "check_date": "2022-11-29",
          "height": "30",
          "internet_access": "yes",
          "internet_access:fee": "no",
          "name": "Cinnamon Grand Colombo",
          "old_name": "Hotel Lanka Oberoi",
          "opening_hours": "24/7",
          "operator": "John Keells Holdings",
          "payment:cash": "yes",
          "payment:credit_cards": "yes",
          "payment:debit_cards": "yes",
          "phone": "+94 112 437 437",
          "reservation": "yes",
          "rooms": "475",
          "start_date": "1975",
          "tourism": "hotel",
          "website": "https://www.cinnamonhotels.com/cinnamongrandcolombo",
          "wheelchair": "yes",
          "wikidata": "Q63247983",
          "wikimedia_commons": "Category:Cinnamon Grand Hotel",
          "wikipedia": "en:Cinnamon Grand Colombo"
        },
        "zone": "context"
      },
      "type": "Feature"
    },
    {
      "geometry": {
        "coordinates": [
          [
            79.8542405,
            6.9333618
          ],
          [
            79.8544685,
            6.9332915
          ],
          [
            79.8544466,
            6.9332216
          ],
          [
            79.854412,
            6.9331108
          ],
          [
            79.8542527,
            6.9331599
          ],
          [
            79.8542219,
            6.9330557
          ],
          [
            79.8545145,
            6.9329602
          ],
          [
            79.85456,
            6.9329457
          ],
          [
            79.8548343,
            6.9328628
          ],
          [
            79.8569342,
            6.9322101
          ],
          [
            79.8569219,
            6.9321563
          ],
          [
            79.8569034,
            6.9320889
          ],
          [
            79.8562664,
            6.9322764
          ],
          [
            79.8559743,
            6.9323659
          ],
          [
            79.8559381,
            6.9323749
          ],
          [
            79.8556448,
            6.9324617
          ],
          [
            79.8554487,
            6.9325198
          ],
          [
            79.8551515,
            6.9326078
          ],
          [
            79.855117,
            6.9326181
          ],
          [
            79.8548345,
            6.9327017
          ],
          [
            79.8547891,
            6.9327152
          ],
          [
            79.8545082,
            6.9327984
          ],
          [
            79.8544694,
            6.9328099
          ],
          [
            79.8541737,
            6.9328975
          ],
          [
            79.8541193,
            6.9329136
          ],
          [
            79.8542046,
            6.9331747
          ],
          [
            79.854184,
            6.933181
          ],
          [
            79.8542405,
            6.9333618
          ]
        ],
        "type": "LineString"
      },
      "id": "way/303907118",
      "properties": {
        "feature_type": "poi",
        "in_core": true,
        "kind": "tourism=attraction",
        "linked_way_ids": [],
        "osm_id": 303907118,
        "osm_type": "way",
        "tags": {
          "addr:city": "Colombo",
          "area": "yes",
          "man_made": "pier",
          "name": "Pettah Floating Market",
          "tourism": "attraction",
          "wikidata": "Q20987458",
          "wikimedia_commons": "Category:Pettah Floating Market",
          "wikipedia": "en:Pettah_Floating_Market"
        },
        "zone": "core"
      },
      "type": "Feature"
    },
    {
      "geometry": {
        "coordinates": [
          [
            79.864996,
            6.9293307
          ],
          [
            79.8661367,
            6.9298102
          ],
          [
            79.8661069,
            6.92988
          ],
          [
            79.8660485,
            6.9298555
          ],
          [
            79.8659757,
            6.9300261
          ],
          [
            79.865812,
            6.9299573
          ],
          [
            79.8657713,
            6.9300529
          ],
          [
            79.865613,
            6.9299863
          ],
          [
            79.8655877,
            6.9300456
          ],
          [
            79.8649698,
            6.9297858
          ],
          [
            79.8650332,
            6.9296372
          ],
          [
            79.8648908,
            6.9295774
          ],
          [
            79.864996,
            6.9293307
          ]
        ],
        "type": "LineString"
      },
      "id": "way/320613588",
      "properties": {
        "feature_type": "poi",
        "in_core": true,
        "kind": "public_transport=station",
        "linked_way_ids": [],
        "osm_id": 320613588,
        "osm_type": "way",
        "tags": {
          "addr:city": "Maradana",
          "addr:street": "Jayantha Weerasekara MV",
          "building": "yes",
          "layer": "1",
          "name": "Diesel Electric Locomotive Shed",
          "public_transport": "station",
          "railway": "halt",
          "train": "yes"
        },
        "zone": "core"
      },
      "type": "Feature"
    },
    {
      "geometry": {
        "coordinates": [
          [
            79.8463236,
            6.9231956
          ],
          [
            79.8464698,
            6.9233532
          ],
          [
            79.8466975,
            6.9231052
          ],
          [
            79.8467952,
            6.9228494
          ],
          [
            79.8468623,
            6.9228724
          ],
          [
            79.8468981,
            6.9227867
          ],
          [
            79.8468421,
            6.9227683
          ],
          [
            79.8469219,
            6.9225431
          ],
          [
            79.846978,
            6.9225617
          ],
          [
            79.847022,
            6.9224451
          ],
          [
            79.8469589,
            6.9224327
          ],
          [
            79.8470396,
            6.9221117
          ],
          [
            79.8470309,
            6.921833
          ],
          [
            79.8467944,
            6.9218517
          ],
          [
            79.8468021,
            6.9220765
          ],
          [
            79.8467421,
            6.9223081
          ],
          [
            79.846795,
            6.9223282
          ],
          [
            79.8466215,
            6.9228031
          ],
          [
            79.8465718,
            6.9227883
          ],
          [
            79.8465098,
            6.9229535
          ],
          [
            79.8465029,
            6.9229636
          ],
          [
            79.8464874,
            6.9229861
          ],
          [
            79.8464328,
            6.9230612
          ],
          [
            79.8463236,
            6.9231956
          ]
        ],
        "type": "LineString"
      },
      "id": "way/341944267",
      "properties": {
        "feature_type": "poi",
        "in_core": false,
        "kind": "tourism=hotel",
        "linked_way_ids": [],
        "osm_id": 341944267,
        "osm_type": "way",
        "tags": {
          "addr:city": "Colombo",
          "addr:housenumber": "25",
          "addr:street": "Galle Road",
          "air_conditioning": "yes",
          "bar": "yes",
          "brand": "Taj",
          "brand:wikidata": "Q1521893",
          "building": "hotel",
          "building:levels": "10",
          "building:obm": "341944267",
          "check_date": "2024-04-12",
          "email": "reservations.samudra@tajhotels.com",
          "height": "50",
          "internet_access": "wlan",
          "internet_access:fee": "customers",
          "name": "Taj Samudra Hotel",
          "official_name": "Taj Hotels",
          "opening_hours": "24/7",
          "payment:cash": "yes",
          "payment:credit_cards": "yes",
          "payment:debit_cards": "yes",
          "phone": "+94 112 446 622",
          "reservation": "yes",
          "start_date": "1984",
          "tourism": "hotel",
          "website": "https://www.tajhotels.com/en-in/taj/taj-samudra-colombo/",
          "wheelchair": "yes"
        },
        "zone": "context"
      },
      "type": "Feature"
    },
    {
      "geometry": {
        "coordinates": [
          [
            79.8546571,
            6.9381698
          ],
          [
            79.8560469,
            6.9380997
          ],
          [
            79.8560502,
            6.9377756
          ],
          [
            79.854647,
            6.9378391
          ],
          [
            79.8546571,
            6.9381698
          ]
        ],
        "type": "LineString"
      },
      "id": "way/355229911",
      "properties": {
        "feature_type": "poi",
        "in_core": false,
        "kind": "amenity=parking",
        "linked_way_ids": [],
        "osm_id": 355229911,
        "osm_type": "way",
        "tags": {
          "amenity": "parking"
        },
        "zone": "context"
      },
      "type": "Feature"
    },
    {
      "geometry": {
        "coordinates": [
          [
            79.8544637,
            6.9351495
          ],
          [
            79.8544816,
            6.9351981
          ],
          [
            79.8545026,
            6.9352546
          ],
          [
            79.8545465,
            6.9353206
          ],
          [
            79.8545967,
            6.9353806
          ],
          [
            79.854681,
            6.9352975
          ],
          [
            79.8546465,
            6.9352283
          ],
          [
            79.8546182,
            6.9351592
          ],
          [
            79.8545977,
            6.9350905
          ],
          [
            79.8545978,
            6.9350114
          ],
          [
            79.8546124,
            6.9349378
          ],
          [
            79.8546415,
            6.9348704
          ],
          [
            79.854682,
            6.9348251
          ],
          [
            79.8547266,
            6.9347902
          ],
          [
            79.854797,
            6.9347557
          ],
          [
            79.8547512,
            6.9346507
          ],
          [
            79.8546445,
            6.9347051
          ],
          [
            79.8545571,
            6.9347855
          ],
          [
            79.8545018,
            6.9348725
          ],
          [
            79.8544692,
            6.9349617
          ],
          [
            79.8544576,
            6.9350448
          ],
          [
            79.854456,
            6.9350898
          ],
          [
            79.8544637,
            6.9351495
          ]
        ],
        "type": "LineString"
      },
      "id": "way/355229914",
      "properties": {
        "feature_type": "poi",
        "in_core": true,
        "kind": "public_transport=station",
        "linked_way_ids": [],
        "osm_id": 355229914,
        "osm_type": "way",
        "tags": {
          "amenity": "bus_station",
          "building": "yes",
          "building:levels": "2",
          "bus": "yes",
          "designation": "Central Bus Station",
          "int_name": "Central Bus Station",
          "name": "Central Bus Station",
          "name:ru": "Центральный автовокзал",
          "public_transport": "station",
          "toilets:wheelchair": "no",
          "wheelchair": "no",
          "wikidata": "Q5060488"
        },
        "zone": "core"
      },
      "type": "Feature"
    },
    {
      "geometry": {
        "coordinates": [
          [
            79.8659109,
            6.9180477
          ],
          [
            79.8695893,
            6.9202431
          ],
          [
            79.8705863,
            6.9191215
          ],
          [
            79.8711147,
            6.9186074
          ],
          [
            79.8685226,
            6.9176576
          ],
          [
            79.8680372,
            6.9177372
          ],
          [
            79.8678063,
            6.9168015
          ],
          [
            79.8657357,
            6.9172532
          ],
          [
            79.865125,
            6.9173631
          ],
          [
            79.8650285,
            6.9174199
          ],
          [
            79.8650108,
            6.9176156
          ],
          [
            79.8650676,
            6.917719
          ],
          [
            79.8659109,
            6.9180477
          ]
        ],
        "type": "LineString"
      },
      "id": "way/355252669",
      "properties": {
        "feature_type": "poi",
        "in_core": false,
        "kind": "amenity=hospital",
        "linked_way_ids": [],
        "osm_id": 355252669,
        "osm_type": "way",
        "tags": {
          "amenity": "hospital",
          "check_date": "2023-03-06",
          "emergency": "yes",
          "healthcare": "hospital",
          "healthcare:speciality": "general;chiropractic;gynaecology;psychiatry;internal;orthopaedics;dermatology;otolaryngology;radiology;surgery;cardiology;physiotherapy;urology;neurology;emergency;dialysis;plastic_surgery;intensive;oncology;clinic;gastroenterology;blood_check;trauma",
          "name": "National Hospital of Sri Lanka",
          "opening_hours": "24/7",
          "operator": "National Hospital of Sri Lanka",
          "operator:type": "government",
          "phone": "+9411-2691111",
          "short_name": "NHSL",
          "website": "http://nhsl.health.gov.lk/",
          "wheelchair": "yes",
          "wikidata": "Q24942979",
          "wikipedia": "en:National Hospital of Sri Lanka"
        },
        "zone": "context"
      },
      "type": "Feature"
    },
    {
      "geometry": {
        "coordinates": [
          [
            79.8606866,
            6.9267145
          ],
          [
            79.8607975,
            6.9268044
          ],
          [
            79.8607882,
            6.9267215
          ],
          [
            79.86098,
            6.9266966
          ],
          [
            79.8611033,
            6.9268177
          ],
          [
            79.8612347,
            6.9269135
          ],
          [
            79.8614028,
            6.9269089
          ],
          [
            79.8614842,
            6.9268709
          ],
          [
            79.8614225,
            6.9266073
          ],
          [
            79.8613903,
            6.926602
          ],
          [
            79.861106,
            6.9266979
          ],
          [
            79.8610541,
            6.9266533
          ],
          [
            79.8608824,
            6.9264509
          ],
          [
            79.8607322,
            6.9265867
          ],
          [
            79.8606786,
            6.9266772
          ],
          [
            79.8606866,
            6.9267145
          ]
        ],
        "type": "LineString"
      },
      "id": "way/362345092",
      "properties": {
        "feature_type": "poi",
        "in_core": true,
        "kind": "amenity=parking",
        "linked_way_ids": [],
        "osm_id": 362345092,
        "osm_type": "way",
        "tags": {
          "amenity": "parking"
        },
        "zone": "core"
      },
      "type": "Feature"
    },
    {
      "geometry": {
        "coordinates": [
          [
            79.8446333,
            6.9361401
          ],
          [
            79.8448814,
            6.9360846
          ],
          [
            79.8449082,
            6.9360355
          ],
          [
            79.8447571,
            6.9353519
          ],
          [
            79.844469,
            6.9354163
          ],
          [
            79.8446333,
            6.9361401
          ]
        ],
        "type": "LineString"
      },
      "id": "way/374793744",
      "properties": {
        "feature_type": "poi",
        "in_core": false,
        "kind": "tourism=attraction",
        "linked_way_ids": [],
        "osm_id": 374793744,
        "osm_type": "way",
        "tags": {
          "building": "yes",
          "image": "https://photos.app.goo.gl/xF6VsxFASGT7ToB77",
          "name:en": "Historic Cargills building",
          "tourism": "attraction"
        },
        "zone": "relation_completion"
      },
      "type": "Feature"
    },
    {
      "geometry": {
        "coordinates": [
          [
            79.8615058,
            6.9185609
          ],
          [
            79.861647,
            6.9184881
          ],
          [
            79.8618429,
            6.9183912
          ],
          [
            79.8614204,
            6.917558
          ],
          [
            79.861344,
            6.9175974
          ],
          [
            79.8612118,
            6.9176654
          ],
          [
            79.8610746,
            6.9177361
          ],
          [
            79.8615058,
            6.9185609
          ]
        ],
        "type": "LineString"
      },
      "id": "way/380993601",
      "properties": {
        "feature_type": "poi",
        "in_core": false,
        "kind": "amenity=parking",
        "linked_way_ids": [],
        "osm_id": 380993601,
        "osm_type": "way",
        "tags": {
          "access": "customers",
          "addr:street": "Union Place",
          "amenity": "parking",
          "fee": "no",
          "operator": "Arpico",
          "operator:type": "private",
          "parking": "surface",
          "surface": "asphalt"
        },
        "zone": "context"
      },
      "type": "Feature"
    },
    {
      "geometry": {
        "coordinates": [
          [
            79.8654173,
            6.9205999
          ],
          [
            79.8655783,
            6.9205959
          ],
          [
            79.8658036,
            6.9206212
          ],
          [
            79.8660141,
            6.9206791
          ],
          [
            79.8661228,
            6.9202464
          ],
          [
            79.8653543,
            6.9200334
          ],
          [
            79.8653168,
            6.9201912
          ],
          [
            79.8654254,
            6.9202325
          ],
          [
            79.8654026,
            6.9204082
          ],
          [
            79.8654073,
            6.9205739
          ],
          [
            79.8654173,
            6.9205999
          ]
        ],
        "type": "LineString"
      },
      "id": "way/389071653",
      "properties": {
        "feature_type": "poi",
        "in_core": false,
        "kind": "amenity=hospital",
        "linked_way_ids": [],
        "osm_id": 389071653,
        "osm_type": "way",
        "tags": {
          "addr:city": "Colombo 10",
          "addr:housenumber": "110",
          "addr:street": "Norris Canal Road",
          "amenity": "hospital",
          "building": "hospital",
          "building:levels": "14",
          "check_date": "2024-12-30",
          "email": "infochl@asiri.lk",
          "emergency": "yes",
          "healthcare": "hospital",
          "image": "https://photos.app.goo.gl/TqXb2uuJEWzGqPZG9",
          "internet_access": "yes",
          "internet_access:fee": "customers",
          "name": "Asiri Central Hospital",
          "opening_hours": "24/7",
          "operator": "Asiri health",
          "operator:type": "private",
          "phone": "+94 114 665 500",
          "website": "https://www.asirihealth.com/asiri-group/our-locations/asiri-central-hospital",
          "wheelchair": "yes"
        },
        "zone": "context"
      },
      "type": "Feature"
    },
    {
      "geometry": {
        "coordinates": [
          [
            79.8701287,
            6.9153554
          ],
          [
            79.8699576,
            6.9153951
          ],
          [
            79.8698653,
            6.915004
          ],
          [
            79.8698414,
            6.9149807
          ],
          [
            79.8698583,
            6.9149527
          ],
          [
            79.8699219,
            6.914963
          ],
          [
            79.8699121,
            6.9149194
          ],
          [
            79.8699625,
            6.9149079
          ],
          [
            79.8699723,
            6.9149513
          ],
          [
            79.8700224,
            6.9149188
          ],
          [
            79.8701287,
            6.9153554
          ]
        ],
        "type": "LineString"
      },
      "id": "way/394250830",
      "properties": {
        "feature_type": "poi",
        "in_core": false,
        "kind": "tourism=hotel",
        "linked_way_ids": [],
        "osm_id": 394250830,
        "osm_type": "way",
        "tags": {
          "addr:city": "Colombo 07",
          "addr:street": "Rosmead Place",
          "name": "Hotel Tintagel Colombo",
          "tourism": "hotel"
        },
        "zone": "relation_completion"
      },
      "type": "Feature"
    },
    {
      "geometry": {
        "coordinates": [
          [
            79.8478806,
            6.9161588
          ],
          [
            79.8479824,
            6.9158542
          ],
          [
            79.8476044,
            6.9157297
          ],
          [
            79.8476577,
            6.9155704
          ],
          [
            79.8475998,
            6.9155513
          ],
          [
            79.8476147,
            6.9155068
          ],
          [
            79.8473126,
            6.9154073
          ],
          [
            79.8471426,
            6.9159157
          ],
          [
            79.8474316,
            6.9160109
          ],
          [
            79.8478806,
            6.9161588
          ]
        ],
        "type": "LineString"
      },
      "id": "way/395619959",
      "properties": {
        "feature_type": "poi",
        "in_core": false,
        "kind": "tourism=hotel",
        "linked_way_ids": [],
        "osm_id": 395619959,
        "osm_type": "way",
        "tags": {
          "air_conditioning": "yes",
          "brand": "Grand Hyatt",
          "brand:wikidata": "Q115794899",
          "building": "hotel",
          "building:levels": "10",
          "height": "35",
          "image": "https://photos.app.goo.gl/rKZJ72kqDU4z5trt9",
          "name": "Grand Hyatt Colombo",
          "stars": "5",
          "tourism": "hotel",
          "wikidata": "Q18019549",
          "wikimedia_commons": "Category:Grand Hyatt Colombo",
          "wikipedia": "si:ග්‍රෑන්ඩ් හයට් කලම්බු"
        },
        "zone": "relation_completion"
      },
      "type": "Feature"
    },
    {
      "geometry": {
        "coordinates": [
          [
            79.8649111,
            6.9285831
          ],
          [
            79.8648688,
            6.9285663
          ],
          [
            79.8647772,
            6.9285299
          ],
          [
            79.8648047,
            6.9284617
          ],
          [
            79.8647464,
            6.9284385
          ],
          [
            79.8647665,
            6.9283885
          ],
          [
            79.8647861,
            6.92834
          ],
          [
            79.8648414,
            6.928362
          ],
          [
            79.8648733,
            6.9282827
          ],
          [
            79.8650726,
            6.9283619
          ],
          [
            79.8650377,
            6.9284486
          ],
          [
            79.8649753,
            6.9284238
          ],
          [
            79.8649349,
            6.9285241
          ],
          [
            79.8649111,
            6.9285831
          ]
        ],
        "type": "LineString"
      },
      "id": "way/400153469",
      "properties": {
        "feature_type": "poi",
        "in_core": true,
        "kind": "public_transport=station",
        "linked_way_ids": [],
        "osm_id": 400153469,
        "osm_type": "way",
        "tags": {
          "building": "train_station",
          "name": "Maradana",
          "operator": "Sri Lanka Railways",
          "public_transport": "station",
          "railway": "station",
          "wikipedia": "en:Maradana railway station"
        },
        "zone": "core"
      },
      "type": "Feature"
    },
    {
      "geometry": {
        "coordinates": [
          [
            79.8643428,
            6.9293897
          ],
          [
            79.8644686,
            6.9295366
          ],
          [
            79.8643776,
            6.9296134
          ],
          [
            79.8642518,
            6.9294666
          ],
          [
            79.8643428,
            6.9293897
          ]
        ],
        "type": "LineString"
      },
      "id": "way/400250668",
      "properties": {
        "feature_type": "poi",
        "in_core": true,
        "kind": "amenity=restaurant",
        "linked_way_ids": [],
        "osm_id": 400250668,
        "osm_type": "way",
        "tags": {
          "amenity": "restaurant",
          "building": "yes",
          "name": "Buhari Hotel"
        },
        "zone": "core"
      },
      "type": "Feature"
    },
    {
      "geometry": {
        "coordinates": [
          [
            79.8710665,
            6.9163286
          ],
          [
            79.8710296,
            6.9161624
          ],
          [
            79.8711715,
            6.9161282
          ],
          [
            79.8712163,
            6.9162877
          ],
          [
            79.8710665,
            6.9163286
          ]
        ],
        "type": "LineString"
      },
      "id": "way/405589642",
      "properties": {
        "feature_type": "poi",
        "in_core": false,
        "kind": "shop=supermarket",
        "linked_way_ids": [],
        "osm_id": 405589642,
        "osm_type": "way",
        "tags": {
          "name": "Singer Plus",
          "shop": "supermarket"
        },
        "zone": "relation_completion"
      },
      "type": "Feature"
    },
    {
      "geometry": {
        "coordinates": [
          [
            79.8664023,
            6.9295548
          ],
          [
            79.8664391,
            6.929469
          ],
          [
            79.8649107,
            6.9288237
          ],
          [
            79.8648996,
            6.928849
          ],
          [
            79.8648861,
            6.9288811
          ],
          [
            79.8648744,
            6.928909
          ],
          [
            79.8664023,
            6.9295548
          ]
        ],
        "type": "LineString"
      },
      "id": "way/442389102",
      "properties": {
        "feature_type": "poi",
        "in_core": true,
        "kind": "public_transport=platform",
        "linked_way_ids": [],
        "osm_id": 442389102,
        "osm_type": "way",
        "tags": {
          "public_transport": "platform",
          "railway": "platform",
          "shelter": "yes"
        },
        "zone": "core"
      },
      "type": "Feature"
    },
    {
      "geometry": {
        "coordinates": [
          [
            79.8647818,
            6.9291299
          ],
          [
            79.8647852,
            6.9291231
          ],
          [
            79.8647921,
            6.9291106
          ],
          [
            79.8648011,
            6.9290945
          ],
          [
            79.8648065,
            6.9290841
          ],
          [
            79.8661207,
            6.9296506
          ],
          [
            79.8663655,
            6.9297558
          ],
          [
            79.8663439,
            6.9298133
          ],
          [
            79.8657512,
            6.9295851
          ],
          [
            79.865435,
            6.9294552
          ],
          [
            79.8652918,
            6.9293949
          ],
          [
            79.8650479,
            6.9292822
          ],
          [
            79.8648964,
            6.929212
          ],
          [
            79.8647818,
            6.9291299
          ]
        ],
        "type": "LineString"
      },
      "id": "way/442389103",
      "properties": {
        "feature_type": "poi",
        "in_core": true,
        "kind": "public_transport=platform",
        "linked_way_ids": [],
        "osm_id": 442389103,
        "osm_type": "way",
        "tags": {
          "public_transport": "platform",
          "railway": "platform",
          "shelter": "yes"
        },
        "zone": "core"
      },
      "type": "Feature"
    },
    {
      "geometry": {
        "coordinates": [
          [
            79.8648444,
            6.9289965
          ],
          [
            79.8661063,
            6.9295253
          ],
          [
            79.8660859,
            6.9295731
          ],
          [
            79.8648237,
            6.9290404
          ],
          [
            79.8648347,
            6.929017
          ],
          [
            79.8648444,
            6.9289965
          ]
        ],
        "type": "LineString"
      },
      "id": "way/442389104",
      "properties": {
        "feature_type": "poi",
        "in_core": true,
        "kind": "public_transport=platform",
        "linked_way_ids": [],
        "osm_id": 442389104,
        "osm_type": "way",
        "tags": {
          "public_transport": "platform",
          "railway": "platform",
          "shelter": "yes"
        },
        "zone": "core"
      },
      "type": "Feature"
    },
    {
      "geometry": {
        "coordinates": [
          [
            79.8652982,
            6.928889
          ],
          [
            79.8653201,
            6.9288375
          ],
          [
            79.8654386,
            6.9288871
          ],
          [
            79.8664953,
            6.9293294
          ],
          [
            79.8664734,
            6.929381
          ],
          [
            79.8652982,
            6.928889
          ]
        ],
        "type": "LineString"
      },
      "id": "way/442389105",
      "properties": {
        "feature_type": "poi",
        "in_core": true,
        "kind": "public_transport=platform",
        "linked_way_ids": [],
        "osm_id": 442389105,
        "osm_type": "way",
        "tags": {
          "public_transport": "platform",
          "railway": "platform",
          "shelter": "yes"
        },
        "zone": "core"
      },
      "type": "Feature"
    },
    {
      "geometry": {
        "coordinates": [
          [
            79.8601751,
            6.9174415
          ],
          [
            79.8603014,
            6.9173797
          ],
          [
            79.8603402,
            6.9174578
          ],
          [
            79.8609188,
            6.9171746
          ],
          [
            79.8607937,
            6.9169225
          ],
          [
            79.8600887,
            6.9172675
          ],
          [
            79.8601751,
            6.9174415
          ]
        ],
        "type": "LineString"
      },
      "id": "way/464848137",
      "properties": {
        "feature_type": "poi",
        "in_core": false,
        "kind": "amenity=parking",
        "linked_way_ids": [],
        "osm_id": 464848137,
        "osm_type": "way",
        "tags": {
          "access": "customers",
          "amenity": "parking",
          "capacity": "15",
          "fee": "no",
          "parking": "surface"
        },
        "zone": "context"
      },
      "type": "Feature"
    },
    {
      "geometry": {
        "coordinates": [
          [
            79.8530338,
            6.9406041
          ],
          [
            79.8530714,
            6.9405865
          ],
          [
            79.8529523,
            6.9403142
          ],
          [
            79.8527453,
            6.9401721
          ],
          [
            79.8527921,
            6.9401109
          ],
          [
            79.8527191,
            6.9400518
          ],
          [
            79.8525873,
            6.9402199
          ],
          [
            79.8527347,
            6.9403417
          ],
          [
            79.8530338,
            6.9406041
          ]
        ],
        "type": "LineString"
      },
      "id": "way/475570290",
      "properties": {
        "feature_type": "poi",
        "in_core": false,
        "kind": "amenity=parking",
        "linked_way_ids": [],
        "osm_id": 475570290,
        "osm_type": "way",
        "tags": {
          "addr:city": "Colombo",
          "addr:street": "N.H. M. Abdul Carder Road",
          "amenity": "parking",
          "capacity": "30",
          "maxstay": "1 hour",
          "name": "Gold Market Parking",
          "operator": "Gold Market",
          "park_ride": "no",
          "parking": "surface",
          "supervised": "no"
        },
        "zone": "relation_completion"
      },
      "type": "Feature"
    },
    {
      "geometry": {
        "coordinates": [
          [
            79.8495052,
            6.9332272
          ],
          [
            79.8496365,
            6.933196
          ],
          [
            79.8518858,
            6.9329984
          ],
          [
            79.851886,
            6.9329781
          ],
          [
            79.8513759,
            6.9329773
          ],
          [
            79.8496371,
            6.9331348
          ],
          [
            79.849501,
            6.9331647
          ],
          [
            79.849501,
            6.933184
          ],
          [
            79.8495024,
            6.9331998
          ],
          [
            79.8495038,
            6.9332151
          ],
          [
            79.8495052,
            6.9332272
          ]
        ],
        "type": "LineString"
      },
      "id": "way/483500715",
      "properties": {
        "feature_type": "poi",
        "in_core": true,
        "kind": "public_transport=platform",
        "linked_way_ids": [],
        "osm_id": 483500715,
        "osm_type": "way",
        "tags": {
          "area": "yes",
          "bench": "yes",
          "bin": "yes",
          "lit": "yes",
          "public_transport": "platform",
          "railway": "platform",
          "shelter": "yes",
          "train": "yes"
        },
        "zone": "core"
      },
      "type": "Feature"
    },
    {
      "geometry": {
        "coordinates": [
          [
            79.8495548,
            6.9333351
          ],
          [
            79.8495532,
            6.9333175
          ],
          [
            79.8495515,
            6.9332986
          ],
          [
            79.8495497,
            6.9332777
          ],
          [
            79.8495488,
            6.9332683
          ],
          [
            79.8515689,
            6.9330885
          ],
          [
            79.8523222,
            6.933046
          ],
          [
            79.852327,
            6.9330989
          ],
          [
            79.8515749,
            6.9331553
          ],
          [
            79.8495548,
            6.9333351
          ]
        ],
        "type": "LineString"
      },
      "id": "way/483500716",
      "properties": {
        "feature_type": "poi",
        "in_core": true,
        "kind": "public_transport=platform",
        "linked_way_ids": [],
        "osm_id": 483500716,
        "osm_type": "way",
        "tags": {
          "area": "yes",
          "bench": "yes",
          "bin": "yes",
          "lit": "yes",
          "public_transport": "platform",
          "railway": "platform",
          "shelter": "yes",
          "train": "yes"
        },
        "zone": "core"
      },
      "type": "Feature"
    },
    {
      "geometry": {
        "coordinates": [
          [
            79.8495046,
            6.9334706
          ],
          [
            79.8495034,
            6.9334585
          ],
          [
            79.8495018,
            6.9334404
          ],
          [
            79.8494999,
            6.9334192
          ],
          [
            79.8494984,
            6.933403
          ],
          [
            79.8522857,
            6.9331549
          ],
          [
            79.8522887,
            6.933188
          ],
          [
            79.8522918,
            6.9332225
          ],
          [
            79.8495046,
            6.9334706
          ]
        ],
        "type": "LineString"
      },
      "id": "way/483500717",
      "properties": {
        "feature_type": "poi",
        "in_core": true,
        "kind": "public_transport=platform",
        "linked_way_ids": [],
        "osm_id": 483500717,
        "osm_type": "way",
        "tags": {
          "area": "yes",
          "bench": "yes",
          "bin": "yes",
          "lit": "yes",
          "public_transport": "platform",
          "railway": "platform",
          "shelter": "yes",
          "train": "yes"
        },
        "zone": "core"
      },
      "type": "Feature"
    },
    {
      "geometry": {
        "coordinates": [
          [
            79.8523127,
            6.9334536
          ],
          [
            79.8523088,
            6.93341
          ],
          [
            79.8523049,
            6.9333673
          ],
          [
            79.8495176,
            6.9336154
          ],
          [
            79.8495184,
            6.9336234
          ],
          [
            79.8495196,
            6.9336369
          ],
          [
            79.8495206,
            6.9336481
          ],
          [
            79.8495226,
            6.9336706
          ],
          [
            79.8495344,
            6.9338011
          ],
          [
            79.8496981,
            6.9337865
          ],
          [
            79.8496907,
            6.9337045
          ],
          [
            79.8499608,
            6.9336805
          ],
          [
            79.850119,
            6.9336664
          ],
          [
            79.8504595,
            6.9336361
          ],
          [
            79.8504671,
            6.9337194
          ],
          [
            79.8505562,
            6.9337115
          ],
          [
            79.8505759,
            6.9337097
          ],
          [
            79.8507087,
            6.9336979
          ],
          [
            79.8507938,
            6.9336903
          ],
          [
            79.8509109,
            6.9336799
          ],
          [
            79.8509318,
            6.933678
          ],
          [
            79.8510353,
            6.9336688
          ],
          [
            79.8510486,
            6.9336676
          ],
          [
            79.8511788,
            6.9336561
          ],
          [
            79.8513702,
            6.933639
          ],
          [
            79.8513677,
            6.933611
          ],
          [
            79.8513657,
            6.9335886
          ],
          [
            79.8505559,
            6.9336607
          ],
          [
            79.8505514,
            6.9336104
          ],
          [
            79.8523127,
            6.9334536
          ]
        ],
        "type": "LineString"
      },
      "id": "way/483500718",
      "properties": {
        "feature_type": "poi",
        "in_core": true,
        "kind": "public_transport=platform",
        "linked_way_ids": [],
        "osm_id": 483500718,
        "osm_type": "way",
        "tags": {
          "area": "yes",
          "bench": "yes",
          "bin": "yes",
          "lit": "yes",
          "public_transport": "platform",
          "railway": "platform",
          "shelter": "yes",
          "train": "yes"
        },
        "zone": "core"
      },
      "type": "Feature"
    },
    {
      "geometry": {
        "coordinates": [
          [
            79.8495148,
            6.9335843
          ],
          [
            79.8495144,
            6.9335804
          ],
          [
            79.849514,
            6.9335758
          ],
          [
            79.8495125,
            6.9335581
          ],
          [
            79.8495107,
            6.9335382
          ],
          [
            79.8495099,
            6.9335299
          ],
          [
            79.8522972,
            6.9332818
          ],
          [
            79.8522997,
            6.9333098
          ],
          [
            79.8523021,
            6.9333362
          ],
          [
            79.8495148,
            6.9335843
          ]
        ],
        "type": "LineString"
      },
      "id": "way/483500719",
      "properties": {
        "feature_type": "poi",
        "in_core": true,
        "kind": "public_transport=platform",
        "linked_way_ids": [],
        "osm_id": 483500719,
        "osm_type": "way",
        "tags": {
          "area": "yes",
          "bench": "yes",
          "bin": "yes",
          "lit": "yes",
          "public_transport": "platform",
          "railway": "platform",
          "shelter": "yes",
          "train": "yes"
        },
        "zone": "core"
      },
      "type": "Feature"
    },
    {
      "geometry": {
        "coordinates": [
          [
            79.8461247,
            6.9311206
          ],
          [
            79.8460926,
            6.9313496
          ],
          [
            79.8460858,
            6.9317623
          ],
          [
            79.8461583,
            6.9321736
          ],
          [
            79.8462213,
            6.9323747
          ]
        ],
        "type": "LineString"
      },
      "id": "way/483500720",
      "properties": {
        "feature_type": "poi",
        "in_core": false,
        "kind": "public_transport=platform",
        "linked_way_ids": [],
        "osm_id": 483500720,
        "osm_type": "way",
        "tags": {
          "public_transport": "platform",
          "railway": "platform",
          "shelter": "yes"
        },
        "zone": "context"
      },
      "type": "Feature"
    },
    {
      "geometry": {
        "coordinates": [
          [
            79.8461435,
            6.9324372
          ],
          [
            79.8460992,
            6.9322983
          ],
          [
            79.8460671,
            6.9321976
          ],
          [
            79.8459826,
            6.9317729
          ],
          [
            79.8459866,
            6.9313229
          ],
          [
            79.8460161,
            6.9311086
          ],
          [
            79.8460765,
            6.9308969
          ]
        ],
        "type": "LineString"
      },
      "id": "way/483500721",
      "properties": {
        "feature_type": "poi",
        "in_core": false,
        "kind": "public_transport=platform",
        "linked_way_ids": [],
        "osm_id": 483500721,
        "osm_type": "way",
        "tags": {
          "public_transport": "platform",
          "railway": "platform"
        },
        "zone": "context"
      },
      "type": "Feature"
    },
    {
      "geometry": {
        "coordinates": [
          [
            79.8535954,
            6.9206844
          ],
          [
            79.8535651,
            6.9207016
          ],
          [
            79.8535219,
            6.9206267
          ],
          [
            79.8533248,
            6.9207385
          ],
          [
            79.8534467,
            6.9209503
          ],
          [
            79.8538246,
            6.920736
          ],
          [
            79.8537142,
            6.9205094
          ],
          [
            79.8536684,
            6.9205354
          ],
          [
            79.8536217,
            6.9204543
          ],
          [
            79.8535193,
            6.9205124
          ],
          [
            79.8535954,
            6.9206844
          ]
        ],
        "type": "LineString"
      },
      "id": "way/513773173",
      "properties": {
        "feature_type": "poi",
        "in_core": true,
        "kind": "amenity=hospital",
        "linked_way_ids": [],
        "osm_id": 513773173,
        "osm_type": "way",
        "tags": {
          "amenity": "hospital",
          "building": "yes",
          "check_date": "2022-11-13",
          "email": "nawaloka@slt.lk",
          "emergency": "yes",
          "fax": "+94 11 2430393",
          "healthcare": "hospital",
          "internet_access": "wlan",
          "internet_access:fee": "customers",
          "name": "Nawaloka Hospital",
          "opening_hours": "24/7",
          "operator:type": "private",
          "phone": "+94 115 577 111",
          "website": "https://www.nawaloka.com/",
          "wheelchair": "yes"
        },
        "zone": "core"
      },
      "type": "Feature"
    },
    {
      "geometry": {
        "coordinates": [
          [
            79.8506722,
            6.9191503
          ],
          [
            79.8503569,
            6.9190635
          ],
          [
            79.8502543,
            6.919431
          ],
          [
            79.8505695,
            6.9195177
          ],
          [
            79.8506722,
            6.9191503
          ]
        ],
        "type": "LineString"
      },
      "id": "way/514622888",
      "properties": {
        "feature_type": "poi",
        "in_core": false,
        "kind": "amenity=parking",
        "linked_way_ids": [],
        "osm_id": 514622888,
        "osm_type": "way",
        "tags": {
          "amenity": "parking"
        },
        "zone": "context"
      },
      "type": "Feature"
    },
    {
      "geometry": {
        "coordinates": [
          [
            79.8494241,
            6.9202122
          ],
          [
            79.849526,
            6.9197542
          ],
          [
            79.8495535,
            6.9197502
          ],
          [
            79.8498183,
            6.9198241
          ],
          [
            79.8499798,
            6.9198718
          ],
          [
            79.8500163,
            6.9198823
          ],
          [
            79.8500531,
            6.9198929
          ],
          [
            79.8500773,
            6.9198999
          ],
          [
            79.8500805,
            6.9198889
          ],
          [
            79.8501005,
            6.919894
          ],
          [
            79.8501223,
            6.919841
          ],
          [
            79.850389,
            6.9199214
          ],
          [
            79.8503716,
            6.9199785
          ],
          [
            79.8504858,
            6.9200153
          ],
          [
            79.8504413,
            6.9201683
          ],
          [
            79.850505,
            6.9201896
          ],
          [
            79.8504766,
            6.920288
          ],
          [
            79.8501778,
            6.9202076
          ],
          [
            79.8501302,
            6.9203906
          ],
          [
            79.8501201,
            6.9204219
          ],
          [
            79.8500591,
            6.9204093
          ],
          [
            79.8500182,
            6.9203733
          ],
          [
            79.8500034,
            6.92036
          ],
          [
            79.849984,
            6.9203534
          ],
          [
            79.8498807,
            6.9203327
          ],
          [
            79.8497493,
            6.9202948
          ],
          [
            79.8497224,
            6.9203547
          ],
          [
            79.8496119,
            6.9203141
          ],
          [
            79.8496125,
            6.9202601
          ],
          [
            79.8495448,
            6.9202408
          ],
          [
            79.8495287,
            6.9202655
          ],
          [
            79.8494475,
            6.9202402
          ],
          [
            79.8494241,
            6.9202122
          ]
        ],
        "type": "LineString"
      },
      "id": "way/514622889",
      "properties": {
        "feature_type": "poi",
        "in_core": false,
        "kind": "amenity=parking",
        "linked_way_ids": [],
        "osm_id": 514622889,
        "osm_type": "way",
        "tags": {
          "amenity": "parking"
        },
        "zone": "context"
      },
      "type": "Feature"
    },
    {
      "geometry": {
        "coordinates": [
          [
            79.853906,
            6.9194347
          ],
          [
            79.8542735,
            6.9195971
          ],
          [
            79.8544881,
            6.9200045
          ],
          [
            79.8547992,
            6.9198687
          ],
          [
            79.8548213,
            6.9198667
          ],
          [
            79.8548354,
            6.9198854
          ],
          [
            79.8549273,
            6.9200724
          ],
          [
            79.8549172,
            6.9201084
          ],
          [
            79.8543714,
            6.9203906
          ],
          [
            79.8543379,
            6.9203959
          ],
          [
            79.854307,
            6.9203667
          ],
          [
            79.8542748,
            6.9203081
          ],
          [
            79.8542541,
            6.9202988
          ],
          [
            79.8541585,
            6.9203434
          ],
          [
            79.8541421,
            6.9203307
          ],
          [
            79.8540928,
            6.9202322
          ],
          [
            79.8540019,
            6.9200445
          ],
          [
            79.8539878,
            6.9200059
          ],
          [
            79.8539925,
            6.9199712
          ],
          [
            79.8540086,
            6.9199366
          ],
          [
            79.854008,
            6.9199227
          ],
          [
            79.8539637,
            6.9198741
          ],
          [
            79.8537659,
            6.9197383
          ],
          [
            79.8537518,
            6.9197023
          ],
          [
            79.8538443,
            6.9194613
          ],
          [
            79.853906,
            6.9194347
          ]
        ],
        "type": "LineString"
      },
      "id": "way/514622969",
      "properties": {
        "feature_type": "poi",
        "in_core": true,
        "kind": "amenity=parking",
        "linked_way_ids": [],
        "osm_id": 514622969,
        "osm_type": "way",
        "tags": {
          "amenity": "parking"
        },
        "zone": "core"
      },
      "type": "Feature"
    },
    {
      "geometry": {
        "coordinates": [
          [
            79.8517683,
            6.9226699
          ],
          [
            79.8518434,
            6.9226978
          ],
          [
            79.8518676,
            6.9226805
          ],
          [
            79.8519199,
            6.9226259
          ],
          [
            79.8519869,
            6.9225913
          ],
          [
            79.8520325,
            6.9225527
          ],
          [
            79.852058,
            6.9224941
          ],
          [
            79.8520902,
            6.9224089
          ],
          [
            79.8520821,
            6.9223623
          ],
          [
            79.8519561,
            6.922321
          ],
          [
            79.8519614,
            6.9222851
          ],
          [
            79.8519722,
            6.9222585
          ],
          [
            79.851948,
            6.9222225
          ],
          [
            79.8519199,
            6.9222199
          ],
          [
            79.8518702,
            6.9222372
          ],
          [
            79.8518582,
            6.9222691
          ],
          [
            79.8518582,
            6.9223117
          ],
          [
            79.8518461,
            6.922329
          ],
          [
            79.8517857,
            6.922333
          ],
          [
            79.8517764,
            6.9223477
          ],
          [
            79.8517951,
            6.9225487
          ],
          [
            79.8517764,
            6.9225594
          ],
          [
            79.8517536,
            6.92257
          ],
          [
            79.8517549,
            6.9226632
          ],
          [
            79.8517683,
            6.9226699
          ]
        ],
        "type": "LineString"
      },
      "id": "way/514653088",
      "properties": {
        "feature_type": "poi",
        "in_core": true,
        "kind": "amenity=parking",
        "linked_way_ids": [],
        "osm_id": 514653088,
        "osm_type": "way",
        "tags": {
          "amenity": "parking"
        },
        "zone": "core"
      },
      "type": "Feature"
    },
    {
      "geometry": {
        "coordinates": [
          [
            79.8665788,
            6.9291947
          ],
          [
            79.8657583,
            6.9288459
          ],
          [
            79.8657273,
            6.9289179
          ],
          [
            79.8657167,
            6.9289423
          ],
          [
            79.8665373,
            6.9292911
          ],
          [
            79.8665788,
            6.9291947
          ]
        ],
        "type": "LineString"
      },
      "id": "way/517213353",
      "properties": {
        "feature_type": "poi",
        "in_core": true,
        "kind": "public_transport=platform",
        "linked_way_ids": [],
        "osm_id": 517213353,
        "osm_type": "way",
        "tags": {
          "public_transport": "platform",
          "railway": "platform",
          "shelter": "yes"
        },
        "zone": "core"
      },
      "type": "Feature"
    },
    {
      "geometry": {
        "coordinates": [
          [
            79.8516898,
            6.9324316
          ],
          [
            79.851375,
            6.9324795
          ],
          [
            79.8513795,
            6.9325087
          ],
          [
            79.8513914,
            6.9325855
          ],
          [
            79.8514048,
            6.9326728
          ],
          [
            79.851413,
            6.9327259
          ],
          [
            79.8515029,
            6.9327122
          ],
          [
            79.8514948,
            6.9326593
          ],
          [
            79.8517196,
            6.9326251
          ],
          [
            79.8516898,
            6.9324316
          ]
        ],
        "type": "LineString"
      },
      "id": "way/528048894",
      "properties": {
        "feature_type": "poi",
        "in_core": true,
        "kind": "amenity=post_office",
        "linked_way_ids": [],
        "osm_id": 528048894,
        "osm_type": "way",
        "tags": {
          "amenity": "post_office",
          "building": "yes",
          "building:levels": "7",
          "height": "30",
          "name": "General Post Office and Central Mail Exchange",
          "opening_hours": "Mo-Fr 09:00-12:00, 13:00-15:00; Sa 09:00-12:30",
          "operator": "Government"
        },
        "zone": "core"
      },
      "type": "Feature"
    },
    {
      "geometry": {
        "coordinates": [
          [
            79.8458158,
            6.9315584
          ],
          [
            79.8457447,
            6.9314406
          ],
          [
            79.8456971,
            6.9314086
          ],
          [
            79.8456415,
            6.9314059
          ],
          [
            79.8455308,
            6.931396
          ],
          [
            79.8454839,
            6.9314173
          ],
          [
            79.8454195,
            6.9314765
          ],
          [
            79.8454034,
            6.9315164
          ],
          [
            79.8454128,
            6.9315784
          ],
          [
            79.8455409,
            6.9317108
          ],
          [
            79.8456589,
            6.9318233
          ],
          [
            79.8457099,
            6.9318446
          ],
          [
            79.8457434,
            6.9318459
          ],
          [
            79.8458225,
            6.9318013
          ],
          [
            79.8458574,
            6.9317434
          ],
          [
            79.8458514,
            6.9316656
          ],
          [
            79.8458158,
            6.9315584
          ]
        ],
        "type": "LineString"
      },
      "id": "way/529359199",
      "properties": {
        "feature_type": "poi",
        "in_core": false,
        "kind": "amenity=parking",
        "linked_way_ids": [],
        "osm_id": 529359199,
        "osm_type": "way",
        "tags": {
          "amenity": "parking",
          "parking": "surface"
        },
        "zone": "context"
      },
      "type": "Feature"
    },
    {
      "geometry": {
        "coordinates": [
          [
            79.8446028,
            6.9306684
          ],
          [
            79.8446001,
            6.9306245
          ],
          [
            79.8446108,
            6.9306112
          ],
          [
            79.8446605,
            6.9306098
          ],
          [
            79.844867,
            6.9306152
          ],
          [
            79.8448958,
            6.9306245
          ],
          [
            79.8449052,
            6.9306684
          ],
          [
            79.8449045,
            6.9308069
          ],
          [
            79.8448864,
            6.9311111
          ],
          [
            79.8448858,
            6.9311949
          ],
          [
            79.8448831,
            6.9312222
          ],
          [
            79.8448603,
            6.9312262
          ],
          [
            79.8448442,
            6.9312122
          ],
          [
            79.8448405,
            6.9311423
          ],
          [
            79.8448445,
            6.9309962
          ],
          [
            79.8448479,
            6.9308448
          ],
          [
            79.8448553,
            6.930712
          ],
          [
            79.8448472,
            6.9306834
          ],
          [
            79.8448187,
            6.9306687
          ],
          [
            79.8447054,
            6.9306641
          ],
          [
            79.8446266,
            6.9306707
          ],
          [
            79.8446028,
            6.9306684
          ]
        ],
        "type": "LineString"
      },
      "id": "way/529359210",
      "properties": {
        "feature_type": "poi",
        "in_core": false,
        "kind": "amenity=parking",
        "linked_way_ids": [],
        "osm_id": 529359210,
        "osm_type": "way",
        "tags": {
          "amenity": "parking"
        },
        "zone": "relation_completion"
      },
      "type": "Feature"
    },
    {
      "geometry": {
        "coordinates": [
          [
            79.8628905,
            6.9163262
          ],
          [
            79.8631823,
            6.9160978
          ],
          [
            79.8632986,
            6.9162442
          ],
          [
            79.8632743,
            6.9162632
          ],
          [
            79.8630675,
            6.9164251
          ],
          [
            79.8628905,
            6.9163262
          ]
        ],
        "type": "LineString"
      },
      "id": "way/529590028",
      "properties": {
        "feature_type": "poi",
        "in_core": false,
        "kind": "amenity=parking",
        "linked_way_ids": [],
        "osm_id": 529590028,
        "osm_type": "way",
        "tags": {
          "access": "yes",
          "amenity": "parking",
          "name": "Town hall car park",
          "park_ride": "yes",
          "parking": "surface"
        },
        "zone": "context"
      },
      "type": "Feature"
    },
    {
      "geometry": {
        "coordinates": [
          [
            79.8641563,
            6.9153416
          ],
          [
            79.8646238,
            6.914982
          ],
          [
            79.8646445,
            6.9151739
          ],
          [
            79.8644265,
            6.9153293
          ],
          [
            79.8642449,
            6.9154588
          ],
          [
            79.8641563,
            6.9153416
          ]
        ],
        "type": "LineString"
      },
      "id": "way/529590029",
      "properties": {
        "feature_type": "poi",
        "in_core": false,
        "kind": "amenity=parking",
        "linked_way_ids": [],
        "osm_id": 529590029,
        "osm_type": "way",
        "tags": {
          "access": "customers",
          "amenity": "parking",
          "fee": "no",
          "name": "Town hall car park",
          "parking": "surface"
        },
        "zone": "context"
      },
      "type": "Feature"
    },
    {
      "geometry": {
        "coordinates": [
          [
            79.8532516,
            6.9236204
          ],
          [
            79.8531201,
            6.9233169
          ],
          [
            79.8531523,
            6.9232889
          ],
          [
            79.8533173,
            6.9232224
          ],
          [
            79.8533575,
            6.9232343
          ],
          [
            79.8534782,
            6.9235246
          ],
          [
            79.8534581,
            6.9235485
          ],
          [
            79.8532811,
            6.9236284
          ],
          [
            79.8532516,
            6.9236204
          ]
        ],
        "type": "LineString"
      },
      "id": "way/531886593",
      "properties": {
        "feature_type": "poi",
        "in_core": true,
        "kind": "amenity=parking",
        "linked_way_ids": [],
        "osm_id": 531886593,
        "osm_type": "way",
        "tags": {
          "amenity": "parking"
        },
        "zone": "core"
      },
      "type": "Feature"
    },
    {
      "geometry": {
        "coordinates": [
          [
            79.8577415,
            6.930401
          ],
          [
            79.8573244,
            6.9313249
          ],
          [
            79.8574408,
            6.9313767
          ],
          [
            79.8578513,
            6.9304674
          ],
          [
            79.8583597,
            6.9298712
          ],
          [
            79.8582647,
            6.9297913
          ],
          [
            79.8577415,
            6.930401
          ]
        ],
        "type": "LineString"
      },
      "id": "way/531909928",
      "properties": {
        "feature_type": "poi",
        "in_core": true,
        "kind": "public_transport=station",
        "linked_way_ids": [],
        "osm_id": 531909928,
        "osm_type": "way",
        "tags": {
          "building": "yes",
          "layer": "1",
          "public_transport": "station",
          "railway": "station",
          "train": "yes"
        },
        "zone": "core"
      },
      "type": "Feature"
    },
    {
      "geometry": {
        "coordinates": [
          [
            79.8598507,
            6.9289879
          ],
          [
            79.8587135,
            6.9303432
          ],
          [
            79.8588232,
            6.9304339
          ],
          [
            79.8599605,
            6.9290787
          ],
          [
            79.8598507,
            6.9289879
          ]
        ],
        "type": "LineString"
      },
      "id": "way/531909951",
      "properties": {
        "feature_type": "poi",
        "in_core": true,
        "kind": "public_transport=station",
        "linked_way_ids": [],
        "osm_id": 531909951,
        "osm_type": "way",
        "tags": {
          "building": "yes",
          "layer": "1",
          "public_transport": "station",
          "railway": "station",
          "train": "yes"
        },
        "zone": "core"
      },
      "type": "Feature"
    },
    {
      "geometry": {
        "coordinates": [
          [
            79.8581991,
            6.930984
          ],
          [
            79.8582911,
            6.9310614
          ],
          [
            79.8587967,
            6.930469
          ],
          [
            79.8587047,
            6.9303916
          ],
          [
            79.8581991,
            6.930984
          ]
        ],
        "type": "LineString"
      },
      "id": "way/531909952",
      "properties": {
        "feature_type": "poi",
        "in_core": true,
        "kind": "public_transport=station",
        "linked_way_ids": [],
        "osm_id": 531909952,
        "osm_type": "way",
        "tags": {
          "building": "yes",
          "layer": "1",
          "public_transport": "station",
          "railway": "station",
          "train": "yes"
        },
        "zone": "core"
      },
      "type": "Feature"
    },
    {
      "geometry": {
        "coordinates": [
          [
            79.8581748,
            6.9309783
          ],
          [
            79.8577577,
            6.9315121
          ],
          [
            79.8578463,
            6.9315803
          ],
          [
            79.8582633,
            6.9310465
          ],
          [
            79.8581748,
            6.9309783
          ]
        ],
        "type": "LineString"
      },
      "id": "way/531909953",
      "properties": {
        "feature_type": "poi",
        "in_core": true,
        "kind": "public_transport=station",
        "linked_way_ids": [],
        "osm_id": 531909953,
        "osm_type": "way",
        "tags": {
          "building": "yes",
          "layer": "1",
          "public_transport": "station",
          "railway": "station",
          "train": "yes"
        },
        "zone": "core"
      },
      "type": "Feature"
    },
    {
      "geometry": {
        "coordinates": [
          [
            79.8636909,
            6.9316332
          ],
          [
            79.8637402,
            6.9313106
          ],
          [
            79.8635491,
            6.9312769
          ],
          [
            79.8634983,
            6.9316103
          ],
          [
            79.8636909,
            6.9316332
          ]
        ],
        "type": "LineString"
      },
      "id": "way/533955500",
      "properties": {
        "feature_type": "poi",
        "in_core": true,
        "kind": "amenity=parking",
        "linked_way_ids": [],
        "osm_id": 533955500,
        "osm_type": "way",
        "tags": {
          "amenity": "parking"
        },
        "zone": "core"
      },
      "type": "Feature"
    },
    {
      "geometry": {
        "coordinates": [
          [
            79.8636757,
            6.9300335
          ],
          [
            79.8637516,
            6.9301251
          ],
          [
            79.8638707,
            6.9301367
          ],
          [
            79.8639676,
            6.9300555
          ],
          [
            79.8638929,
            6.9299315
          ],
          [
            79.8637983,
            6.9298678
          ],
          [
            79.8636757,
            6.9300335
          ]
        ],
        "type": "LineString"
      },
      "id": "way/533955507",
      "properties": {
        "feature_type": "poi",
        "in_core": true,
        "kind": "amenity=parking",
        "linked_way_ids": [],
        "osm_id": 533955507,
        "osm_type": "way",
        "tags": {
          "amenity": "parking"
        },
        "zone": "core"
      },
      "type": "Feature"
    },
    {
      "geometry": {
        "coordinates": [
          [
            79.8614135,
            6.931872
          ],
          [
            79.8613102,
            6.9317615
          ],
          [
            79.8614912,
            6.9315805
          ],
          [
            79.86173,
            6.931876
          ],
          [
            79.8614135,
            6.931872
          ]
        ],
        "type": "LineString"
      },
      "id": "way/533957183",
      "properties": {
        "feature_type": "poi",
        "in_core": true,
        "kind": "amenity=parking",
        "linked_way_ids": [],
        "osm_id": 533957183,
        "osm_type": "way",
        "tags": {
          "amenity": "parking"
        },
        "zone": "core"
      },
      "type": "Feature"
    },
    {
      "geometry": {
        "coordinates": [
          [
            79.8505022,
            6.9197045
          ],
          [
            79.8502005,
            6.9196101
          ],
          [
            79.8501488,
            6.919773
          ],
          [
            79.8504504,
            6.9198674
          ],
          [
            79.8505022,
            6.9197045
          ]
        ],
        "type": "LineString"
      },
      "id": "way/534092790",
      "properties": {
        "feature_type": "poi",
        "in_core": false,
        "kind": "amenity=parking",
        "linked_way_ids": [],
        "osm_id": 534092790,
        "osm_type": "way",
        "tags": {
          "amenity": "parking"
        },
        "zone": "context"
      },
      "type": "Feature"
    },
    {
      "geometry": {
        "coordinates": [
          [
            79.8510106,
            6.9200165
          ],
          [
            79.8508711,
            6.9199619
          ],
          [
            79.8508362,
            6.9199752
          ],
          [
            79.8508067,
            6.9200165
          ],
          [
            79.8508295,
            6.9200498
          ],
          [
            79.8507963,
            6.920091
          ],
          [
            79.8508859,
            6.9201177
          ],
          [
            79.8510133,
            6.9201443
          ],
          [
            79.8510227,
            6.920131
          ],
          [
            79.8510213,
            6.9201164
          ],
          [
            79.8509824,
            6.9200991
          ],
          [
            79.8509838,
            6.9200684
          ],
          [
            79.8509945,
            6.9200405
          ],
          [
            79.8510106,
            6.9200165
          ]
        ],
        "type": "LineString"
      },
      "id": "way/534092791",
      "properties": {
        "feature_type": "poi",
        "in_core": false,
        "kind": "amenity=parking",
        "linked_way_ids": [],
        "osm_id": 534092791,
        "osm_type": "way",
        "tags": {
          "amenity": "parking"
        },
        "zone": "context"
      },
      "type": "Feature"
    },
    {
      "geometry": {
        "coordinates": [
          [
            79.8673521,
            6.9349678
          ],
          [
            79.8673666,
            6.9348134
          ],
          [
            79.867479,
            6.9348238
          ],
          [
            79.8674645,
            6.9349782
          ],
          [
            79.8673521,
            6.9349678
          ]
        ],
        "type": "LineString"
      },
      "id": "way/536523417",
      "properties": {
        "feature_type": "poi",
        "in_core": false,
        "kind": "amenity=fuel",
        "linked_way_ids": [],
        "osm_id": 536523417,
        "osm_type": "way",
        "tags": {
          "addr:street": "Pradeepa Road",
          "amenity": "fuel",
          "building": "yes"
        },
        "zone": "context"
      },
      "type": "Feature"
    },
    {
      "geometry": {
        "coordinates": [
          [
            79.8680708,
            6.924109
          ],
          [
            79.868193,
            6.9239933
          ],
          [
            79.868299,
            6.9241036
          ],
          [
            79.8681768,
            6.9242193
          ],
          [
            79.8680708,
            6.924109
          ]
        ],
        "type": "LineString"
      },
      "id": "way/539097188",
      "properties": {
        "feature_type": "poi",
        "in_core": false,
        "kind": "amenity=fuel",
        "linked_way_ids": [],
        "osm_id": 539097188,
        "osm_type": "way",
        "tags": {
          "addr:city": "Maradana",
          "addr:street": "P De S Kularatne Mawatha",
          "amenity": "fuel",
          "brand": "Ceypetco",
          "brand:wikidata": "Q5065795",
          "compressed_air": "no",
          "name": "Lanka Filling Station",
          "operator": "Cepetco"
        },
        "zone": "context"
      },
      "type": "Feature"
    },
    {
      "geometry": {
        "coordinates": [
          [
            79.8639072,
            6.918563
          ],
          [
            79.8636875,
            6.9184174
          ],
          [
            79.8635115,
            6.9183291
          ],
          [
            79.8637856,
            6.9182408
          ],
          [
            79.8639314,
            6.9181782
          ],
          [
            79.8643416,
            6.9179871
          ],
          [
            79.8644778,
            6.918282
          ],
          [
            79.8639072,
            6.918563
          ]
        ],
        "type": "LineString"
      },
      "id": "way/544326108",
      "properties": {
        "feature_type": "poi",
        "in_core": false,
        "kind": "amenity=parking",
        "linked_way_ids": [],
        "osm_id": 544326108,
        "osm_type": "way",
        "tags": {
          "amenity": "parking"
        },
        "zone": "context"
      },
      "type": "Feature"
    },
    {
      "geometry": {
        "coordinates": [
          [
            79.8614743,
            6.9228471
          ],
          [
            79.8617815,
            6.9229056
          ],
          [
            79.8619591,
            6.9218464
          ],
          [
            79.8614608,
            6.9216708
          ],
          [
            79.861411,
            6.921924
          ],
          [
            79.8613874,
            6.9220421
          ],
          [
            79.8613758,
            6.9221085
          ],
          [
            79.8615456,
            6.9221379
          ],
          [
            79.8615312,
            6.9222195
          ],
          [
            79.8615098,
            6.9223418
          ],
          [
            79.8614892,
            6.9224589
          ],
          [
            79.8615434,
            6.9224683
          ],
          [
            79.8615157,
            6.9226258
          ],
          [
            79.8614743,
            6.9228471
          ]
        ],
        "type": "LineString"
      },
      "id": "way/544326129",
      "properties": {
        "feature_type": "poi",
        "in_core": true,
        "kind": "amenity=parking",
        "linked_way_ids": [],
        "osm_id": 544326129,
        "osm_type": "way",
        "tags": {
          "amenity": "parking",
          "fee": "yes",
          "parking": "surface"
        },
        "zone": "core"
      },
      "type": "Feature"
    },
    {
      "geometry": {
        "coordinates": [
          [
            79.8610644,
            6.9237121
          ],
          [
            79.8610716,
            6.9236446
          ],
          [
            79.8610785,
            6.9235793
          ],
          [
            79.8610809,
            6.923557
          ],
          [
            79.8607894,
            6.9235266
          ],
          [
            79.8607817,
            6.9235994
          ],
          [
            79.860773,
            6.9236817
          ],
          [
            79.8610644,
            6.9237121
          ]
        ],
        "type": "LineString"
      },
      "id": "way/544326132",
      "properties": {
        "feature_type": "poi",
        "in_core": true,
        "kind": "amenity=restaurant",
        "linked_way_ids": [],
        "osm_id": 544326132,
        "osm_type": "way",
        "tags": {
          "amenity": "restaurant",
          "building": "yes",
          "cuisine": "Rice_&_Curry;fried_rice;pastry",
          "name": "Derana Restaurant",
          "opening_hours": "Mo-Fr 08:00-17:00"
        },
        "zone": "core"
      },
      "type": "Feature"
    },
    {
      "geometry": {
        "coordinates": [
          [
            79.8609109,
            6.9205726
          ],
          [
            79.8609401,
            6.9205617
          ],
          [
            79.8610152,
            6.9204059
          ],
          [
            79.8609797,
            6.9203893
          ],
          [
            79.8610682,
            6.9202095
          ],
          [
            79.8609367,
            6.9199527
          ],
          [
            79.8607122,
            6.920084
          ],
          [
            79.8607778,
            6.9202067
          ],
          [
            79.8608219,
            6.9202909
          ],
          [
            79.8607749,
            6.9203127
          ],
          [
            79.8609109,
            6.9205726
          ]
        ],
        "type": "LineString"
      },
      "id": "way/581526682",
      "properties": {
        "feature_type": "poi",
        "in_core": true,
        "kind": "amenity=parking",
        "linked_way_ids": [],
        "osm_id": 581526682,
        "osm_type": "way",
        "tags": {
          "amenity": "parking"
        },
        "zone": "core"
      },
      "type": "Feature"
    },
    {
      "geometry": {
        "coordinates": [
          [
            79.8703141,
            6.9216311
          ],
          [
            79.8705311,
            6.9217529
          ],
          [
            79.8705619,
            6.9217021
          ],
          [
            79.8706331,
            6.9217463
          ],
          [
            79.8706456,
            6.9217169
          ],
          [
            79.8703565,
            6.9215546
          ],
          [
            79.8703141,
            6.9216311
          ]
        ],
        "type": "LineString"
      },
      "id": "way/610938414",
      "properties": {
        "feature_type": "poi",
        "in_core": false,
        "kind": "amenity=restaurant",
        "linked_way_ids": [],
        "osm_id": 610938414,
        "osm_type": "way",
        "tags": {
          "addr:housenumber": "820",
          "addr:street": "Maradana Road",
          "amenity": "restaurant",
          "building": "yes",
          "cuisine": "regional",
          "name": "Cannys Bakers & Restaurant",
          "phone": "+94112693722",
          "self_service": "yes",
          "shop": "bakery",
          "takeaway": "yes"
        },
        "zone": "context"
      },
      "type": "Feature"
    },
    {
      "geometry": {
        "coordinates": [
          [
            79.8555411,
            6.917355
          ],
          [
            79.8556002,
            6.9173971
          ],
          [
            79.8556949,
            6.9174771
          ],
          [
            79.8557618,
            6.9175748
          ],
          [
            79.8558116,
            6.917643
          ],
          [
            79.8558402,
            6.9176822
          ],
          [
            79.8559065,
            6.917773
          ],
          [
            79.8559622,
            6.9178593
          ],
          [
            79.8559699,
            6.9179027
          ],
          [
            79.8559498,
            6.9179499
          ],
          [
            79.8559168,
            6.9179857
          ],
          [
            79.8558621,
            6.9180044
          ],
          [
            79.8558044,
            6.9180063
          ],
          [
            79.8556343,
            6.917942
          ],
          [
            79.8548647,
            6.9176508
          ],
          [
            79.8550755,
            6.9171975
          ],
          [
            79.8552023,
            6.9172386
          ],
          [
            79.8555411,
            6.917355
          ]
        ],
        "type": "LineString"
      },
      "id": "way/666495757",
      "properties": {
        "feature_type": "poi",
        "in_core": false,
        "kind": "shop=mall",
        "linked_way_ids": [],
        "osm_id": 666495757,
        "osm_type": "way",
        "tags": {
          "addr:city": "Colombo 2",
          "addr:housenumber": "137",
          "addr:street": "Sir James Peiris Mawatha",
          "building": "retail",
          "building:levels": "11",
          "changing_table": "yes",
          "changing_table:fee": "no",
          "changing_table:location": "dedicated_room",
          "check_date": "2022-11-26",
          "email": "info@colombocitycentre.lk",
          "height": "40",
          "image": "https://photos.app.goo.gl/BfzeVRWjWpUtixfW6",
          "name": "Colombo City Center",
          "name:en": "Colombo City Center",
          "opening_hours": "Mo-Fr 08:30-22:00; Sa, Su 08:00-22:00; PH off",
          "operator": "Abans Group",
          "roof:shape": "flat",
          "shop": "mall",
          "start_date": "2020",
          "toilets": "yes",
          "toilets:access": "permissive",
          "website": "https://www.colombocitycentre.lk/",
          "wheelchair": "limited",
          "wikidata": "Q30674562",
          "wikipedia": "en:Colombo City Centre"
        },
        "zone": "context"
      },
      "type": "Feature"
    },
    {
      "geometry": {
        "coordinates": [
          [
            79.8579743,
            6.9206253
          ],
          [
            79.8578927,
            6.9204519
          ],
          [
            79.8581447,
            6.9203351
          ],
          [
            79.8582263,
            6.9205086
          ],
          [
            79.8579743,
            6.9206253
          ]
        ],
        "type": "LineString"
      },
      "id": "way/728805220",
      "properties": {
        "feature_type": "poi",
        "in_core": true,
        "kind": "shop=supermarket",
        "linked_way_ids": [],
        "osm_id": 728805220,
        "osm_type": "way",
        "tags": {
          "addr:city": "Colombo 07",
          "addr:housenumber": "267",
          "addr:street": "Union Place",
          "branch": "Union Place",
          "brand": "Spar",
          "brand:wikidata": "Q610492",
          "brand:wikipedia": "en:SPAR (retailer)",
          "building": "commercial",
          "name": "Spar",
          "opening_hours": "Mo-Su 07:00-23:00",
          "shop": "supermarket"
        },
        "zone": "core"
      },
      "type": "Feature"
    },
    {
      "geometry": {
        "coordinates": [
          [
            79.8658056,
            6.9198612
          ],
          [
            79.8659011,
            6.9196982
          ],
          [
            79.8657572,
            6.9196186
          ],
          [
            79.8656681,
            6.9197639
          ],
          [
            79.8656477,
            6.9197993
          ],
          [
            79.8656414,
            6.9198094
          ],
          [
            79.8658056,
            6.9198612
          ]
        ],
        "type": "LineString"
      },
      "id": "way/792744612",
      "properties": {
        "feature_type": "poi",
        "in_core": false,
        "kind": "amenity=hospital",
        "linked_way_ids": [],
        "osm_id": 792744612,
        "osm_type": "way",
        "tags": {
          "addr:city": "Colombo 10",
          "addr:housenumber": "No 29",
          "addr:street": "De Saram Place",
          "amenity": "hospital",
          "check_date": "2025-01-09",
          "emergency": "no",
          "healthcare": "hospital",
          "healthcare:speciality": "community",
          "name": "National STD / AIDS Control Programme (NSACP)",
          "website": "https://www.aidscontrol.gov.lk/"
        },
        "zone": "context"
      },
      "type": "Feature"
    },
    {
      "geometry": {
        "coordinates": [
          [
            79.8593436,
            6.9154345
          ],
          [
            79.8594211,
            6.9152952
          ],
          [
            79.8598212,
            6.9155145
          ],
          [
            79.8597438,
            6.9156538
          ],
          [
            79.8593436,
            6.9154345
          ]
        ],
        "type": "LineString"
      },
      "id": "way/839348521",
      "properties": {
        "feature_type": "poi",
        "in_core": false,
        "kind": "amenity=parking",
        "linked_way_ids": [],
        "osm_id": 839348521,
        "osm_type": "way",
        "tags": {
          "amenity": "parking",
          "parking": "surface",
          "surface": "asphalt"
        },
        "zone": "context"
      },
      "type": "Feature"
    },
    {
      "geometry": {
        "coordinates": [
          [
            79.8590069,
            6.9148415
          ],
          [
            79.8590734,
            6.914706
          ],
          [
            79.859304,
            6.9148174
          ],
          [
            79.8592375,
            6.9149529
          ],
          [
            79.8590069,
            6.9148415
          ]
        ],
        "type": "LineString"
      },
      "id": "way/839348523",
      "properties": {
        "feature_type": "poi",
        "in_core": false,
        "kind": "amenity=parking",
        "linked_way_ids": [],
        "osm_id": 839348523,
        "osm_type": "way",
        "tags": {
          "access": "customers",
          "amenity": "parking",
          "fee": "no",
          "parking": "surface"
        },
        "zone": "context"
      },
      "type": "Feature"
    },
    {
      "geometry": {
        "coordinates": [
          [
            79.8450139,
            6.9262394
          ],
          [
            79.8450974,
            6.9263929
          ],
          [
            79.8454065,
            6.9264785
          ],
          [
            79.8455326,
            6.926407
          ],
          [
            79.8457157,
            6.9264559
          ],
          [
            79.845747,
            6.9265463
          ],
          [
            79.8456512,
            6.9269229
          ],
          [
            79.8454928,
            6.9269982
          ],
          [
            79.8454663,
            6.9270838
          ],
          [
            79.8456028,
            6.9271253
          ],
          [
            79.8455345,
            6.9273832
          ],
          [
            79.8453572,
            6.9280525
          ],
          [
            79.845305,
            6.9280403
          ],
          [
            79.845298,
            6.9280608
          ],
          [
            79.8452461,
            6.9282133
          ],
          [
            79.8451372,
            6.928558
          ],
          [
            79.8450784,
            6.9285505
          ],
          [
            79.8450547,
            6.9286475
          ],
          [
            79.8446754,
            6.928542
          ],
          [
            79.8446071,
            6.9287463
          ],
          [
            79.844388,
            6.9287378
          ],
          [
            79.8440495,
            6.9286428
          ],
          [
            79.8441823,
            6.9281721
          ],
          [
            79.8445218,
            6.9282681
          ],
          [
            79.8445986,
            6.927965
          ],
          [
            79.8443141,
            6.9278765
          ],
          [
            79.8445369,
            6.927193
          ],
          [
            79.8445796,
            6.9272006
          ],
          [
            79.8446612,
            6.926872
          ],
          [
            79.8447171,
            6.9268833
          ],
          [
            79.844573,
            6.9266348
          ],
          [
            79.8446649,
            6.9263401
          ],
          [
            79.84492,
            6.9262196
          ],
          [
            79.8449491,
            6.9262257
          ],
          [
            79.8450139,
            6.9262394
          ]
        ],
        "type": "LineString"
      },
      "id": "way/839411964",
      "properties": {
        "feature_type": "poi",
        "in_core": false,
        "kind": "shop=mall",
        "linked_way_ids": [],
        "osm_id": 839411964,
        "osm_type": "way",
        "tags": {
          "addr:housenumber": "1A",
          "addr:street": "Center Road",
          "air_conditioning": "yes",
          "building": "commercial",
          "building:levels": "7",
          "check_date": "2023-04-12",
          "email": "info@onegalleface.com",
          "height": "30",
          "name": "One Galle Face",
          "name:zh": "加勒菲斯一號商城",
          "name:zh-Hans": "加勒菲斯一号商城",
          "name:zh-Hant": "加勒菲斯一號商城",
          "name:zh-Latn-pinyin": "Jiālèfēisī Yīhào Shāngchéng",
          "opening_hours": "10:00-22:00",
          "operator": "Shangri-La",
          "payment:american_express": "yes",
          "payment:cards": "yes",
          "payment:cash": "yes",
          "payment:contactless": "yes",
          "payment:credit_cards": "yes",
          "payment:debit_cards": "yes",
          "payment:mastercard": "yes",
          "payment:nfc": "yes",
          "payment:visa": "yes",
          "payment:visa_debit": "yes",
          "phone": "+94 117 869 869",
          "roof:shape": "flat",
          "shop": "mall",
          "short_name": "OGF",
          "stroller": "yes",
          "website": "https://www.onegalleface.com/",
          "wheelchair": "yes",
          "wikidata": "Q30624347",
          "wikimedia_commons": "Category:One Galle Face",
          "wikipedia": "en:One Galle Face"
        },
        "zone": "context"
      },
      "type": "Feature"
    },
    {
      "geometry": {
        "coordinates": [
          [
            79.8543665,
            6.9351572
          ],
          [
            79.8544411,
            6.9351512
          ],
          [
            79.8544637,
            6.9351495
          ],
          [
            79.854456,
            6.9350898
          ],
          [
            79.8544373,
            6.9350908
          ],
          [
            79.8543614,
            6.9350953
          ],
          [
            79.8543665,
            6.9351572
          ]
        ],
        "type": "LineString"
      },
      "id": "way/971368295",
      "properties": {
        "feature_type": "poi",
        "in_core": true,
        "kind": "public_transport=station",
        "linked_way_ids": [],
        "osm_id": 971368295,
        "osm_type": "way",
        "tags": {
          "amenity": "bus_station",
          "building": "roof",
          "bus": "yes",
          "designation": "Central Bus Station",
          "int_name": "Central Bus Station",
          "name": "Central Bus Station",
          "name:ru": "Центральный автовокзал",
          "public_transport": "station",
          "toilets:wheelchair": "no",
          "wheelchair": "no",
          "wikidata": "Q5060488"
        },
        "zone": "core"
      },
      "type": "Feature"
    },
    {
      "geometry": {
        "coordinates": [
          [
            79.854345,
            6.9348953
          ],
          [
            79.8542136,
            6.934906
          ],
          [
            79.8542304,
            6.9351147
          ],
          [
            79.8542338,
            6.935147
          ],
          [
            79.8542605,
            6.9354765
          ],
          [
            79.8543918,
            6.9354659
          ],
          [
            79.8543665,
            6.9351572
          ],
          [
            79.8543614,
            6.9350953
          ],
          [
            79.854345,
            6.9348953
          ]
        ],
        "type": "LineString"
      },
      "id": "way/971368296",
      "properties": {
        "feature_type": "poi",
        "in_core": true,
        "kind": "public_transport=station",
        "linked_way_ids": [],
        "osm_id": 971368296,
        "osm_type": "way",
        "tags": {
          "amenity": "bus_station",
          "building": "yes",
          "building:levels": "2",
          "bus": "yes",
          "designation": "Central Bus Station",
          "int_name": "Central Bus Station",
          "name": "Central Bus Station",
          "name:ru": "Центральный автовокзал",
          "public_transport": "station",
          "toilets:wheelchair": "no",
          "wheelchair": "no",
          "wikidata": "Q5060488"
        },
        "zone": "core"
      },
      "type": "Feature"
    },
    {
      "geometry": {
        "coordinates": [
          [
            79.8648306,
            6.918997
          ],
          [
            79.8651793,
            6.9191781
          ],
          [
            79.8656782,
            6.9182408
          ],
          [
            79.8650398,
            6.9179
          ],
          [
            79.8648306,
            6.918997
          ]
        ],
        "type": "LineString"
      },
      "id": "way/1025135715",
      "properties": {
        "feature_type": "poi",
        "in_core": false,
        "kind": "amenity=hospital",
        "linked_way_ids": [],
        "osm_id": 1025135715,
        "osm_type": "way",
        "tags": {
          "amenity": "hospital",
          "healthcare": "hospital",
          "name": "National Eye Hospital"
        },
        "zone": "context"
      },
      "type": "Feature"
    },
    {
      "geometry": {
        "coordinates": [
          [
            79.8496757,
            6.9280321
          ],
          [
            79.8497931,
            6.9279995
          ],
          [
            79.8497418,
            6.9278174
          ],
          [
            79.8496244,
            6.9278499
          ],
          [
            79.8496757,
            6.9280321
          ]
        ],
        "type": "LineString"
      },
      "id": "way/1028868101",
      "properties": {
        "feature_type": "poi",
        "in_core": true,
        "kind": "amenity=fuel",
        "linked_way_ids": [],
        "osm_id": 1028868101,
        "osm_type": "way",
        "tags": {
          "amenity": "fuel",
          "brand": "Ceypetco",
          "brand:wikidata": "Q5065795",
          "brand:wikipedia": "en:Ceylon Petroleum Corporation",
          "name": "Ceypetco"
        },
        "zone": "core"
      },
      "type": "Feature"
    },
    {
      "geometry": {
        "coordinates": [
          [
            79.8648435,
            6.9230142
          ],
          [
            79.8648396,
            6.9230696
          ],
          [
            79.8654433,
            6.9230645
          ],
          [
            79.8654901,
            6.9230103
          ],
          [
            79.8648435,
            6.9230142
          ]
        ],
        "type": "LineString"
      },
      "id": "way/1030128486",
      "properties": {
        "feature_type": "poi",
        "in_core": true,
        "kind": "amenity=parking",
        "linked_way_ids": [],
        "osm_id": 1030128486,
        "osm_type": "way",
        "tags": {
          "amenity": "parking"
        },
        "zone": "core"
      },
      "type": "Feature"
    },
    {
      "geometry": {
        "coordinates": [
          [
            79.8655609,
            6.9231904
          ],
          [
            79.865646,
            6.9232248
          ],
          [
            79.8657657,
            6.9229723
          ],
          [
            79.865689,
            6.9229296
          ],
          [
            79.8655609,
            6.9231904
          ]
        ],
        "type": "LineString"
      },
      "id": "way/1030128487",
      "properties": {
        "feature_type": "poi",
        "in_core": true,
        "kind": "amenity=parking",
        "linked_way_ids": [],
        "osm_id": 1030128487,
        "osm_type": "way",
        "tags": {
          "amenity": "parking"
        },
        "zone": "core"
      },
      "type": "Feature"
    },
    {
      "geometry": {
        "coordinates": [
          [
            79.8661949,
            6.9171518
          ],
          [
            79.8662636,
            6.9174322
          ],
          [
            79.8664457,
            6.9173882
          ],
          [
            79.866514,
            6.9172953
          ],
          [
            79.866482,
            6.9171648
          ],
          [
            79.8664192,
            6.91718
          ],
          [
            79.8664001,
            6.9171022
          ],
          [
            79.8661949,
            6.9171518
          ]
        ],
        "type": "LineString"
      },
      "id": "way/1030141171",
      "properties": {
        "feature_type": "poi",
        "in_core": false,
        "kind": "amenity=parking",
        "linked_way_ids": [],
        "osm_id": 1030141171,
        "osm_type": "way",
        "tags": {
          "access": "private",
          "amenity": "parking",
          "fee": "no",
          "parking": "surface",
          "surface": "ground"
        },
        "zone": "context"
      },
      "type": "Feature"
    },
    {
      "geometry": {
        "coordinates": [
          [
            79.8539883,
            6.9356045
          ],
          [
            79.8540663,
            6.9355922
          ],
          [
            79.8541484,
            6.9355792
          ],
          [
            79.8540738,
            6.9350031
          ],
          [
            79.8539797,
            6.9350149
          ],
          [
            79.8539156,
            6.935023
          ],
          [
            79.8539883,
            6.9356045
          ]
        ],
        "type": "LineString"
      },
      "id": "way/1030162925",
      "properties": {
        "feature_type": "poi",
        "in_core": false,
        "kind": "public_transport=station",
        "linked_way_ids": [],
        "osm_id": 1030162925,
        "osm_type": "way",
        "tags": {
          "amenity": "bus_station",
          "building": "yes",
          "bus": "yes",
          "layer": "1",
          "public_transport": "station"
        },
        "zone": "context"
      },
      "type": "Feature"
    },
    {
      "geometry": {
        "coordinates": [
          [
            79.8649323,
            6.9155906
          ],
          [
            79.8650732,
            6.9155816
          ],
          [
            79.8650601,
            6.9153792
          ],
          [
            79.8649192,
            6.9153882
          ],
          [
            79.8649323,
            6.9155906
          ]
        ],
        "type": "LineString"
      },
      "id": "way/1030204391",
      "properties": {
        "feature_type": "poi",
        "in_core": false,
        "kind": "amenity=fuel",
        "linked_way_ids": [],
        "osm_id": 1030204391,
        "osm_type": "way",
        "tags": {
          "addr:city": "Colombo 07",
          "addr:street": "Alexandra Place",
          "amenity": "fuel",
          "brand": "Ceypetco",
          "brand:wikidata": "Q5065795",
          "brand:wikipedia": "en:Ceylon Petroleum Corporation",
          "compressed_air": "yes",
          "fuel:diesel": "yes",
          "fuel:octane_92": "yes",
          "fuel:octane_95": "yes",
          "fuel:octane_98": "yes",
          "name": "Ceypetco",
          "self_service": "no"
        },
        "zone": "context"
      },
      "type": "Feature"
    },
    {
      "geometry": {
        "coordinates": [
          [
            79.8453797,
            6.9283254
          ],
          [
            79.8454544,
            6.9283511
          ],
          [
            79.8454841,
            6.928266
          ],
          [
            79.8454094,
            6.9282403
          ],
          [
            79.8453797,
            6.9283254
          ]
        ],
        "type": "LineString"
      },
      "id": "way/1030293019",
      "properties": {
        "feature_type": "barrier",
        "in_core": false,
        "kind": "toll_booth",
        "linked_way_ids": [],
        "osm_id": 1030293019,
        "osm_type": "way",
        "tags": {
          "area": "yes",
          "barrier": "toll_booth",
          "building": "roof",
          "layer": "1"
        },
        "zone": "context"
      },
      "type": "Feature"
    },
    {
      "geometry": {
        "coordinates": [
          [
            79.8649063,
            6.9146324
          ],
          [
            79.8650569,
            6.914621
          ],
          [
            79.8650515,
            6.9145441
          ],
          [
            79.8648999,
            6.9145555
          ],
          [
            79.8649063,
            6.9146324
          ]
        ],
        "type": "LineString"
      },
      "id": "way/1030776967",
      "properties": {
        "feature_type": "poi",
        "in_core": false,
        "kind": "amenity=restaurant",
        "linked_way_ids": [],
        "osm_id": 1030776967,
        "osm_type": "way",
        "tags": {
          "addr:housenumber": "45A",
          "addr:street": "Alexandra Place",
          "amenity": "restaurant",
          "building": "yes",
          "check_date": "2023-04-06",
          "cuisine": "arabic;indian;chinese",
          "drive_through": "no",
          "name": "Sulthan Palace",
          "name:en": "Sulthan Palace",
          "opening_hours": "Mo-Su 09:00-00:00",
          "payment:mastercard": "yes",
          "payment:visa": "yes",
          "phone": "+94 115 639 919",
          "wheelchair": "yes"
        },
        "zone": "relation_completion"
      },
      "type": "Feature"
    },
    {
      "geometry": {
        "coordinates": [
          [
            79.8648999,
            6.9145555
          ],
          [
            79.8648934,
            6.9144698
          ],
          [
            79.865045,
            6.9144584
          ],
          [
            79.8650515,
            6.9145441
          ],
          [
            79.8648999,
            6.9145555
          ]
        ],
        "type": "LineString"
      },
      "id": "way/1030776968",
      "properties": {
        "feature_type": "poi",
        "in_core": false,
        "kind": "amenity=restaurant",
        "linked_way_ids": [],
        "osm_id": 1030776968,
        "osm_type": "way",
        "tags": {
          "amenity": "restaurant",
          "building": "yes",
          "check_date": "2023-04-06",
          "cuisine": "indian",
          "diet:vegetarian": "yes",
          "name": "Malar cafe;Malar Cafe",
          "payment:mastercard": "yes",
          "payment:visa": "yes",
          "wheelchair": "yes"
        },
        "zone": "relation_completion"
      },
      "type": "Feature"
    },
    {
      "geometry": {
        "coordinates": [
          [
            79.8613634,
            6.9173362
          ],
          [
            79.8614497,
            6.917504
          ],
          [
            79.8614845,
            6.9175716
          ],
          [
            79.8616915,
            6.9174667
          ],
          [
            79.8615705,
            6.9172312
          ],
          [
            79.8615274,
            6.9172531
          ],
          [
            79.8613634,
            6.9173362
          ]
        ],
        "type": "LineString"
      },
      "id": "way/1030776971",
      "properties": {
        "feature_type": "poi",
        "in_core": false,
        "kind": "amenity=parking",
        "linked_way_ids": [],
        "osm_id": 1030776971,
        "osm_type": "way",
        "tags": {
          "amenity": "parking"
        },
        "zone": "context"
      },
      "type": "Feature"
    },
    {
      "geometry": {
        "coordinates": [
          [
            79.8643251,
            6.9203604
          ],
          [
            79.8644326,
            6.9197275
          ],
          [
            79.8643866,
            6.9197197
          ],
          [
            79.8636835,
            6.9200094
          ],
          [
            79.8635724,
            6.9197434
          ],
          [
            79.8632536,
            6.9198747
          ],
          [
            79.8633336,
            6.9200661
          ],
          [
            79.8629648,
            6.920218
          ],
          [
            79.8629221,
            6.9201157
          ],
          [
            79.8626117,
            6.9202435
          ],
          [
            79.8629543,
            6.9202017
          ],
          [
            79.8629654,
            6.920291
          ],
          [
            79.8631723,
            6.9202657
          ],
          [
            79.8631996,
            6.9204855
          ],
          [
            79.862823,
            6.9205315
          ],
          [
            79.8628397,
            6.9206655
          ],
          [
            79.8631624,
            6.9208333
          ],
          [
            79.863346,
            6.9206963
          ],
          [
            79.8632169,
            6.9205258
          ],
          [
            79.8632546,
            6.9204977
          ],
          [
            79.8640382,
            6.9204952
          ],
          [
            79.8643251,
            6.9203604
          ]
        ],
        "type": "LineString"
      },
      "id": "way/1030776984",
      "properties": {
        "feature_type": "poi",
        "in_core": true,
        "kind": "amenity=parking",
        "linked_way_ids": [],
        "osm_id": 1030776984,
        "osm_type": "way",
        "tags": {
          "amenity": "parking"
        },
        "zone": "core"
      },
      "type": "Feature"
    },
    {
      "geometry": {
        "coordinates": [
          [
            79.8576444,
            6.9137434
          ],
          [
            79.8577268,
            6.9137904
          ],
          [
            79.8575032,
            6.9141929
          ],
          [
            79.8570875,
            6.9139652
          ],
          [
            79.8573187,
            6.9135491
          ],
          [
            79.8574257,
            6.9136228
          ],
          [
            79.8573049,
            6.9138388
          ],
          [
            79.8575236,
            6.9139594
          ],
          [
            79.8576444,
            6.9137434
          ]
        ],
        "type": "LineString"
      },
      "id": "way/1030875662",
      "properties": {
        "feature_type": "poi",
        "in_core": false,
        "kind": "amenity=parking",
        "linked_way_ids": [],
        "osm_id": 1030875662,
        "osm_type": "way",
        "tags": {
          "amenity": "parking"
        },
        "zone": "context"
      },
      "type": "Feature"
    },
    {
      "geometry": {
        "coordinates": [
          [
            79.8581064,
            6.920769
          ],
          [
            79.8580623,
            6.9206714
          ],
          [
            79.8582921,
            6.920569
          ],
          [
            79.8583362,
            6.9206667
          ],
          [
            79.8581064,
            6.920769
          ]
        ],
        "type": "LineString"
      },
      "id": "way/1037036488",
      "properties": {
        "feature_type": "poi",
        "in_core": true,
        "kind": "amenity=parking",
        "linked_way_ids": [],
        "osm_id": 1037036488,
        "osm_type": "way",
        "tags": {
          "access": "customers",
          "amenity": "parking",
          "fee": "no",
          "operator": "Spar",
          "parking": "surface"
        },
        "zone": "core"
      },
      "type": "Feature"
    },
    {
      "geometry": {
        "coordinates": [
          [
            79.8581658,
            6.917214
          ],
          [
            79.8581078,
            6.9172869
          ],
          [
            79.8582289,
            6.9173819
          ],
          [
            79.8582774,
            6.917321
          ],
          [
            79.8583031,
            6.9173412
          ],
          [
            79.8583646,
            6.917264
          ],
          [
            79.8583339,
            6.9172399
          ],
          [
            79.858369,
            6.9171956
          ],
          [
            79.8582626,
            6.9171072
          ],
          [
            79.8582298,
            6.9171484
          ],
          [
            79.8581566,
            6.917091
          ],
          [
            79.8580997,
            6.9171622
          ],
          [
            79.8581658,
            6.917214
          ]
        ],
        "type": "LineString"
      },
      "id": "way/1054624872",
      "properties": {
        "feature_type": "poi",
        "in_core": false,
        "kind": "tourism=hotel",
        "linked_way_ids": [],
        "osm_id": 1054624872,
        "osm_type": "way",
        "tags": {
          "building": "yes",
          "internet_access": "yes",
          "name": "Residence on Park Street",
          "tourism": "hotel",
          "website": "https://www.residenceonparkstreet.com/"
        },
        "zone": "context"
      },
      "type": "Feature"
    },
    {
      "geometry": {
        "coordinates": [
          [
            79.8591061,
            6.9165623
          ],
          [
            79.85921,
            6.9164671
          ],
          [
            79.8592177,
            6.91646
          ],
          [
            79.859289,
            6.9163626
          ],
          [
            79.8593238,
            6.916293
          ],
          [
            79.8590805,
            6.9162367
          ],
          [
            79.8590507,
            6.9162168
          ],
          [
            79.8589818,
            6.9163142
          ],
          [
            79.8590214,
            6.9163305
          ],
          [
            79.8590142,
            6.9163392
          ],
          [
            79.8589385,
            6.916431
          ],
          [
            79.8590805,
            6.9165787
          ],
          [
            79.8591061,
            6.9165623
          ]
        ],
        "type": "LineString"
      },
      "id": "way/1054624883",
      "properties": {
        "feature_type": "poi",
        "in_core": false,
        "kind": "amenity=hospital",
        "linked_way_ids": [],
        "osm_id": 1054624883,
        "osm_type": "way",
        "tags": {
          "amenity": "hospital",
          "building": "yes",
          "healthcare": "hospital",
          "name": "Ceylinco Healthcare Centre",
          "source": "https://www.ceylincohealth.lk/"
        },
        "zone": "context"
      },
      "type": "Feature"
    },
    {
      "geometry": {
        "coordinates": [
          [
            79.8457615,
            6.921014
          ],
          [
            79.8457877,
            6.9210624
          ],
          [
            79.8459586,
            6.9211138
          ],
          [
            79.8460033,
            6.9209712
          ],
          [
            79.8459122,
            6.9209436
          ],
          [
            79.8459199,
            6.9209163
          ],
          [
            79.8458055,
            6.9208815
          ],
          [
            79.8457615,
            6.921014
          ]
        ],
        "type": "LineString"
      },
      "id": "way/1102458997",
      "properties": {
        "feature_type": "poi",
        "in_core": false,
        "kind": "amenity=parking",
        "linked_way_ids": [],
        "osm_id": 1102458997,
        "osm_type": "way",
        "tags": {
          "access": "customers",
          "amenity": "parking",
          "fee": "no",
          "operator": "Breeze Barracuda Parking lot",
          "operator:type": "business",
          "parking": "surface",
          "surface": "ground"
        },
        "zone": "relation_completion"
      },
      "type": "Feature"
    },
    {
      "geometry": {
        "coordinates": [
          [
            79.8556343,
            6.917942
          ],
          [
            79.8558116,
            6.917643
          ],
          [
            79.8558402,
            6.9176822
          ],
          [
            79.8559065,
            6.917773
          ],
          [
            79.8559622,
            6.9178593
          ],
          [
            79.8559699,
            6.9179027
          ],
          [
            79.8559498,
            6.9179499
          ],
          [
            79.8559168,
            6.9179857
          ],
          [
            79.8558621,
            6.9180044
          ],
          [
            79.8558044,
            6.9180063
          ],
          [
            79.8556343,
            6.917942
          ]
        ],
        "type": "LineString"
      },
      "id": "way/1106737200",
      "properties": {
        "feature_type": "poi",
        "in_core": false,
        "kind": "amenity=parking",
        "linked_way_ids": [],
        "osm_id": 1106737200,
        "osm_type": "way",
        "tags": {
          "access": "customers",
          "amenity": "parking",
          "building:part": "yes",
          "fee": "yes",
          "parking": "multi-storey"
        },
        "zone": "context"
      },
      "type": "Feature"
    },
    {
      "geometry": {
        "coordinates": [
          [
            79.8505899,
            6.9168678
          ],
          [
            79.8505689,
            6.9168829
          ],
          [
            79.8505979,
            6.9169225
          ],
          [
            79.8506409,
            6.9168914
          ],
          [
            79.850612,
            6.9168518
          ],
          [
            79.8505899,
            6.9168678
          ]
        ],
        "type": "LineString"
      },
      "id": "way/1107984925",
      "properties": {
        "feature_type": "barrier",
        "in_core": false,
        "kind": "fence",
        "linked_way_ids": [],
        "osm_id": 1107984925,
        "osm_type": "way",
        "tags": {
          "barrier": "fence",
          "fence_type": "bars",
          "height": "1.7"
        },
        "zone": "context"
      },
      "type": "Feature"
    },
    {
      "geometry": {
        "coordinates": [
          [
            79.8544203,
            6.915729
          ],
          [
            79.8537629,
            6.9160255
          ],
          [
            79.8536963,
            6.9160562
          ],
          [
            79.8533759,
            6.9162088
          ]
        ],
        "type": "LineString"
      },
      "id": "way/1108565109",
      "properties": {
        "feature_type": "barrier",
        "in_core": false,
        "kind": "fence",
        "linked_way_ids": [],
        "osm_id": 1108565109,
        "osm_type": "way",
        "tags": {
          "barrier": "fence",
          "fence_type": "metal",
          "height": "2.2"
        },
        "zone": "context"
      },
      "type": "Feature"
    },
    {
      "geometry": {
        "coordinates": [
          [
            79.8505562,
            6.9337115
          ],
          [
            79.8505559,
            6.9336607
          ],
          [
            79.8513657,
            6.9335886
          ],
          [
            79.8513677,
            6.933611
          ],
          [
            79.8513702,
            6.933639
          ],
          [
            79.8511788,
            6.9336561
          ],
          [
            79.8510486,
            6.9336676
          ],
          [
            79.8510353,
            6.9336688
          ],
          [
            79.8509318,
            6.933678
          ],
          [
            79.8509109,
            6.9336799
          ],
          [
            79.8507938,
            6.9336903
          ],
          [
            79.8507087,
            6.9336979
          ],
          [
            79.8505759,
            6.9337097
          ],
          [
            79.8505562,
            6.9337115
          ]
        ],
        "type": "LineString"
      },
      "id": "way/1125981555",
      "properties": {
        "feature_type": "poi",
        "in_core": false,
        "kind": "public_transport=platform",
        "linked_way_ids": [],
        "osm_id": 1125981555,
        "osm_type": "way",
        "tags": {
          "bench": "yes",
          "bin": "yes",
          "departures_board": "timetable",
          "lit": "yes",
          "operator": "Sri Lanka Railways",
          "public_transport": "platform",
          "railway": "platform",
          "ref": "Colombo Fort Platform 01",
          "shelter": "yes",
          "surface": "concrete",
          "train": "yes"
        },
        "zone": "context"
      },
      "type": "Feature"
    },
    {
      "geometry": {
        "coordinates": [
          [
            79.8544152,
            6.9376106
          ],
          [
            79.8543293,
            6.9365695
          ],
          [
            79.8554129,
            6.936495
          ],
          [
            79.8554398,
            6.9369077
          ],
          [
            79.855834,
            6.9374855
          ],
          [
            79.8560272,
            6.9374109
          ],
          [
            79.8561345,
            6.9376399
          ],
          [
            79.8547317,
            6.9377491
          ],
          [
            79.8547129,
            6.9376053
          ],
          [
            79.8544152,
            6.9376106
          ]
        ],
        "type": "LineString"
      },
      "id": "way/1150182056",
      "properties": {
        "feature_type": "poi",
        "in_core": false,
        "kind": "amenity=parking",
        "linked_way_ids": [],
        "osm_id": 1150182056,
        "osm_type": "way",
        "tags": {
          "amenity": "parking"
        },
        "zone": "context"
      },
      "type": "Feature"
    },
    {
      "geometry": {
        "coordinates": [
          [
            79.8543451,
            6.9380438
          ],
          [
            79.854114,
            6.9380479
          ],
          [
            79.8541228,
            6.9385333
          ],
          [
            79.8543538,
            6.9385292
          ],
          [
            79.8543451,
            6.9380438
          ]
        ],
        "type": "LineString"
      },
      "id": "way/1164774102",
      "properties": {
        "feature_type": "poi",
        "in_core": false,
        "kind": "amenity=marketplace",
        "linked_way_ids": [],
        "osm_id": 1164774102,
        "osm_type": "way",
        "tags": {
          "addr:housename": "Old Town Hall",
          "amenity": "marketplace",
          "building": "yes",
          "name": "Edinburgh Hall"
        },
        "zone": "context"
      },
      "type": "Feature"
    },
    {
      "geometry": {
        "coordinates": [
          [
            79.8585306,
            6.927888
          ],
          [
            79.858533,
            6.9278927
          ],
          [
            79.8585507,
            6.9278832
          ],
          [
            79.858595,
            6.9278594
          ],
          [
            79.8586892,
            6.9278087
          ],
          [
            79.8587644,
            6.9277683
          ],
          [
            79.8588661,
            6.9277135
          ],
          [
            79.8589212,
            6.9276848
          ]
        ],
        "type": "LineString"
      },
      "id": "way/1205550573",
      "properties": {
        "feature_type": "barrier",
        "in_core": true,
        "kind": "fence",
        "linked_way_ids": [],
        "osm_id": 1205550573,
        "osm_type": "way",
        "tags": {
          "barrier": "fence"
        },
        "zone": "core"
      },
      "type": "Feature"
    },
    {
      "geometry": {
        "coordinates": [
          [
            79.8701433,
            6.9164745
          ],
          [
            79.8703643,
            6.9164304
          ],
          [
            79.870417,
            6.9166908
          ],
          [
            79.870196,
            6.9167349
          ],
          [
            79.8701433,
            6.9164745
          ]
        ],
        "type": "LineString"
      },
      "id": "way/1229424582",
      "properties": {
        "feature_type": "poi",
        "in_core": false,
        "kind": "tourism=hotel",
        "linked_way_ids": [],
        "osm_id": 1229424582,
        "osm_type": "way",
        "tags": {
          "addr:city": "Colombo 07",
          "addr:street": "Ward Place",
          "building": "yes",
          "building:levels": "17",
          "check_date": "2024-08-09",
          "image": "https://photos.app.goo.gl/wtPKRSm157ecey676",
          "name": "Jetwing Colombo Seven",
          "operator": "Jetwing",
          "tourism": "hotel"
        },
        "zone": "relation_completion"
      },
      "type": "Feature"
    },
    {
      "geometry": {
        "coordinates": [
          [
            79.8680307,
            6.9171843
          ],
          [
            79.8680447,
            6.9172183
          ],
          [
            79.868069,
            6.917246
          ],
          [
            79.8681017,
            6.9172648
          ],
          [
            79.8681389,
            6.917272
          ],
          [
            79.8681764,
            6.9172666
          ],
          [
            79.86821,
            6.9172494
          ],
          [
            79.8682361,
            6.9172221
          ],
          [
            79.8682517,
            6.9171879
          ],
          [
            79.8682552,
            6.9171505
          ],
          [
            79.8682461,
            6.917114
          ],
          [
            79.8682255,
            6.9170825
          ],
          [
            79.8681956,
            6.9170594
          ],
          [
            79.8681597,
            6.9170474
          ],
          [
            79.8681227,
            6.9170475
          ],
          [
            79.8680878,
            6.9170594
          ],
          [
            79.8680585,
            6.9170818
          ],
          [
            79.868038,
            6.9171123
          ],
          [
            79.8680284,
            6.9171477
          ],
          [
            79.8680307,
            6.9171843
          ]
        ],
        "type": "LineString"
      },
      "id": "way/1245766578",
      "properties": {
        "feature_type": "poi",
        "in_core": false,
        "kind": "amenity=hospital",
        "linked_way_ids": [],
        "osm_id": 1245766578,
        "osm_type": "way",
        "tags": {
          "amenity": "hospital",
          "healthcare": "hospital"
        },
        "zone": "relation_completion"
      },
      "type": "Feature"
    },
    {
      "geometry": {
        "coordinates": [
          [
            79.8607929,
            6.9330753
          ],
          [
            79.8608454,
            6.9330094
          ],
          [
            79.8608894,
            6.933044
          ],
          [
            79.8608369,
            6.9331099
          ],
          [
            79.8607929,
            6.9330753
          ]
        ],
        "type": "LineString"
      },
      "id": "way/1265414019",
      "properties": {
        "feature_type": "poi",
        "in_core": true,
        "kind": "amenity=cafe",
        "linked_way_ids": [],
        "osm_id": 1265414019,
        "osm_type": "way",
        "tags": {
          "amenity": "cafe",
          "building": "yes"
        },
        "zone": "core"
      },
      "type": "Feature"
    },
    {
      "geometry": {
        "coordinates": [
          [
            79.8486712,
            6.9140966
          ],
          [
            79.8490103,
            6.9129969
          ],
          [
            79.8489511,
            6.9129789
          ]
        ],
        "type": "LineString"
      },
      "id": "way/1348127356",
      "properties": {
        "feature_type": "barrier",
        "in_core": false,
        "kind": "wall",
        "linked_way_ids": [],
        "osm_id": 1348127356,
        "osm_type": "way",
        "tags": {
          "barrier": "wall"
        },
        "zone": "relation_completion"
      },
      "type": "Feature"
    },
    {
      "geometry": {
        "coordinates": [
          [
            79.8480555,
            6.9126358
          ],
          [
            79.8480218,
            6.9126553
          ],
          [
            79.8479334,
            6.9128818
          ],
          [
            79.847784,
            6.9133995
          ],
          [
            79.8476107,
            6.9140886
          ],
          [
            79.8484642,
            6.9143455
          ]
        ],
        "type": "LineString"
      },
      "id": "way/1348127360",
      "properties": {
        "feature_type": "barrier",
        "in_core": false,
        "kind": "wall",
        "linked_way_ids": [],
        "osm_id": 1348127360,
        "osm_type": "way",
        "tags": {
          "barrier": "wall"
        },
        "zone": "relation_completion"
      },
      "type": "Feature"
    },
    {
      "geometry": {
        "coordinates": [
          [
            79.8510609,
            6.9134554
          ],
          [
            79.8509477,
            6.9137811
          ],
          [
            79.8503548,
            6.9155972
          ],
          [
            79.8503338,
            6.91571
          ],
          [
            79.8503326,
            6.9158645
          ],
          [
            79.8503618,
            6.915988
          ],
          [
            79.8504111,
            6.9161166
          ],
          [
            79.8505699,
            6.9164819
          ]
        ],
        "type": "LineString"
      },
      "id": "way/1348666193",
      "properties": {
        "feature_type": "barrier",
        "in_core": false,
        "kind": "wall",
        "linked_way_ids": [],
        "osm_id": 1348666193,
        "osm_type": "way",
        "tags": {
          "barrier": "wall"
        },
        "zone": "context"
      },
      "type": "Feature"
    },
    {
      "geometry": {
        "coordinates": [
          [
            79.8509122,
            6.9134187
          ],
          [
            79.8506903,
            6.9141658
          ],
          [
            79.8503621,
            6.9140757
          ]
        ],
        "type": "LineString"
      },
      "id": "way/1348668145",
      "properties": {
        "feature_type": "barrier",
        "in_core": false,
        "kind": "wall",
        "linked_way_ids": [],
        "osm_id": 1348668145,
        "osm_type": "way",
        "tags": {
          "barrier": "wall"
        },
        "zone": "relation_completion"
      },
      "type": "Feature"
    },
    {
      "geometry": {
        "coordinates": [
          [
            79.8508259,
            6.9142722
          ],
          [
            79.8508429,
            6.914236
          ],
          [
            79.8510534,
            6.9143326
          ]
        ],
        "type": "LineString"
      },
      "id": "way/1348668147",
      "properties": {
        "feature_type": "barrier",
        "in_core": false,
        "kind": "fence",
        "linked_way_ids": [],
        "osm_id": 1348668147,
        "osm_type": "way",
        "tags": {
          "barrier": "fence"
        },
        "zone": "relation_completion"
      },
      "type": "Feature"
    },
    {
      "geometry": {
        "coordinates": [
          [
            79.8480718,
            6.9242976
          ],
          [
            79.8483634,
            6.9243623
          ],
          [
            79.8485575,
            6.9244087
          ],
          [
            79.8481843,
            6.9260165
          ],
          [
            79.8479933,
            6.9259728
          ],
          [
            79.8477934,
            6.9259264
          ],
          [
            79.8469834,
            6.9257418
          ],
          [
            79.8472312,
            6.9246741
          ],
          [
            79.847438,
            6.9244129
          ],
          [
            79.8476448,
            6.9243579
          ],
          [
            79.8480366,
            6.9244489
          ],
          [
            79.8480718,
            6.9242976
          ]
        ],
        "type": "LineString"
      },
      "id": "way/1348853552",
      "properties": {
        "feature_type": "poi",
        "in_core": false,
        "kind": "tourism=hotel",
        "linked_way_ids": [],
        "osm_id": 1348853552,
        "osm_type": "way",
        "tags": {
          "addr:city": "Colombo 02",
          "addr:housenumber": "01",
          "addr:postcode": "00200",
          "addr:street": "Justice Akbar Mawatha",
          "brand": "Cinnamon Hotels",
          "building": "commercial",
          "building:levels": "8",
          "email": "hello@cinnamonhotels.com",
          "height": "40",
          "image": "https://photos.app.goo.gl/vN484MRYiKCagJj3A",
          "internet_access": "yes",
          "name": "Cinnamon Life at City of Dreams",
          "name:en": "Cinnamon Life at City of Dreams",
          "phone": "+94112220000",
          "tourism": "hotel",
          "website": "https://cinnamonhotels.com/cinnamonlife"
        },
        "zone": "context"
      },
      "type": "Feature"
    },
    {
      "geometry": {
        "coordinates": [
          [
            79.8453748,
            6.9204094
          ],
          [
            79.8456218,
            6.9204824
          ]
        ],
        "type": "LineString"
      },
      "id": "way/1430312623",
      "properties": {
        "feature_type": "barrier",
        "in_core": false,
        "kind": "fence",
        "linked_way_ids": [],
        "osm_id": 1430312623,
        "osm_type": "way",
        "tags": {
          "barrier": "fence"
        },
        "zone": "relation_completion"
      },
      "type": "Feature"
    },
    {
      "geometry": {
        "coordinates": [
          [
            79.8457898,
            6.9193018
          ],
          [
            79.8458252,
            6.9193285
          ],
          [
            79.8460652,
            6.9194043
          ]
        ],
        "type": "LineString"
      },
      "id": "way/1430312624",
      "properties": {
        "feature_type": "barrier",
        "in_core": false,
        "kind": "fence",
        "linked_way_ids": [],
        "osm_id": 1430312624,
        "osm_type": "way",
        "tags": {
          "barrier": "fence"
        },
        "zone": "relation_completion"
      },
      "type": "Feature"
    },
    {
      "geometry": {
        "coordinates": [
          [
            79.8454206,
            6.9205908
          ],
          [
            79.8464437,
            6.920914
          ],
          [
            79.8468484,
            6.9196516
          ],
          [
            79.8460652,
            6.9194043
          ],
          [
            79.8458252,
            6.9193285
          ],
          [
            79.8454206,
            6.9205908
          ]
        ],
        "type": "LineString"
      },
      "id": "way/1430312630",
      "properties": {
        "feature_type": "poi",
        "in_core": false,
        "kind": "tourism=hotel",
        "linked_way_ids": [],
        "osm_id": 1430312630,
        "osm_type": "way",
        "tags": {
          "addr:city": "Colombo 003",
          "addr:housenumber": "2",
          "addr:postcode": "00300",
          "addr:street": "Galle Road",
          "bar": "yes",
          "email": "information@gallefacehotel.com",
          "internet_access": "yes",
          "name": "Galle Face Hotel",
          "phone": "+94 11 254 1010",
          "rooms": "156",
          "tourism": "hotel",
          "website": "https://www.gallefacehotel.com/",
          "wikidata": "Q4039225",
          "wikimedia_commons": "Category:Galle Face Hotel",
          "wikipedia": "en:Galle Face Hotel"
        },
        "zone": "context"
      },
      "type": "Feature"
    },
    {
      "geometry": {
        "coordinates": [
          [
            79.8542405,
            6.9333618
          ],
          [
            79.854184,
            6.933181
          ],
          [
            79.8542046,
            6.9331747
          ],
          [
            79.8542328,
            6.933166
          ],
          [
            79.8542527,
            6.9331599
          ],
          [
            79.854412,
            6.9331108
          ],
          [
            79.8544466,
            6.9332216
          ],
          [
            79.8544685,
            6.9332915
          ],
          [
            79.8542405,
            6.9333618
          ]
        ],
        "type": "LineString"
      },
      "id": "way/1466841981",
      "properties": {
        "feature_type": "poi",
        "in_core": true,
        "kind": "amenity=cafe",
        "linked_way_ids": [],
        "osm_id": 1466841981,
        "osm_type": "way",
        "tags": {
          "amenity": "cafe",
          "building": "yes",
          "check_date": "2024-12-26",
          "image": "https://photos.app.goo.gl/R31aTEtFd3B629Lt9",
          "name": "Testa Bake House",
          "url": "https://youtu.be/UbfYHmkWmxU?si=bXB1k0z_IqrtgsdV&t=1034"
        },
        "zone": "core"
      },
      "type": "Feature"
    },
    {
      "geometry": {
        "coordinates": [
          [
            79.8601457,
            6.9147357
          ],
          [
            79.8601636,
            6.9147199
          ],
          [
            79.8601972,
            6.914703
          ],
          [
            79.8602339,
            6.9146951
          ],
          [
            79.8602715,
            6.9146966
          ],
          [
            79.8602839,
            6.9147007
          ]
        ],
        "type": "LineString"
      },
      "id": "way/1466879260",
      "properties": {
        "feature_type": "barrier",
        "in_core": false,
        "kind": "wall",
        "linked_way_ids": [],
        "osm_id": 1466879260,
        "osm_type": "way",
        "tags": {
          "barrier": "wall",
          "image": "https://photos.app.goo.gl/bTN3AZyGCiuc3XGb8"
        },
        "zone": "context"
      },
      "type": "Feature"
    },
    {
      "geometry": {
        "coordinates": [
          [
            79.8603201,
            6.9147141
          ],
          [
            79.8603396,
            6.9147269
          ],
          [
            79.8603657,
            6.9147537
          ],
          [
            79.8603776,
            6.9147746
          ],
          [
            79.8603842,
            6.9147862
          ],
          [
            79.860391,
            6.9148116
          ]
        ],
        "type": "LineString"
      },
      "id": "way/1466879261",
      "properties": {
        "feature_type": "barrier",
        "in_core": false,
        "kind": "wall",
        "linked_way_ids": [],
        "osm_id": 1466879261,
        "osm_type": "way",
        "tags": {
          "barrier": "wall",
          "image": "https://photos.app.goo.gl/RwcuqAWgsH27DsHj6"
        },
        "zone": "context"
      },
      "type": "Feature"
    },
    {
      "geometry": {
        "coordinates": [
          [
            79.8535147,
            6.9196177
          ],
          [
            79.853505,
            6.9195621
          ],
          [
            79.8534847,
            6.9195656
          ],
          [
            79.8534787,
            6.9195313
          ],
          [
            79.8535921,
            6.9195118
          ],
          [
            79.8536018,
            6.9195677
          ],
          [
            79.8535751,
            6.9195723
          ],
          [
            79.853581,
            6.9196063
          ],
          [
            79.8535147,
            6.9196177
          ]
        ],
        "type": "LineString"
      },
      "id": "way/1466879265",
      "properties": {
        "feature_type": "poi",
        "in_core": true,
        "kind": "amenity=restaurant",
        "linked_way_ids": [],
        "osm_id": 1466879265,
        "osm_type": "way",
        "tags": {
          "amenity": "restaurant",
          "building": "yes",
          "cuisine": "sandwich"
        },
        "zone": "core"
      },
      "type": "Feature"
    },
    {
      "geometry": {
        "coordinates": [
          [
            79.8447373,
            6.9252811
          ],
          [
            79.8448092,
            6.9252595
          ],
          [
            79.8447435,
            6.9254655
          ],
          [
            79.8446708,
            6.9254863
          ],
          [
            79.8447373,
            6.9252811
          ]
        ],
        "type": "LineString"
      },
      "id": "way/1488713373",
      "properties": {
        "feature_type": "poi",
        "in_core": false,
        "kind": "amenity=parking",
        "linked_way_ids": [],
        "osm_id": 1488713373,
        "osm_type": "way",
        "tags": {
          "amenity": "parking",
          "orientation": "diagonal",
          "parking": "surface"
        },
        "zone": "relation_completion"
      },
      "type": "Feature"
    },
    {
      "geometry": {
        "coordinates": [
          [
            79.8459358,
            6.922117
          ],
          [
            79.8460111,
            6.9220852
          ],
          [
            79.8457833,
            6.9227194
          ],
          [
            79.8456737,
            6.9230229
          ],
          [
            79.8455555,
            6.9233443
          ],
          [
            79.8454633,
            6.9235638
          ],
          [
            79.8453613,
            6.9237995
          ],
          [
            79.8452194,
            6.9241224
          ],
          [
            79.8450951,
            6.9244301
          ],
          [
            79.8449707,
            6.9247802
          ],
          [
            79.8448498,
            6.925142
          ],
          [
            79.8447756,
            6.9251619
          ],
          [
            79.8449133,
            6.9247594
          ],
          [
            79.8450372,
            6.9244105
          ],
          [
            79.8451615,
            6.9241015
          ],
          [
            79.8453017,
            6.9237779
          ],
          [
            79.8454046,
            6.9235449
          ],
          [
            79.8454942,
            6.9233239
          ],
          [
            79.8456158,
            6.9230008
          ],
          [
            79.8457267,
            6.9227022
          ],
          [
            79.8459358,
            6.922117
          ]
        ],
        "type": "LineString"
      },
      "id": "way/1488713376",
      "properties": {
        "feature_type": "poi",
        "in_core": false,
        "kind": "amenity=parking",
        "linked_way_ids": [],
        "osm_id": 1488713376,
        "osm_type": "way",
        "tags": {
          "amenity": "parking",
          "orientation": "diagonal",
          "parking": "surface"
        },
        "zone": "context"
      },
      "type": "Feature"
    },
    {
      "geometry": {
        "coordinates": [
          [
            79.8548291,
            6.9157068
          ],
          [
            79.8548119,
            6.9156184
          ],
          [
            79.8557336,
            6.9153568
          ],
          [
            79.8557705,
            6.9154228
          ],
          [
            79.8554126,
            6.9155276
          ],
          [
            79.854877,
            6.9156927
          ],
          [
            79.8548291,
            6.9157068
          ]
        ],
        "type": "LineString"
      },
      "id": "way/1489521283",
      "properties": {
        "feature_type": "poi",
        "in_core": false,
        "kind": "amenity=parking",
        "linked_way_ids": [],
        "osm_id": 1489521283,
        "osm_type": "way",
        "tags": {
          "amenity": "parking",
          "parking": "surface"
        },
        "zone": "context"
      },
      "type": "Feature"
    },
    {
      "geometry": {
        "coordinates": [
          [
            79.845448,
            6.9205732
          ],
          [
            79.8454354,
            6.9206225
          ],
          [
            79.8454104,
            6.9207245
          ],
          [
            79.8449365,
            6.9222669
          ],
          [
            79.8449226,
            6.9222638
          ],
          [
            79.8449136,
            6.9222924
          ],
          [
            79.8449202,
            6.9222943
          ],
          [
            79.8449273,
            6.9222966
          ],
          [
            79.8443716,
            6.9240291
          ],
          [
            79.8443577,
            6.9240251
          ],
          [
            79.8443493,
            6.9240515
          ],
          [
            79.8443552,
            6.9240529
          ],
          [
            79.8443638,
            6.9240559
          ],
          [
            79.8442352,
            6.9244597
          ],
          [
            79.8442315,
            6.9244721
          ],
          [
            79.8442274,
            6.9244855
          ],
          [
            79.8431307,
            6.9278565
          ],
          [
            79.8430438,
            6.9281111
          ],
          [
            79.842847,
            6.928688
          ],
          [
            79.8428054,
            6.92881
          ],
          [
            79.8425343,
            6.9296372
          ]
        ],
        "type": "LineString"
      },
      "id": "way/1489623826",
      "properties": {
        "feature_type": "barrier",
        "in_core": false,
        "kind": "wall",
        "linked_way_ids": [],
        "osm_id": 1489623826,
        "osm_type": "way",
        "tags": {
          "barrier": "wall"
        },
        "zone": "relation_completion"
      },
      "type": "Feature"
    },
    {
      "geometry": {
        "coordinates": [
          [
            79.8579904,
            6.9161753
          ],
          [
            79.8580787,
            6.9162313
          ],
          [
            79.8581104,
            6.9161759
          ],
          [
            79.8582696,
            6.9162527
          ],
          [
            79.8582181,
            6.9163388
          ],
          [
            79.8583416,
            6.9164003
          ],
          [
            79.8582904,
            6.9164718
          ],
          [
            79.8583974,
            6.9165297
          ],
          [
            79.8581575,
            6.9168082
          ],
          [
            79.8582203,
            6.9168568
          ],
          [
            79.8581592,
            6.9169141
          ],
          [
            79.8580667,
            6.9168335
          ],
          [
            79.8580923,
            6.9167261
          ],
          [
            79.858095,
            6.9166236
          ],
          [
            79.8580695,
            6.916559
          ],
          [
            79.858017,
            6.9164917
          ],
          [
            79.8580306,
            6.9164713
          ],
          [
            79.8580919,
            6.9163684
          ],
          [
            79.8580074,
            6.9163188
          ],
          [
            79.8579354,
            6.9162735
          ],
          [
            79.8579904,
            6.9161753
          ]
        ],
        "type": "LineString"
      },
      "id": "way/1489789206",
      "properties": {
        "feature_type": "poi",
        "in_core": false,
        "kind": "amenity=parking",
        "linked_way_ids": [],
        "osm_id": 1489789206,
        "osm_type": "way",
        "tags": {
          "amenity": "parking",
          "parking": "surface"
        },
        "zone": "context"
      },
      "type": "Feature"
    },
    {
      "geometry": {
        "coordinates": [
          [
            79.8582078,
            6.9179782
          ],
          [
            79.8584155,
            6.9181352
          ],
          [
            79.8583983,
            6.9181701
          ],
          [
            79.8583615,
            6.9182128
          ],
          [
            79.8583035,
            6.9182878
          ],
          [
            79.8581231,
            6.9181167
          ],
          [
            79.8582078,
            6.9179782
          ]
        ],
        "type": "LineString"
      },
      "id": "way/1489801409",
      "properties": {
        "feature_type": "poi",
        "in_core": true,
        "kind": "amenity=parking",
        "linked_way_ids": [],
        "osm_id": 1489801409,
        "osm_type": "way",
        "tags": {
          "amenity": "parking",
          "parking": "surface"
        },
        "zone": "core"
      },
      "type": "Feature"
    },
    {
      "geometry": {
        "coordinates": [
          [
            79.8585202,
            6.9180566
          ],
          [
            79.8591366,
            6.9177543
          ],
          [
            79.8590871,
            6.9176548
          ],
          [
            79.8589026,
            6.9177571
          ],
          [
            79.8588655,
            6.9176783
          ],
          [
            79.8587851,
            6.9177096
          ],
          [
            79.8584155,
            6.9181352
          ],
          [
            79.8584298,
            6.9181968
          ],
          [
            79.858393,
            6.9182395
          ],
          [
            79.8583605,
            6.9182978
          ],
          [
            79.8584108,
            6.9182998
          ],
          [
            79.8585815,
            6.9182189
          ],
          [
            79.8585883,
            6.9181935
          ],
          [
            79.8585202,
            6.9180566
          ]
        ],
        "type": "LineString"
      },
      "id": "way/1489801412",
      "properties": {
        "feature_type": "poi",
        "in_core": true,
        "kind": "amenity=parking",
        "linked_way_ids": [],
        "osm_id": 1489801412,
        "osm_type": "way",
        "tags": {
          "amenity": "parking",
          "parking": "surface"
        },
        "zone": "core"
      },
      "type": "Feature"
    },
    {
      "geometry": {
        "coordinates": [
          [
            79.847921,
            6.9164351
          ],
          [
            79.8479137,
            6.9164587
          ],
          [
            79.8478756,
            6.9165821
          ],
          [
            79.8475227,
            6.9164747
          ],
          [
            79.847535,
            6.916435
          ],
          [
            79.8473057,
            6.9163652
          ],
          [
            79.847351,
            6.9162185
          ],
          [
            79.8476402,
            6.9163065
          ],
          [
            79.847628,
            6.9163459
          ],
          [
            79.847921,
            6.9164351
          ]
        ],
        "type": "LineString"
      },
      "id": "way/1490865518",
      "properties": {
        "feature_type": "poi",
        "in_core": false,
        "kind": "amenity=parking",
        "linked_way_ids": [],
        "osm_id": 1490865518,
        "osm_type": "way",
        "tags": {
          "amenity": "parking"
        },
        "zone": "relation_completion"
      },
      "type": "Feature"
    },
    {
      "geometry": {
        "coordinates": [
          [
            79.8497822,
            6.9338624
          ],
          [
            79.8497724,
            6.9339124
          ],
          [
            79.8496155,
            6.9339244
          ],
          [
            79.849628,
            6.9338742
          ],
          [
            79.8497822,
            6.9338624
          ]
        ],
        "type": "LineString"
      },
      "id": "way/1491071994",
      "properties": {
        "feature_type": "poi",
        "in_core": false,
        "kind": "amenity=parking",
        "linked_way_ids": [],
        "osm_id": 1491071994,
        "osm_type": "way",
        "tags": {
          "amenity": "parking",
          "parking": "surface"
        },
        "zone": "context"
      },
      "type": "Feature"
    },
    {
      "geometry": {
        "coordinates": [
          [
            79.8498733,
            6.9338554
          ],
          [
            79.8498615,
            6.9339056
          ],
          [
            79.8498142,
            6.9339092
          ],
          [
            79.8498255,
            6.9338591
          ],
          [
            79.8498733,
            6.9338554
          ]
        ],
        "type": "LineString"
      },
      "id": "way/1491071995",
      "properties": {
        "feature_type": "poi",
        "in_core": false,
        "kind": "amenity=parking",
        "linked_way_ids": [],
        "osm_id": 1491071995,
        "osm_type": "way",
        "tags": {
          "amenity": "parking",
          "parking": "surface"
        },
        "zone": "context"
      },
      "type": "Feature"
    },
    {
      "geometry": {
        "coordinates": [
          [
            79.8499487,
            6.9338496
          ],
          [
            79.8499344,
            6.9339
          ],
          [
            79.8499751,
            6.9338969
          ],
          [
            79.8499921,
            6.9338463
          ],
          [
            79.8499487,
            6.9338496
          ]
        ],
        "type": "LineString"
      },
      "id": "way/1491071996",
      "properties": {
        "feature_type": "poi",
        "in_core": false,
        "kind": "amenity=parking",
        "linked_way_ids": [],
        "osm_id": 1491071996,
        "osm_type": "way",
        "tags": {
          "amenity": "parking",
          "parking": "surface"
        },
        "zone": "context"
      },
      "type": "Feature"
    },
    {
      "geometry": {
        "coordinates": [
          [
            79.8504076,
            6.9338145
          ],
          [
            79.8503872,
            6.9338654
          ],
          [
            79.8501017,
            6.9338872
          ],
          [
            79.8501206,
            6.9338365
          ],
          [
            79.8504076,
            6.9338145
          ]
        ],
        "type": "LineString"
      },
      "id": "way/1491071997",
      "properties": {
        "feature_type": "poi",
        "in_core": false,
        "kind": "amenity=parking",
        "linked_way_ids": [],
        "osm_id": 1491071997,
        "osm_type": "way",
        "tags": {
          "amenity": "parking",
          "parking": "surface"
        },
        "zone": "context"
      },
      "type": "Feature"
    },
    {
      "geometry": {
        "coordinates": [
          [
            79.8505089,
            6.9338342
          ],
          [
            79.8506425,
            6.9338619
          ],
          [
            79.850608,
            6.9339838
          ],
          [
            79.8504842,
            6.9339587
          ],
          [
            79.8505089,
            6.9338342
          ]
        ],
        "type": "LineString"
      },
      "id": "way/1491071998",
      "properties": {
        "feature_type": "poi",
        "in_core": false,
        "kind": "amenity=parking",
        "linked_way_ids": [],
        "osm_id": 1491071998,
        "osm_type": "way",
        "tags": {
          "amenity": "parking",
          "parking": "surface"
        },
        "zone": "context"
      },
      "type": "Feature"
    },
    {
      "geometry": {
        "coordinates": [
          [
            79.8490307,
            6.9199369
          ],
          [
            79.8491354,
            6.9195217
          ],
          [
            79.8491726,
            6.9195326
          ],
          [
            79.8491039,
            6.9199852
          ],
          [
            79.8490307,
            6.9199369
          ]
        ],
        "type": "LineString"
      },
      "id": "way/1492015149",
      "properties": {
        "feature_type": "poi",
        "in_core": false,
        "kind": "amenity=parking",
        "linked_way_ids": [],
        "osm_id": 1492015149,
        "osm_type": "way",
        "tags": {
          "amenity": "parking"
        },
        "zone": "context"
      },
      "type": "Feature"
    },
    {
      "geometry": {
        "coordinates": [
          [
            79.8526681,
            6.9189173
          ],
          [
            79.8532355,
            6.9194236
          ],
          [
            79.8532662,
            6.9193896
          ],
          [
            79.8526989,
            6.9188834
          ],
          [
            79.8526681,
            6.9189173
          ]
        ],
        "type": "LineString"
      },
      "id": "way/1492015150",
      "properties": {
        "feature_type": "poi",
        "in_core": false,
        "kind": "amenity=parking",
        "linked_way_ids": [],
        "osm_id": 1492015150,
        "osm_type": "way",
        "tags": {
          "amenity": "parking"
        },
        "zone": "context"
      },
      "type": "Feature"
    },
    {
      "geometry": {
        "coordinates": [
          [
            79.8538471,
            6.9189137
          ],
          [
            79.8539038,
            6.9189384
          ],
          [
            79.854111,
            6.9184692
          ],
          [
            79.8540544,
            6.9184446
          ],
          [
            79.8538471,
            6.9189137
          ]
        ],
        "type": "LineString"
      },
      "id": "way/1492015151",
      "properties": {
        "feature_type": "poi",
        "in_core": false,
        "kind": "amenity=parking",
        "linked_way_ids": [],
        "osm_id": 1492015151,
        "osm_type": "way",
        "tags": {
          "amenity": "parking",
          "parking": "street_side"
        },
        "zone": "context"
      },
      "type": "Feature"
    },
    {
      "geometry": {
        "coordinates": [
          [
            79.8528847,
            6.9157884
          ],
          [
            79.8528807,
            6.9158287
          ],
          [
            79.8527899,
            6.9158198
          ],
          [
            79.8527639,
            6.9160822
          ],
          [
            79.8531231,
            6.9159283
          ],
          [
            79.8531346,
            6.9158129
          ],
          [
            79.8528847,
            6.9157884
          ]
        ],
        "type": "LineString"
      },
      "id": "way/1492015163",
      "properties": {
        "feature_type": "poi",
        "in_core": false,
        "kind": "amenity=parking",
        "linked_way_ids": [],
        "osm_id": 1492015163,
        "osm_type": "way",
        "tags": {
          "amenity": "parking"
        },
        "zone": "context"
      },
      "type": "Feature"
    },
    {
      "geometry": {
        "coordinates": [
          [
            79.8507431,
            6.9167521
          ],
          [
            79.8507663,
            6.9167993
          ],
          [
            79.8510966,
            6.9166393
          ],
          [
            79.8510734,
            6.9165921
          ],
          [
            79.8507431,
            6.9167521
          ]
        ],
        "type": "LineString"
      },
      "id": "way/1492015165",
      "properties": {
        "feature_type": "poi",
        "in_core": false,
        "kind": "amenity=parking",
        "linked_way_ids": [],
        "osm_id": 1492015165,
        "osm_type": "way",
        "tags": {
          "amenity": "parking"
        },
        "zone": "context"
      },
      "type": "Feature"
    },
    {
      "geometry": {
        "coordinates": [
          [
            79.8484631,
            6.9323988
          ],
          [
            79.8486117,
            6.9324091
          ],
          [
            79.8486834,
            6.9324126
          ],
          [
            79.8486812,
            6.9321194
          ],
          [
            79.8486781,
            6.9320697
          ],
          [
            79.8486694,
            6.9320621
          ],
          [
            79.8486606,
            6.9320586
          ],
          [
            79.8485023,
            6.9320548
          ],
          [
            79.8484631,
            6.9323988
          ]
        ],
        "type": "LineString"
      },
      "id": "way/1492349382",
      "properties": {
        "feature_type": "poi",
        "in_core": false,
        "kind": "amenity=parking",
        "linked_way_ids": [],
        "osm_id": 1492349382,
        "osm_type": "way",
        "tags": {
          "amenity": "parking",
          "parking": "surface"
        },
        "zone": "context"
      },
      "type": "Feature"
    },
    {
      "geometry": {
        "coordinates": [
          [
            79.8522223,
            6.9162558
          ],
          [
            79.8522395,
            6.9160556
          ],
          [
            79.8522404,
            6.9160454
          ],
          [
            79.8524094,
            6.9160597
          ],
          [
            79.8523914,
            6.9162701
          ],
          [
            79.8523271,
            6.9162647
          ],
          [
            79.8522223,
            6.9162558
          ]
        ],
        "type": "LineString"
      },
      "id": "way/1492413094",
      "properties": {
        "feature_type": "poi",
        "in_core": false,
        "kind": "amenity=parking",
        "linked_way_ids": [],
        "osm_id": 1492413094,
        "osm_type": "way",
        "tags": {
          "amenity": "parking"
        },
        "zone": "context"
      },
      "type": "Feature"
    },
    {
      "geometry": {
        "coordinates": [
          [
            79.8552356,
            6.9147942
          ],
          [
            79.8552186,
            6.9147382
          ],
          [
            79.8554602,
            6.9146473
          ],
          [
            79.8554591,
            6.9145892
          ],
          [
            79.8557125,
            6.9145681
          ],
          [
            79.8557114,
            6.9145902
          ],
          [
            79.8552356,
            6.9147942
          ]
        ],
        "type": "LineString"
      },
      "id": "way/1492413098",
      "properties": {
        "feature_type": "poi",
        "in_core": false,
        "kind": "amenity=parking",
        "linked_way_ids": [],
        "osm_id": 1492413098,
        "osm_type": "way",
        "tags": {
          "amenity": "parking"
        },
        "zone": "context"
      },
      "type": "Feature"
    },
    {
      "geometry": {
        "coordinates": [
          [
            79.8513895,
            6.919151
          ],
          [
            79.8516653,
            6.9187326
          ],
          [
            79.8517056,
            6.9187588
          ],
          [
            79.8517733,
            6.9186561
          ],
          [
            79.8518358,
            6.9186968
          ],
          [
            79.851716,
            6.9188784
          ],
          [
            79.851686,
            6.9188589
          ],
          [
            79.8514622,
            6.9191982
          ],
          [
            79.8513895,
            6.919151
          ]
        ],
        "type": "LineString"
      },
      "id": "way/1492413125",
      "properties": {
        "feature_type": "poi",
        "in_core": false,
        "kind": "amenity=parking",
        "linked_way_ids": [],
        "osm_id": 1492413125,
        "osm_type": "way",
        "tags": {
          "amenity": "parking"
        },
        "zone": "context"
      },
      "type": "Feature"
    },
    {
      "geometry": {
        "coordinates": [
          [
            79.8519982,
            6.919328
          ],
          [
            79.8520225,
            6.9192349
          ],
          [
            79.8517829,
            6.9191732
          ],
          [
            79.8517586,
            6.9192664
          ],
          [
            79.8519982,
            6.919328
          ]
        ],
        "type": "LineString"
      },
      "id": "way/1492413126",
      "properties": {
        "feature_type": "poi",
        "in_core": false,
        "kind": "amenity=parking",
        "linked_way_ids": [],
        "osm_id": 1492413126,
        "osm_type": "way",
        "tags": {
          "amenity": "parking"
        },
        "zone": "context"
      },
      "type": "Feature"
    },
    {
      "geometry": {
        "coordinates": [
          [
            79.8530146,
            6.9193856
          ],
          [
            79.8530403,
            6.9193539
          ],
          [
            79.8532387,
            6.9195127
          ],
          [
            79.8531934,
            6.9195685
          ],
          [
            79.8531384,
            6.9194847
          ],
          [
            79.8530146,
            6.9193856
          ]
        ],
        "type": "LineString"
      },
      "id": "way/1492416223",
      "properties": {
        "feature_type": "poi",
        "in_core": false,
        "kind": "amenity=parking",
        "linked_way_ids": [],
        "osm_id": 1492416223,
        "osm_type": "way",
        "tags": {
          "amenity": "parking"
        },
        "zone": "context"
      },
      "type": "Feature"
    },
    {
      "geometry": {
        "coordinates": [
          [
            79.852897,
            6.919283
          ],
          [
            79.8529388,
            6.9192374
          ],
          [
            79.8526947,
            6.9190172
          ],
          [
            79.8526654,
            6.9190492
          ],
          [
            79.8526529,
            6.9190628
          ],
          [
            79.852897,
            6.919283
          ]
        ],
        "type": "LineString"
      },
      "id": "way/1492417300",
      "properties": {
        "feature_type": "poi",
        "in_core": false,
        "kind": "amenity=parking",
        "linked_way_ids": [],
        "osm_id": 1492417300,
        "osm_type": "way",
        "tags": {
          "amenity": "parking"
        },
        "zone": "context"
      },
      "type": "Feature"
    },
    {
      "geometry": {
        "coordinates": [
          [
            79.8579232,
            6.9271341
          ],
          [
            79.8578766,
            6.9271473
          ],
          [
            79.857866,
            6.9270994
          ],
          [
            79.8578603,
            6.9270412
          ],
          [
            79.8578621,
            6.9269834
          ],
          [
            79.8578746,
            6.9269134
          ],
          [
            79.8578961,
            6.9268505
          ],
          [
            79.8579275,
            6.92679
          ],
          [
            79.8579654,
            6.9267377
          ],
          [
            79.8580103,
            6.9266913
          ],
          [
            79.858046,
            6.9267242
          ],
          [
            79.858038,
            6.9267314
          ],
          [
            79.8579967,
            6.9267756
          ],
          [
            79.8579626,
            6.9268255
          ],
          [
            79.8579364,
            6.9268798
          ],
          [
            79.8579186,
            6.9269374
          ],
          [
            79.8579096,
            6.926997
          ],
          [
            79.8579097,
            6.9270573
          ],
          [
            79.8579172,
            6.9271093
          ],
          [
            79.8579232,
            6.9271341
          ]
        ],
        "type": "LineString"
      },
      "id": "way/1492866588",
      "properties": {
        "feature_type": "poi",
        "in_core": true,
        "kind": "amenity=parking",
        "linked_way_ids": [],
        "osm_id": 1492866588,
        "osm_type": "way",
        "tags": {
          "amenity": "parking",
          "parking": "surface"
        },
        "zone": "core"
      },
      "type": "Feature"
    },
    {
      "geometry": {
        "coordinates": [
          [
            79.8582122,
            6.9266363
          ],
          [
            79.858203,
            6.926589
          ],
          [
            79.8582413,
            6.9265811
          ],
          [
            79.8583059,
            6.9265753
          ],
          [
            79.8583707,
            6.9265786
          ],
          [
            79.8584343,
            6.9265911
          ],
          [
            79.8584955,
            6.9266124
          ],
          [
            79.8585531,
            6.9266422
          ],
          [
            79.8586134,
            6.9266862
          ],
          [
            79.8586614,
            6.9267345
          ],
          [
            79.8586251,
            6.9267664
          ],
          [
            79.8585906,
            6.9267305
          ],
          [
            79.858543,
            6.926693
          ],
          [
            79.8584904,
            6.9266629
          ],
          [
            79.8584339,
            6.926641
          ],
          [
            79.8583746,
            6.9266277
          ],
          [
            79.8583141,
            6.9266233
          ],
          [
            79.8582536,
            6.9266279
          ],
          [
            79.8582122,
            6.9266363
          ]
        ],
        "type": "LineString"
      },
      "id": "way/1492866589",
      "properties": {
        "feature_type": "poi",
        "in_core": true,
        "kind": "amenity=parking",
        "linked_way_ids": [],
        "osm_id": 1492866589,
        "osm_type": "way",
        "tags": {
          "amenity": "parking",
          "parking": "surface"
        },
        "zone": "core"
      },
      "type": "Feature"
    },
    {
      "geometry": {
        "coordinates": [
          [
            79.8585852,
            6.9273274
          ],
          [
            79.8586156,
            6.9273655
          ],
          [
            79.8586641,
            6.9273155
          ],
          [
            79.8587019,
            6.9272632
          ],
          [
            79.8587319,
            6.9272061
          ],
          [
            79.8587534,
            6.9271453
          ],
          [
            79.858766,
            6.9270821
          ],
          [
            79.8587693,
            6.9270178
          ],
          [
            79.8587635,
            6.9269537
          ],
          [
            79.8587507,
            6.9268985
          ],
          [
            79.858706,
            6.9269181
          ],
          [
            79.8587151,
            6.9269583
          ],
          [
            79.8587198,
            6.9269958
          ],
          [
            79.8587199,
            6.927056
          ],
          [
            79.8587109,
            6.9271156
          ],
          [
            79.8586931,
            6.9271733
          ],
          [
            79.8586669,
            6.9272276
          ],
          [
            79.8586327,
            6.9272775
          ],
          [
            79.8585852,
            6.9273274
          ]
        ],
        "type": "LineString"
      },
      "id": "way/1492866590",
      "properties": {
        "feature_type": "poi",
        "in_core": true,
        "kind": "amenity=parking",
        "linked_way_ids": [],
        "osm_id": 1492866590,
        "osm_type": "way",
        "tags": {
          "amenity": "parking",
          "parking": "surface"
        },
        "zone": "core"
      },
      "type": "Feature"
    },
    {
      "geometry": {
        "coordinates": [
          [
            79.8584203,
            6.9274159
          ],
          [
            79.8584364,
            6.9274614
          ],
          [
            79.8583881,
            6.927472
          ],
          [
            79.8583235,
            6.9274778
          ],
          [
            79.8582587,
            6.9274745
          ],
          [
            79.8581951,
            6.927462
          ],
          [
            79.8581339,
            6.9274407
          ],
          [
            79.8580764,
            6.9274109
          ],
          [
            79.8580237,
            6.9273733
          ],
          [
            79.8579725,
            6.9273237
          ],
          [
            79.8580088,
            6.9272918
          ],
          [
            79.8580389,
            6.9273226
          ],
          [
            79.8580864,
            6.9273601
          ],
          [
            79.8581391,
            6.9273901
          ],
          [
            79.8581956,
            6.9274121
          ],
          [
            79.8582548,
            6.9274254
          ],
          [
            79.8583154,
            6.9274298
          ],
          [
            79.8583759,
            6.9274252
          ],
          [
            79.8584203,
            6.9274159
          ]
        ],
        "type": "LineString"
      },
      "id": "way/1492866591",
      "properties": {
        "feature_type": "poi",
        "in_core": true,
        "kind": "amenity=parking",
        "linked_way_ids": [],
        "osm_id": 1492866591,
        "osm_type": "way",
        "tags": {
          "amenity": "parking",
          "parking": "surface"
        },
        "zone": "core"
      },
      "type": "Feature"
    },
    {
      "geometry": {
        "coordinates": [
          [
            79.8579976,
            6.9275795
          ],
          [
            79.8575712,
            6.927823
          ],
          [
            79.8575602,
            6.9278356
          ],
          [
            79.8575585,
            6.927849
          ],
          [
            79.857561,
            6.9278616
          ],
          [
            79.8578387,
            6.9284
          ],
          [
            79.8575648,
            6.928555
          ],
          [
            79.8575332,
            6.9285749
          ],
          [
            79.8574531,
            6.9284999
          ],
          [
            79.8572418,
            6.928304
          ],
          [
            79.8569192,
            6.928036
          ],
          [
            79.8572992,
            6.9275041
          ],
          [
            79.8573151,
            6.9274832
          ],
          [
            79.8573373,
            6.9274639
          ],
          [
            79.8573508,
            6.9274552
          ],
          [
            79.8577216,
            6.9272504
          ],
          [
            79.8577299,
            6.9272457
          ],
          [
            79.857737,
            6.9272408
          ],
          [
            79.8577408,
            6.927236
          ],
          [
            79.8578028,
            6.9272036
          ],
          [
            79.8578102,
            6.9272178
          ],
          [
            79.8579106,
            6.9274117
          ],
          [
            79.8579976,
            6.9275795
          ]
        ],
        "type": "LineString"
      },
      "id": "way/1492866626",
      "properties": {
        "feature_type": "poi",
        "in_core": true,
        "kind": "amenity=parking",
        "linked_way_ids": [],
        "osm_id": 1492866626,
        "osm_type": "way",
        "tags": {
          "amenity": "parking",
          "parking": "surface"
        },
        "zone": "core"
      },
      "type": "Feature"
    },
    {
      "geometry": {
        "coordinates": [
          [
            79.8600901,
            6.9148109
          ],
          [
            79.8601007,
            6.9147922
          ],
          [
            79.8597016,
            6.9145693
          ],
          [
            79.8596911,
            6.914588
          ],
          [
            79.8600901,
            6.9148109
          ]
        ],
        "type": "LineString"
      },
      "id": "way/1492931263",
      "properties": {
        "feature_type": "poi",
        "in_core": false,
        "kind": "amenity=parking",
        "linked_way_ids": [],
        "osm_id": 1492931263,
        "osm_type": "way",
        "tags": {
          "amenity": "parking"
        },
        "zone": "context"
      },
      "type": "Feature"
    },
    {
      "geometry": {
        "coordinates": [
          [
            79.8625972,
            6.9155849
          ],
          [
            79.8625996,
            6.9155403
          ],
          [
            79.8629397,
            6.9152637
          ],
          [
            79.8629728,
            6.9152705
          ],
          [
            79.8625972,
            6.9155849
          ]
        ],
        "type": "LineString"
      },
      "id": "way/1492931264",
      "properties": {
        "feature_type": "poi",
        "in_core": false,
        "kind": "amenity=parking",
        "linked_way_ids": [],
        "osm_id": 1492931264,
        "osm_type": "way",
        "tags": {
          "amenity": "parking"
        },
        "zone": "context"
      },
      "type": "Feature"
    },
    {
      "geometry": {
        "coordinates": [
          [
            79.8642439,
            6.9142431
          ],
          [
            79.8641905,
            6.9142356
          ],
          [
            79.8633364,
            6.9149482
          ],
          [
            79.8633592,
            6.9149699
          ],
          [
            79.8642439,
            6.9142431
          ]
        ],
        "type": "LineString"
      },
      "id": "way/1492931265",
      "properties": {
        "feature_type": "poi",
        "in_core": false,
        "kind": "amenity=parking",
        "linked_way_ids": [],
        "osm_id": 1492931265,
        "osm_type": "way",
        "tags": {
          "amenity": "parking"
        },
        "zone": "context"
      },
      "type": "Feature"
    },
    {
      "geometry": {
        "coordinates": [
          [
            79.8634861,
            6.9171181
          ],
          [
            79.8636265,
            6.9170669
          ],
          [
            79.8636813,
            6.9172519
          ],
          [
            79.8636841,
            6.9172808
          ],
          [
            79.8636813,
            6.9173114
          ],
          [
            79.8636643,
            6.9173782
          ],
          [
            79.8636438,
            6.9174283
          ],
          [
            79.8636006,
            6.9174891
          ],
          [
            79.8635577,
            6.9175258
          ],
          [
            79.8635082,
            6.9175493
          ],
          [
            79.8634838,
            6.917503
          ],
          [
            79.8634284,
            6.9175259
          ],
          [
            79.863392,
            6.9174438
          ],
          [
            79.8635755,
            6.917374
          ],
          [
            79.8635585,
            6.9173242
          ],
          [
            79.8636075,
            6.9173087
          ],
          [
            79.8635878,
            6.9172575
          ],
          [
            79.8635398,
            6.9172734
          ],
          [
            79.8634861,
            6.9171181
          ]
        ],
        "type": "LineString"
      },
      "id": "way/1494402807",
      "properties": {
        "feature_type": "poi",
        "in_core": false,
        "kind": "amenity=parking",
        "linked_way_ids": [],
        "osm_id": 1494402807,
        "osm_type": "way",
        "tags": {
          "amenity": "parking"
        },
        "zone": "context"
      },
      "type": "Feature"
    },
    {
      "geometry": {
        "coordinates": [
          [
            79.8638641,
            6.9169348
          ],
          [
            79.8639405,
            6.9168053
          ],
          [
            79.8642322,
            6.9169826
          ],
          [
            79.8641711,
            6.9170899
          ],
          [
            79.8640824,
            6.9170627
          ],
          [
            79.8638641,
            6.9169348
          ]
        ],
        "type": "LineString"
      },
      "id": "way/1494402816",
      "properties": {
        "feature_type": "poi",
        "in_core": false,
        "kind": "amenity=parking",
        "linked_way_ids": [],
        "osm_id": 1494402816,
        "osm_type": "way",
        "tags": {
          "amenity": "parking",
          "parking": "surface"
        },
        "zone": "context"
      },
      "type": "Feature"
    },
    {
      "geometry": {
        "coordinates": [
          [
            79.8655907,
            6.9168102
          ],
          [
            79.8655038,
            6.9164215
          ],
          [
            79.8658557,
            6.916344
          ],
          [
            79.8659426,
            6.9167326
          ],
          [
            79.8655907,
            6.9168102
          ]
        ],
        "type": "LineString"
      },
      "id": "way/1494402817",
      "properties": {
        "feature_type": "poi",
        "in_core": false,
        "kind": "amenity=parking",
        "linked_way_ids": [],
        "osm_id": 1494402817,
        "osm_type": "way",
        "tags": {
          "amenity": "parking"
        },
        "zone": "context"
      },
      "type": "Feature"
    },
    {
      "geometry": {
        "coordinates": [
          [
            79.8622016,
            6.9163468
          ],
          [
            79.8622473,
            6.9162641
          ],
          [
            79.8623735,
            6.9163327
          ],
          [
            79.8623021,
            6.9164621
          ],
          [
            79.8622249,
            6.9164201
          ],
          [
            79.8622506,
            6.9163735
          ],
          [
            79.8622016,
            6.9163468
          ]
        ],
        "type": "LineString"
      },
      "id": "way/1494402839",
      "properties": {
        "feature_type": "poi",
        "in_core": false,
        "kind": "amenity=parking",
        "linked_way_ids": [],
        "osm_id": 1494402839,
        "osm_type": "way",
        "tags": {
          "amenity": "parking"
        },
        "zone": "context"
      },
      "type": "Feature"
    },
    {
      "geometry": {
        "coordinates": [
          79.8604813,
          6.9323207
        ],
        "type": "Point"
      },
      "id": "relation/5649176",
      "properties": {
        "feature_type": "restriction",
        "from_way_id": 347544917,
        "in_core": true,
        "kind": "no_right_turn",
        "linked_way_ids": [
          347544917,
          1489572406
        ],
        "osm_id": 5649176,
        "osm_type": "relation",
        "restriction": "no_right_turn",
        "structurally_complete": true,
        "tags": {
          "restriction": "no_right_turn",
          "type": "restriction"
        },
        "to_way_id": 1489572406,
        "via_osm_id": 3538180787,
        "via_osm_type": "node",
        "zone": "core"
      },
      "type": "Feature"
    },
    {
      "geometry": {
        "coordinates": [
          79.8646769,
          6.923071
        ],
        "type": "Point"
      },
      "id": "relation/5899606",
      "properties": {
        "feature_type": "restriction",
        "from_way_id": 665914476,
        "in_core": true,
        "kind": "no_left_turn",
        "linked_way_ids": [
          665914476,
          1120006843
        ],
        "osm_id": 5899606,
        "osm_type": "relation",
        "restriction": "no_left_turn",
        "structurally_complete": true,
        "tags": {
          "restriction": "no_left_turn",
          "type": "restriction"
        },
        "to_way_id": 1120006843,
        "via_osm_id": 6234042653,
        "via_osm_type": "node",
        "zone": "core"
      },
      "type": "Feature"
    },
    {
      "geometry": {
        "coordinates": [
          [
            79.847172,
            6.9187374
          ],
          [
            79.847264,
            6.9187701
          ]
        ],
        "type": "LineString"
      },
      "id": "relation/6728608",
      "properties": {
        "feature_type": "restriction",
        "from_way_id": 455043149,
        "in_core": false,
        "kind": "no_u_turn",
        "linked_way_ids": [
          455043121,
          455043149
        ],
        "osm_id": 6728608,
        "osm_type": "relation",
        "restriction": "no_u_turn",
        "structurally_complete": true,
        "tags": {
          "restriction": "no_u_turn",
          "type": "restriction"
        },
        "to_way_id": 455043121,
        "via_osm_id": 455043160,
        "via_osm_type": "way",
        "zone": "relation_completion"
      },
      "type": "Feature"
    },
    {
      "geometry": {
        "coordinates": [
          [
            79.847172,
            6.9187374
          ],
          [
            79.847264,
            6.9187701
          ]
        ],
        "type": "LineString"
      },
      "id": "relation/6728609",
      "properties": {
        "feature_type": "restriction",
        "from_way_id": 455043132,
        "in_core": false,
        "kind": "no_u_turn",
        "linked_way_ids": [
          455043132,
          455043139
        ],
        "osm_id": 6728609,
        "osm_type": "relation",
        "restriction": "no_u_turn",
        "structurally_complete": true,
        "tags": {
          "restriction": "no_u_turn",
          "type": "restriction"
        },
        "to_way_id": 455043139,
        "via_osm_id": 455043160,
        "via_osm_type": "way",
        "zone": "relation_completion"
      },
      "type": "Feature"
    },
    {
      "geometry": {
        "coordinates": [
          [
            79.8477091,
            6.9172719
          ],
          [
            79.8477798,
            6.9172946
          ]
        ],
        "type": "LineString"
      },
      "id": "relation/6728610",
      "properties": {
        "feature_type": "restriction",
        "from_way_id": 455043184,
        "in_core": false,
        "kind": "no_u_turn",
        "linked_way_ids": [
          455043184,
          455043231
        ],
        "osm_id": 6728610,
        "osm_type": "relation",
        "restriction": "no_u_turn",
        "structurally_complete": true,
        "tags": {
          "restriction": "no_u_turn",
          "type": "restriction"
        },
        "to_way_id": 455043231,
        "via_osm_id": 455043258,
        "via_osm_type": "way",
        "zone": "relation_completion"
      },
      "type": "Feature"
    },
    {
      "geometry": {
        "coordinates": [
          [
            79.8477091,
            6.9172719
          ],
          [
            79.8477798,
            6.9172946
          ]
        ],
        "type": "LineString"
      },
      "id": "relation/6728611",
      "properties": {
        "feature_type": "restriction",
        "from_way_id": 455043247,
        "in_core": false,
        "kind": "no_u_turn",
        "linked_way_ids": [
          455043168,
          455043247
        ],
        "osm_id": 6728611,
        "osm_type": "relation",
        "restriction": "no_u_turn",
        "structurally_complete": true,
        "tags": {
          "restriction": "no_u_turn",
          "type": "restriction"
        },
        "to_way_id": 455043168,
        "via_osm_id": 455043258,
        "via_osm_type": "way",
        "zone": "relation_completion"
      },
      "type": "Feature"
    },
    {
      "geometry": {
        "coordinates": [
          [
            79.8481457,
            6.9159674
          ],
          [
            79.84823,
            6.9159941
          ]
        ],
        "type": "LineString"
      },
      "id": "relation/6728614",
      "properties": {
        "feature_type": "restriction",
        "from_way_id": 455043409,
        "in_core": false,
        "kind": "no_u_turn",
        "linked_way_ids": [
          455043345,
          455043409
        ],
        "osm_id": 6728614,
        "osm_type": "relation",
        "restriction": "no_u_turn",
        "structurally_complete": true,
        "tags": {
          "restriction": "no_u_turn",
          "type": "restriction"
        },
        "to_way_id": 455043345,
        "via_osm_id": 48891501,
        "via_osm_type": "way",
        "zone": "relation_completion"
      },
      "type": "Feature"
    },
    {
      "geometry": {
        "coordinates": [
          [
            79.8481457,
            6.9159674
          ],
          [
            79.84823,
            6.9159941
          ]
        ],
        "type": "LineString"
      },
      "id": "relation/6728615",
      "properties": {
        "feature_type": "restriction",
        "from_way_id": 455043356,
        "in_core": false,
        "kind": "no_u_turn",
        "linked_way_ids": [
          455043356,
          455043397
        ],
        "osm_id": 6728615,
        "osm_type": "relation",
        "restriction": "no_u_turn",
        "structurally_complete": true,
        "tags": {
          "restriction": "no_u_turn",
          "type": "restriction"
        },
        "to_way_id": 455043397,
        "via_osm_id": 48891501,
        "via_osm_type": "way",
        "zone": "relation_completion"
      },
      "type": "Feature"
    },
    {
      "geometry": {
        "coordinates": [
          [
            79.8487391,
            6.9141184
          ],
          [
            79.8488147,
            6.9141358
          ]
        ],
        "type": "LineString"
      },
      "id": "relation/6728616",
      "properties": {
        "feature_type": "restriction",
        "from_way_id": 455043440,
        "in_core": false,
        "kind": "no_u_turn",
        "linked_way_ids": [
          455043440,
          455043449
        ],
        "osm_id": 6728616,
        "osm_type": "relation",
        "restriction": "no_u_turn",
        "structurally_complete": true,
        "tags": {
          "restriction": "no_u_turn",
          "type": "restriction"
        },
        "to_way_id": 455043449,
        "via_osm_id": 455043463,
        "via_osm_type": "way",
        "zone": "relation_completion"
      },
      "type": "Feature"
    },
    {
      "geometry": {
        "coordinates": [
          [
            79.8487391,
            6.9141184
          ],
          [
            79.8488147,
            6.9141358
          ]
        ],
        "type": "LineString"
      },
      "id": "relation/6728617",
      "properties": {
        "feature_type": "restriction",
        "from_way_id": 455043456,
        "in_core": false,
        "kind": "no_u_turn",
        "linked_way_ids": [
          455043430,
          455043456
        ],
        "osm_id": 6728617,
        "osm_type": "relation",
        "restriction": "no_u_turn",
        "structurally_complete": true,
        "tags": {
          "restriction": "no_u_turn",
          "type": "restriction"
        },
        "to_way_id": 455043430,
        "via_osm_id": 455043463,
        "via_osm_type": "way",
        "zone": "relation_completion"
      },
      "type": "Feature"
    },
    {
      "geometry": {
        "coordinates": [
          79.8469944,
          6.9342312
        ],
        "type": "Point"
      },
      "id": "relation/7975551",
      "properties": {
        "feature_type": "restriction",
        "from_way_id": 308826559,
        "in_core": false,
        "kind": "no_right_turn",
        "linked_way_ids": [
          308826559,
          308826560
        ],
        "osm_id": 7975551,
        "osm_type": "relation",
        "restriction": "no_right_turn",
        "structurally_complete": true,
        "tags": {
          "restriction": "no_right_turn",
          "type": "restriction"
        },
        "to_way_id": 308826560,
        "via_osm_id": 3141171384,
        "via_osm_type": "node",
        "zone": "context"
      },
      "type": "Feature"
    },
    {
      "geometry": {
        "coordinates": [
          79.8661251,
          6.9345422
        ],
        "type": "Point"
      },
      "id": "relation/9061307",
      "properties": {
        "feature_type": "restriction",
        "from_way_id": 480882275,
        "in_core": false,
        "kind": "no_right_turn",
        "linked_way_ids": [
          480882274,
          480882275
        ],
        "osm_id": 9061307,
        "osm_type": "relation",
        "restriction": "no_right_turn",
        "structurally_complete": true,
        "tags": {
          "restriction": "no_right_turn",
          "type": "restriction"
        },
        "to_way_id": 480882274,
        "via_osm_id": 6407621053,
        "via_osm_type": "node",
        "zone": "context"
      },
      "type": "Feature"
    },
    {
      "geometry": {
        "coordinates": [
          79.864672,
          6.923
        ],
        "type": "Point"
      },
      "id": "relation/9251969",
      "properties": {
        "feature_type": "restriction",
        "from_way_id": 1120006846,
        "in_core": true,
        "kind": "no_left_turn",
        "linked_way_ids": [
          665914478,
          1120006846
        ],
        "osm_id": 9251969,
        "osm_type": "relation",
        "restriction": "no_left_turn",
        "structurally_complete": true,
        "tags": {
          "restriction": "no_left_turn",
          "type": "restriction"
        },
        "to_way_id": 665914478,
        "via_osm_id": 6234044312,
        "via_osm_type": "node",
        "zone": "core"
      },
      "type": "Feature"
    },
    {
      "geometry": {
        "coordinates": [
          [
            79.8601664,
            6.9150035
          ],
          [
            79.8602096,
            6.9149228
          ]
        ],
        "type": "LineString"
      },
      "id": "relation/11526142",
      "properties": {
        "feature_type": "restriction",
        "from_way_id": 359945310,
        "in_core": false,
        "kind": "no_u_turn",
        "linked_way_ids": [
          53840879,
          359945310
        ],
        "osm_id": 11526142,
        "osm_type": "relation",
        "restriction": "no_u_turn",
        "structurally_complete": true,
        "tags": {
          "restriction": "no_u_turn",
          "type": "restriction"
        },
        "to_way_id": 53840879,
        "via_osm_id": 52433912,
        "via_osm_type": "way",
        "zone": "context"
      },
      "type": "Feature"
    },
    {
      "geometry": {
        "coordinates": [
          79.8614197,
          6.9187373
        ],
        "type": "Point"
      },
      "id": "relation/14508179",
      "properties": {
        "feature_type": "restriction",
        "from_way_id": 1089605500,
        "in_core": true,
        "kind": "only_straight_on",
        "linked_way_ids": [
          1089605498,
          1089605500
        ],
        "osm_id": 14508179,
        "osm_type": "relation",
        "restriction": "only_straight_on",
        "structurally_complete": true,
        "tags": {
          "restriction": "only_straight_on",
          "type": "restriction"
        },
        "to_way_id": 1089605498,
        "via_osm_id": 3822223767,
        "via_osm_type": "node",
        "zone": "core"
      },
      "type": "Feature"
    },
    {
      "geometry": {
        "coordinates": [
          79.8647256,
          6.9140288
        ],
        "type": "Point"
      },
      "id": "relation/14508180",
      "properties": {
        "feature_type": "restriction",
        "from_way_id": 1089605515,
        "in_core": false,
        "kind": "no_left_turn",
        "linked_way_ids": [
          1089605512,
          1089605515
        ],
        "osm_id": 14508180,
        "osm_type": "relation",
        "restriction": "no_left_turn",
        "structurally_complete": true,
        "tags": {
          "restriction": "no_left_turn",
          "type": "restriction"
        },
        "to_way_id": 1089605512,
        "via_osm_id": 1278079713,
        "via_osm_type": "node",
        "zone": "relation_completion"
      },
      "type": "Feature"
    },
    {
      "geometry": {
        "coordinates": [
          79.8647247,
          6.9139438
        ],
        "type": "Point"
      },
      "id": "relation/14508181",
      "properties": {
        "feature_type": "restriction",
        "from_way_id": 359934145,
        "in_core": false,
        "kind": "no_left_turn",
        "linked_way_ids": [
          359934145,
          1121878510
        ],
        "osm_id": 14508181,
        "osm_type": "relation",
        "restriction": "no_left_turn",
        "structurally_complete": true,
        "tags": {
          "restriction": "no_left_turn",
          "type": "restriction"
        },
        "to_way_id": 1121878510,
        "via_osm_id": 255361132,
        "via_osm_type": "node",
        "zone": "relation_completion"
      },
      "type": "Feature"
    },
    {
      "geometry": {
        "coordinates": [
          79.8573046,
          6.9326214
        ],
        "type": "Point"
      },
      "id": "relation/15015312",
      "properties": {
        "feature_type": "restriction",
        "from_way_id": 1122816986,
        "in_core": true,
        "kind": "no_left_turn",
        "linked_way_ids": [
          194101443,
          1122816986
        ],
        "osm_id": 15015312,
        "osm_type": "relation",
        "restriction": "no_left_turn",
        "structurally_complete": true,
        "tags": {
          "restriction": "no_left_turn",
          "type": "restriction"
        },
        "to_way_id": 194101443,
        "via_osm_id": 1863456350,
        "via_osm_type": "node",
        "zone": "core"
      },
      "type": "Feature"
    },
    {
      "geometry": {
        "coordinates": [
          79.8512447,
          6.9343295
        ],
        "type": "Point"
      },
      "id": "relation/15456077",
      "properties": {
        "feature_type": "restriction",
        "from_way_id": 1141512429,
        "in_core": false,
        "kind": "no_left_turn",
        "linked_way_ids": [
          1141512429,
          1141512430
        ],
        "osm_id": 15456077,
        "osm_type": "relation",
        "restriction": "no_left_turn",
        "structurally_complete": true,
        "tags": {
          "restriction": "no_left_turn",
          "type": "restriction"
        },
        "to_way_id": 1141512430,
        "via_osm_id": 10633327867,
        "via_osm_type": "node",
        "zone": "context"
      },
      "type": "Feature"
    },
    {
      "geometry": {
        "coordinates": [
          79.8536372,
          6.9126088
        ],
        "type": "Point"
      },
      "id": "relation/17843994",
      "properties": {
        "feature_type": "restriction",
        "from_way_id": 53091314,
        "in_core": false,
        "kind": "no_straight_on",
        "linked_way_ids": [
          53001528,
          53091314
        ],
        "osm_id": 17843994,
        "osm_type": "relation",
        "restriction": "no_straight_on",
        "structurally_complete": true,
        "tags": {
          "restriction": "no_straight_on",
          "type": "restriction"
        },
        "to_way_id": 53001528,
        "via_osm_id": 2160901125,
        "via_osm_type": "node",
        "zone": "relation_completion"
      },
      "type": "Feature"
    },
    {
      "geometry": {
        "coordinates": [
          79.8536372,
          6.9126088
        ],
        "type": "Point"
      },
      "id": "relation/17843995",
      "properties": {
        "feature_type": "restriction",
        "from_way_id": 53091314,
        "in_core": false,
        "kind": "no_u_turn",
        "linked_way_ids": [
          53091314
        ],
        "osm_id": 17843995,
        "osm_type": "relation",
        "restriction": "no_u_turn",
        "structurally_complete": true,
        "tags": {
          "restriction": "no_u_turn",
          "type": "restriction"
        },
        "to_way_id": 53091314,
        "via_osm_id": 2160901125,
        "via_osm_type": "node",
        "zone": "relation_completion"
      },
      "type": "Feature"
    },
    {
      "geometry": {
        "coordinates": [
          79.8653787,
          6.9272687
        ],
        "type": "Point"
      },
      "id": "relation/20102315",
      "properties": {
        "feature_type": "restriction",
        "from_way_id": 665896572,
        "in_core": true,
        "kind": "no_straight_on",
        "linked_way_ids": [
          665896572,
          1120006838
        ],
        "osm_id": 20102315,
        "osm_type": "relation",
        "restriction": "no_straight_on",
        "structurally_complete": true,
        "tags": {
          "restriction": "no_straight_on",
          "type": "restriction"
        },
        "to_way_id": 1120006838,
        "via_osm_id": 6233578621,
        "via_osm_type": "node",
        "zone": "core"
      },
      "type": "Feature"
    },
    {
      "geometry": {
        "coordinates": [
          79.8654473,
          6.9271923
        ],
        "type": "Point"
      },
      "id": "relation/20102316",
      "properties": {
        "feature_type": "restriction",
        "from_way_id": 1120006836,
        "in_core": true,
        "kind": "no_right_turn",
        "linked_way_ids": [
          1120006836,
          1120006839
        ],
        "osm_id": 20102316,
        "osm_type": "relation",
        "restriction": "no_right_turn",
        "structurally_complete": true,
        "tags": {
          "restriction": "no_right_turn",
          "type": "restriction"
        },
        "to_way_id": 1120006839,
        "via_osm_id": 3155589780,
        "via_osm_type": "node",
        "zone": "core"
      },
      "type": "Feature"
    },
    {
      "geometry": {
        "coordinates": [
          79.8657734,
          6.9269673
        ],
        "type": "Point"
      },
      "id": "relation/20102352",
      "properties": {
        "feature_type": "restriction",
        "from_way_id": 1467574496,
        "in_core": true,
        "kind": "no_left_turn",
        "linked_way_ids": [
          48730732,
          1467574496
        ],
        "osm_id": 20102352,
        "osm_type": "relation",
        "restriction": "no_left_turn",
        "structurally_complete": true,
        "tags": {
          "restriction": "no_left_turn",
          "type": "restriction"
        },
        "to_way_id": 48730732,
        "via_osm_id": 618533937,
        "via_osm_type": "node",
        "zone": "core"
      },
      "type": "Feature"
    },
    {
      "geometry": {
        "coordinates": [
          79.8657734,
          6.9269673
        ],
        "type": "Point"
      },
      "id": "relation/20102353",
      "properties": {
        "feature_type": "restriction",
        "from_way_id": 48730732,
        "in_core": true,
        "kind": "no_u_turn",
        "linked_way_ids": [
          48730732
        ],
        "osm_id": 20102353,
        "osm_type": "relation",
        "restriction": "no_u_turn",
        "structurally_complete": true,
        "tags": {
          "restriction": "no_u_turn",
          "type": "restriction"
        },
        "to_way_id": 48730732,
        "via_osm_id": 618533937,
        "via_osm_type": "node",
        "zone": "core"
      },
      "type": "Feature"
    },
    {
      "geometry": {
        "coordinates": [
          79.8504894,
          6.9166691
        ],
        "type": "Point"
      },
      "id": "relation/20367784",
      "properties": {
        "feature_type": "restriction",
        "from_way_id": 1107981327,
        "in_core": false,
        "kind": "no_left_turn",
        "linked_way_ids": [
          1107981327,
          1115117213
        ],
        "osm_id": 20367784,
        "osm_type": "relation",
        "restriction": "no_left_turn",
        "structurally_complete": true,
        "tags": {
          "restriction": "no_left_turn",
          "type": "restriction"
        },
        "to_way_id": 1115117213,
        "via_osm_id": 10137867346,
        "via_osm_type": "node",
        "zone": "context"
      },
      "type": "Feature"
    }
  ],
  "metadata": {
    "acquisition_bbox_wgs84": [
      79.8447259,
      6.9135367,
      79.8719039,
      6.9405163
    ],
    "center_wgs84": [
      79.8583149,
      6.9270265
    ],
    "context_radius_m": 1500,
    "core_radius_m": 1000,
    "generated_from_osm_base_timestamp": "2026-09-10T23:11:10Z",
    "projection": {
      "axis_convention": {
        "x": "east",
        "y": "north"
      },
      "earth_radius_m": 6371008.8,
      "name": "local spherical azimuthal equidistant",
      "origin_wgs84": [
        79.8583149,
        6.9270265
      ],
      "precision_note": "Spherical local analysis, not WGS84 ellipsoidal survey precision.",
      "units": "metres"
    },
    "routing_buffer_m": 500,
    "schema_version": 1,
    "source_manifest": "data/osm/manifest.json",
    "source_snapshot_sha256": "35ae3d3b68c95215ad1caf928ee8f9278a6b564ac4e8d7a1c539c681256f5a96"
  },
  "type": "FeatureCollection"
}
