{"type":"FeatureCollection","features":[{"type":"Feature","id":"10548292","properties":{"id":"10548292","name":"Bastian Mawatha","names":{},"highway":"tertiary","tags":{"highway":"tertiary","lanes":"3","lit":"yes","maxspeed":"50","name":"Bastian Mawatha","oneway":"yes","smoothness":"good","surface":"asphalt"},"width_m":9.6,"width_source":"Estimated: mapped lanes × 3.2 m","direction":"forward","direction_source":"OSM tag","access":null,"base_graph_eligible":true,"bridge":false,"tunnel":false,"layer":0,"lanes":3,"maxspeed":"50","length_m":687.24,"surface_layer":"roads"},"geometry":{"type":"LineString","coordinates":[[79.8571761,6.9326226],[79.8569308,6.932701899999999],[79.85598769999999,6.933005099999999],[79.8546692,6.933429],[79.8540795,6.933618599999997],[79.8540006,6.9336477],[79.8538631,6.933698400000001],[79.85374,6.933727699999998],[79.8536397,6.933714799999998],[79.8534071,6.933645900000004],[79.8533055,6.933638399999999],[79.8521014,6.9339412],[79.851208,6.934165799999999]]}},{"type":"Feature","id":"10548298","properties":{"id":"10548298","name":"2nd Cross Street","names":{},"highway":"residential","tags":{"highway":"residential","is_in":"Pettah, Colombo, Western Province, Sri Lanka","maxspeed":"30","name":"2nd Cross Street","oneway":"yes","surface":"asphalt"},"width_m":3.5,"width_source":"Estimated from road class and direction","direction":"forward","direction_source":"OSM tag","access":null,"base_graph_eligible":true,"bridge":false,"tunnel":false,"layer":0,"lanes":null,"maxspeed":"30","length_m":477.35,"surface_layer":"roads"},"geometry":{"type":"LineString","coordinates":[[79.8526083,6.9348723],[79.85259180000001,6.9349239],[79.8524255,6.935445099999997],[79.8522411,6.936105199999999],[79.8519364,6.937197800000001],[79.8517325,6.937924500000001],[79.8515543,6.938621899999999],[79.8513432,6.9389863000000025]]}},{"type":"Feature","id":"10548310","properties":{"id":"10548310","name":"Maliban Street","names":{},"highway":"residential","tags":{"highway":"residential","is_in":"Pettah, Colombo, Western Province, Sri Lanka","maxspeed":"30","name":"Maliban Street"},"width_m":6,"width_source":"Estimated from road class and direction","direction":"both","direction_source":"Default assumption; no direction tag","access":null,"base_graph_eligible":true,"bridge":false,"tunnel":false,"layer":0,"lanes":null,"maxspeed":"30","length_m":408.44,"surface_layer":"roads"},"geometry":{"type":"LineString","coordinates":[[79.8498541,6.934529399999999],[79.8508191,6.9348576999999985],[79.851054,6.934928899999999],[79.8524255,6.935445099999997],[79.8533569,6.935699400000001]]}},{"type":"Feature","id":"10548319","properties":{"id":"10548319","name":"Keyzer Street","names":{},"highway":"residential","tags":{"highway":"residential","is_in":"Pettah, Colombo, Western Province, Sri Lanka","maxspeed":"30","name":"Keyzer Street"},"width_m":6,"width_source":"Estimated from road class and direction","direction":"both","direction_source":"Default assumption; no direction tag","access":null,"base_graph_eligible":true,"bridge":false,"tunnel":false,"layer":0,"lanes":null,"maxspeed":"30","length_m":281.8,"surface_layer":"roads"},"geometry":{"type":"LineString","coordinates":[[79.8496086,6.9361581999999995],[79.8500398,6.9363619],[79.8506484,6.936618000000002],[79.8508339,6.936697000000001],[79.8519364,6.937197800000001]]}},{"type":"Feature","id":"10548321","properties":{"id":"10548321","name":"1st Cross Street","names":{},"highway":"residential","tags":{"highway":"residential","is_in":"Pettah, Colombo, Western Province, Sri Lanka","maxspeed":"30","name":"1st Cross Street","oneway":"yes","surface":"asphalt"},"width_m":3.5,"width_source":"Estimated from road class and direction","direction":"forward","direction_source":"OSM tag","access":null,"base_graph_eligible":true,"bridge":false,"tunnel":false,"layer":0,"lanes":null,"maxspeed":"30","length_m":441.64,"surface_layer":"roads"},"geometry":{"type":"LineString","coordinates":[[79.8505318,6.938339300000003],[79.8506501,6.9381051000000005],[79.8507327,6.9374524],[79.8508339,6.936697000000001],[79.8509437,6.935680200000001],[79.851054,6.934928899999999],[79.8512179,6.934477900000001],[79.8512287,6.934429899999998]]}},{"type":"Feature","id":"10548323","properties":{"id":"10548323","name":"Bankshall Street","names":{},"highway":"residential","tags":{"highway":"residential","is_in":"Pettah, Colombo, Western Province, Sri Lanka","maxspeed":"40","name":"Bankshall Street","oneway":"yes"},"width_m":3.5,"width_source":"Estimated from road class and direction","direction":"forward","direction_source":"OSM tag","access":null,"base_graph_eligible":true,"bridge":false,"tunnel":false,"layer":0,"lanes":null,"maxspeed":"40","length_m":237.71,"surface_layer":"roads"},"geometry":{"type":"LineString","coordinates":[[79.8515543,6.938621899999999],[79.8506501,6.9381051000000005],[79.8505484,6.938041199999999],[79.8500589,6.937799700000001],[79.8497418,6.9376959],[79.8496568,6.937765100000002]]}},{"type":"Feature","id":"10548335","properties":{"id":"10548335","name":"Prince Street","names":{},"highway":"residential","tags":{"highway":"residential","is_in":"Pettah, Colombo, Western Province, Sri Lanka","maxspeed":"30","name":"Prince Street","oneway":"yes"},"width_m":3.5,"width_source":"Estimated from road class and direction","direction":"forward","direction_source":"OSM tag","access":null,"base_graph_eligible":true,"bridge":false,"tunnel":false,"layer":0,"lanes":null,"maxspeed":"30","length_m":482.46,"surface_layer":"roads"},"geometry":{"type":"LineString","coordinates":[[79.849759,6.9352817],[79.850634,6.9355833],[79.8509437,6.935680200000001],[79.8522411,6.936105199999999],[79.8529628,6.936341999999999],[79.8533792,6.936438599999998],[79.853941,6.936398999999999]]}},{"type":"Feature","id":"10548338","properties":{"id":"10548338","name":"Malwatte Road","names":{},"highway":"tertiary","tags":{"highway":"tertiary","is_in":"Pettah, Colombo, Western Province, Sri Lanka","lanes":"1","maxspeed":"30","name":"Malwatte Road","old_name":"Front Street","oneway":"yes","surface":"paving_stones"},"width_m":3.2,"width_source":"Estimated: mapped lanes × 3.2 m","direction":"forward","direction_source":"OSM tag","access":null,"base_graph_eligible":true,"bridge":false,"tunnel":false,"layer":0,"lanes":1,"maxspeed":"30","length_m":322.35,"surface_layer":"roads"},"geometry":{"type":"LineString","coordinates":[[79.8498718,6.934170099999999],[79.8498722,6.934231999999999],[79.8498695,6.934344899999999],[79.8498541,6.934529399999999],[79.8498157,6.934899299999999],[79.849759,6.9352817],[79.8497098,6.935613600000001],[79.8496693,6.935886799999998],[79.8496086,6.9361581999999995],[79.8495112,6.9366845999999995],[79.8494908,6.936757700000002],[79.849467,6.936806699999997],[79.8494236,6.9368476999999995],[79.8493529,6.936891700000001],[79.8492694,6.9369431]]}},{"type":"Feature","id":"10548342","properties":{"id":"10548342","name":"4th Cross Street","names":{},"highway":"residential","tags":{"highway":"residential","is_in":"Pettah, Colombo, Western Province, Sri Lanka","maxspeed":"40","name":"4th Cross Street","surface":"asphalt"},"width_m":6,"width_source":"Estimated from road class and direction","direction":"both","direction_source":"Default assumption; no direction tag","access":null,"base_graph_eligible":true,"bridge":false,"tunnel":false,"layer":0,"lanes":null,"maxspeed":"40","length_m":414.06,"surface_layer":"roads"},"geometry":{"type":"LineString","coordinates":[[79.8531959,6.938672099999998],[79.8533317,6.938301499999999],[79.8534327,6.937889599999999],[79.8534382,6.9371545],[79.8533792,6.936438599999998],[79.8533569,6.935699400000001],[79.8534834,6.935316800000001],[79.8535703,6.935136099999999],[79.8535772,6.935120099999999],[79.853579,6.935104],[79.853573,6.935060700000002],[79.85356310000002,6.9350101]]}},{"type":"Feature","id":"10548344","properties":{"id":"10548344","name":"5th Cross Street","names":{},"highway":"secondary","tags":{"highway":"secondary","lit":"yes","maxspeed":"40","name":"5th Cross Street","note":"Road declared in Gazette 06-06-1989 as AC9 5th Cross Street. Starts at Olcott Mawatha and ends at Main Street.. No one may alter this trace unless redefined and issued in a new Gazette.","oneway":"yes","ref":"AC9","surface":"asphalt"},"width_m":5.5,"width_source":"Estimated from road class and direction","direction":"forward","direction_source":"OSM tag","access":null,"base_graph_eligible":true,"bridge":false,"tunnel":false,"layer":0,"lanes":null,"maxspeed":"40","length_m":334.43,"surface_layer":"roads"},"geometry":{"type":"LineString","coordinates":[[79.8537659,6.934953899999998],[79.8537721,6.935010499999999],[79.8537814,6.935079],[79.853941,6.936398999999999],[79.8541197,6.937709600000001],[79.8541493,6.937953499999999]]}},{"type":"Feature","id":"10548351","properties":{"id":"10548351","name":"Hulftsdorp Street","names":{},"highway":"tertiary","tags":{"highway":"tertiary","lanes":"2","maxspeed":"40","name":"Hulftsdorp Street","surface":"asphalt"},"width_m":6.4,"width_source":"Estimated: mapped lanes × 3.2 m","direction":"both","direction_source":"Default assumption; no direction tag","access":null,"base_graph_eligible":true,"bridge":false,"tunnel":false,"layer":0,"lanes":2,"maxspeed":"40","length_m":205.53,"surface_layer":"roads"},"geometry":{"type":"LineString","coordinates":[[79.8606601,6.9365729000000025],[79.8605862,6.936430999999999],[79.8603922,6.9361052999999995],[79.8603443,6.936025500000001],[79.8602948,6.9359585],[79.8602643,6.935885599999999],[79.8602603,6.9358533],[79.86023770000001,6.9356889],[79.86012110000001,6.9350494000000005],[79.86007710000001,6.9349279],[79.86004640000002,6.934885900000002],[79.86002620000001,6.9348581]]}},{"type":"Feature","id":"10548353","properties":{"id":"10548353","name":"Adikarana Road","names":{},"highway":"tertiary","tags":{"highway":"tertiary","lit":"yes","maxspeed":"40","name":"Adikarana Road"},"width_m":9,"width_source":"Estimated from road class and direction","direction":"both","direction_source":"Default assumption; no direction tag","access":null,"base_graph_eligible":true,"bridge":false,"tunnel":false,"layer":0,"lanes":null,"maxspeed":"40","length_m":128.47,"surface_layer":"roads"},"geometry":{"type":"LineString","coordinates":[[79.86261230000001,6.9328007],[79.8624511,6.9329917],[79.86242810000002,6.9330191],[79.8622799,6.933254899999999],[79.8621906,6.933395499999999],[79.8619654,6.933763199999999]]}},{"type":"Feature","id":"10548362","properties":{"id":"10548362","name":"Olcott Mawatha","names":{},"highway":"trunk","tags":{"access":"yes","bridge":"no","description":"Road declared in Gazette 06-06-1989 as A1 CMB–KDY. Starts at Chatham St Clock Tower; runs via Chatham St, Olcott, Sangaraja, Pradeepa, Saddharma Mw, Baseline to Kelani Bridge. No one may alter this trace unless redefined and issued in a new Gazette.","highway":"trunk","int_ref":"AH43","lanes":"2","layer":"0","lit":"yes","maxspeed":"60","motor_vehicle":"yes","name":"Olcott Mawatha","nat_name":"Colombo-Kandy Road","network":"SL:national","official_name":"Olcott Mawatha","old_name":"Norris Road","oneway":"yes","operator":"Road Development Authority","ref":"A1","sidewalk":"left","surface":"asphalt"},"width_m":6.4,"width_source":"Estimated: mapped lanes × 3.2 m","direction":"forward","direction_source":"OSM tag","access":"yes","base_graph_eligible":true,"bridge":false,"tunnel":false,"layer":0,"lanes":2,"maxspeed":"60","length_m":163.54,"surface_layer":"roads"},"geometry":{"type":"LineString","coordinates":[[79.8589702,6.9319837],[79.8591573,6.931948900000001],[79.8591954,6.931943799999999],[79.8592721,6.931934000000001],[79.85934,6.931929299999998],[79.8594077,6.931928799999997],[79.8594668,6.931934999999999],[79.8595223,6.9319438],[79.8595786,6.9319548],[79.8596332,6.9319693000000004],[79.8597179,6.932],[79.8598279,6.9320423],[79.8599882,6.9321135],[79.8601685,6.932194199999999],[79.86032750000001,6.9322674],[79.860376,6.932287600000002]]}},{"type":"Feature","id":"10548374","properties":{"id":"10548374","name":"Sanchi Arachchi Garden","names":{},"highway":"tertiary","tags":{"highway":"tertiary","lit":"yes","maxspeed":"50","name":"Sanchi Arachchi Garden","oneway":"yes","surface":"asphalt"},"width_m":4.5,"width_source":"Estimated from road class and direction","direction":"forward","direction_source":"OSM tag","access":null,"base_graph_eligible":true,"bridge":false,"tunnel":false,"layer":0,"lanes":null,"maxspeed":"50","length_m":241.59,"surface_layer":"roads"},"geometry":{"type":"LineString","coordinates":[[79.8595564,6.933603499999999],[79.8594589,6.933504699999999],[79.8593871,6.933452800000003],[79.8593563,6.933434800000001],[79.8592588,6.933386499999999],[79.8583816,6.933075200000001],[79.8578826,6.932819199999999],[79.8576086,6.932649600000003]]}},{"type":"Feature","id":"10548393","properties":{"id":"10548393","name":"Dam Street","names":{"name:zh":"水坝街"},"highway":"tertiary","tags":{"highway":"tertiary","is_in":"Pettah, Colombo, Western Province, Sri Lanka","maxspeed":"40","name":"Dam Street","name:zh":"水坝街","surface":"asphalt"},"width_m":9,"width_source":"Estimated from road class and direction","direction":"both","direction_source":"Default assumption; no direction tag","access":null,"base_graph_eligible":true,"bridge":false,"tunnel":false,"layer":0,"lanes":null,"maxspeed":"40","length_m":492.42,"surface_layer":"roads"},"geometry":{"type":"LineString","coordinates":[[79.8567445,6.9386981],[79.85909550000001,6.9374201],[79.8605328,6.936641100000001],[79.8606601,6.9365729000000025]]}},{"type":"Feature","id":"10548396","properties":{"id":"10548396","name":"Hulftsdorp Street","names":{},"highway":"tertiary","tags":{"highway":"tertiary","lane_markings":"no","maxspeed":"40","name":"Hulftsdorp Street","surface":"asphalt"},"width_m":9,"width_source":"Estimated from road class and direction","direction":"both","direction_source":"Default assumption; no direction tag","access":null,"base_graph_eligible":true,"bridge":false,"tunnel":false,"layer":0,"lanes":null,"maxspeed":"40","length_m":195.27,"surface_layer":"roads"},"geometry":{"type":"LineString","coordinates":[[79.8606601,6.9365729000000025],[79.8607007,6.936661300000001],[79.8607483,6.936755099999999],[79.8608386,6.9369328],[79.8608777,6.937028799999998],[79.8609049,6.937139400000001],[79.8609227,6.937245000000001],[79.8608968,6.937344599999999],[79.8608355,6.937436699999999],[79.8607819,6.9375817999999985],[79.86073820000001,6.9378817],[79.86070890000002,6.938248599999999]]}},{"type":"Feature","id":"10548398","properties":{"id":"10548398","name":"Saunders Place","names":{},"highway":"tertiary","tags":{"highway":"tertiary","maxspeed":"40","name":"Saunders Place"},"width_m":9,"width_source":"Estimated from road class and direction","direction":"both","direction_source":"Default assumption; no direction tag","access":null,"base_graph_eligible":true,"bridge":false,"tunnel":false,"layer":0,"lanes":null,"maxspeed":"40","length_m":59.81,"surface_layer":"roads"},"geometry":{"type":"LineString","coordinates":[[79.8567445,6.9386981],[79.85675420000001,6.938782600000001],[79.85678663051468,6.93923719912674]]}},{"type":"Feature","id":"10548399","properties":{"id":"10548399","name":"Dam Street","names":{"name:zh":"水坝街"},"highway":"tertiary","tags":{"highway":"tertiary","maxspeed":"40","name":"Dam Street","name:zh":"水坝街","surface":"asphalt"},"width_m":9,"width_source":"Estimated from road class and direction","direction":"both","direction_source":"Default assumption; no direction tag","access":null,"base_graph_eligible":true,"bridge":false,"tunnel":false,"layer":0,"lanes":null,"maxspeed":"40","length_m":60.49,"surface_layer":"roads"},"geometry":{"type":"LineString","coordinates":[[79.8567445,6.9386981],[79.856395,6.938861099999998],[79.8562485,6.938929500000001]]}},{"type":"Feature","id":"10557898","properties":{"id":"10557898","name":"Sri Sangaraja Mawatha","names":{},"highway":"trunk","tags":{"access":"yes","bridge":"no","description":"Road declared in Gazette 06-06-1989 as A1 CMB–KDY. Starts at Chatham St Clock Tower; runs via Chatham St, Olcott, Sangaraja, Pradeepa, Saddharma Mw, Baseline to Kelani Bridge. No one may alter this trace unless redefined and issued in a new Gazette.","highway":"trunk","int_ref":"AH43","lanes":"4","layer":"0","lit":"yes","maxspeed":"60","motor_vehicle":"yes","name":"Sri Sangaraja Mawatha","nat_name":"Colombo-Kandy Road","network":"SL:national","official_name":"Sri Sangaraja Mawatha","old_name":"Skinner's Road South","oneway":"yes","operator":"Road Development Authority","ref":"A1","sidewalk":"both","surface":"asphalt"},"width_m":12.8,"width_source":"Estimated: mapped lanes × 3.2 m","direction":"forward","direction_source":"OSM tag","access":"yes","base_graph_eligible":true,"bridge":false,"tunnel":false,"layer":0,"lanes":4,"maxspeed":"60","length_m":204.5,"surface_layer":"roads"},"geometry":{"type":"LineString","coordinates":[[79.86106500000001,6.9324093],[79.86151340000002,6.9324748],[79.86224100000001,6.9326654],[79.86261230000001,6.9328007],[79.86284443911397,6.932893213709767]]}},{"type":"Feature","id":"10586778","properties":{"id":"10586778","name":"Bodhiraja Mawatha","names":{},"highway":"tertiary","tags":{"highway":"tertiary","lit":"yes","maxspeed":"40","name":"Bodhiraja Mawatha","oneway":"yes","ref":"AC10","surface":"asphalt"},"width_m":4.5,"width_source":"Estimated from road class and direction","direction":"forward","direction_source":"OSM tag","access":null,"base_graph_eligible":true,"bridge":false,"tunnel":false,"layer":0,"lanes":null,"maxspeed":"40","length_m":295.47,"surface_layer":"roads"},"geometry":{"type":"LineString","coordinates":[[79.8542943,6.939068700000001],[79.8544105,6.938900800000001],[79.8544546,6.938736699999999],[79.8544515,6.938521899999999],[79.8544061,6.937930399999999],[79.8543887,6.937809699999999],[79.8543339,6.9374434],[79.8541889,6.936456699999999]]}},{"type":"Feature","id":"13859250","properties":{"id":"13859250","name":"Justice Akbar Mawatha","names":{},"highway":"primary","tags":{"highway":"primary","lit":"yes","loc_name":"Rifle Street","maxspeed":"40","name":"Justice Akbar Mawatha","note":"Road Type Updated.","oneway":"yes","surface":"asphalt"},"width_m":7.0,"width_source":"Estimated from road class and direction","direction":"forward","direction_source":"OSM tag","access":null,"base_graph_eligible":true,"bridge":false,"tunnel":false,"layer":0,"lanes":null,"maxspeed":"40","length_m":160.99,"surface_layer":"roads"},"geometry":{"type":"LineString","coordinates":[[79.85210179999999,6.9231615],[79.85195529999999,6.923233899999997],[79.85155439999998,6.923432199999999],[79.85098099999999,6.923720799999998],[79.8509265,6.923750499999998],[79.85079609999998,6.923806299999998]]}},{"type":"Feature","id":"13859257","properties":{"id":"13859257","name":null,"names":{},"highway":"service","tags":{"highway":"service","maxspeed":"60"},"width_m":4,"width_source":"Estimated from road class and direction","direction":"both","direction_source":"Default assumption; no direction tag","access":null,"base_graph_eligible":true,"bridge":false,"tunnel":false,"layer":0,"lanes":null,"maxspeed":"60","length_m":170.8,"surface_layer":"roads"},"geometry":{"type":"LineString","coordinates":[[79.8489024,6.928971199999998],[79.8489957,6.928918399999998],[79.8491769,6.928787199999998],[79.84938279999999,6.928645800000003],[79.84944,6.928684600000001],[79.84949149999998,6.9287493000000016],[79.8494844,6.928775300000001],[79.8493017,6.9289163],[79.84926609999998,6.928947900000001],[79.8490499,6.929110799999999],[79.84901129999999,6.9291258],[79.8489756,6.929102899999999],[79.84894199999998,6.9290633999999995],[79.84891709999998,6.929017899999999],[79.8489024,6.928971199999998]]}},{"type":"Feature","id":"13884292","properties":{"id":"13884292","name":"D. R. Wijewardene Mawatha","names":{},"highway":"primary","tags":{"highway":"primary","lanes":"2","lit":"yes","loc_name":"McCallum Road","maxspeed":"60","name":"D. R. Wijewardene Mawatha","note":"Road declared in Gazette dated 06-06-1989 as AC6 D. R. Wijewardene Mawatha from Lakehouse Roundabout to Gaminie Hall Roundabout. No one may alter this trace unless redefined and issued in a new Gazette.","oneway":"yes","ref":"AC6","sidewalk":"left","smoothness":"bad","surface":"asphalt"},"width_m":6.4,"width_source":"Estimated: mapped lanes × 3.2 m","direction":"forward","direction_source":"OSM tag","access":null,"base_graph_eligible":true,"bridge":false,"tunnel":false,"layer":0,"lanes":2,"maxspeed":"60","length_m":1028.64,"surface_layer":"roads"},"geometry":{"type":"LineString","coordinates":[[79.8614343,6.927036799999999],[79.86103679999998,6.927109799999999],[79.8607128,6.927182700000001],[79.8605175,6.927239199999999],[79.8602286,6.927350999999999],[79.8597636,6.927545999999999],[79.8592804,6.927765900000002],[79.8589765,6.927920800000001],[79.85884,6.9279893],[79.8587019,6.9280586],[79.8583663,6.928232000000001],[79.8580164,6.9284211],[79.8578586,6.928506400000001],[79.8576677,6.9286096],[79.8575753,6.9286595],[79.85740040000002,6.928771600000001],[79.8572146,6.928911299999998],[79.8570146,6.9291157000000005],[79.8568355,6.9293392],[79.856326,6.930175599999999],[79.856276,6.9302528],[79.8558918,6.930884600000001],[79.8558249,6.930976899999998],[79.8557326,6.931080399999999],[79.855593,6.931188599999999],[79.8554913,6.931247200000001],[79.8552382,6.9313379],[79.85382689999999,6.931701699999999]]}},{"type":"Feature","id":"23194251","properties":{"id":"23194251","name":"Olcott Mawatha","names":{},"highway":"trunk","tags":{"access":"yes","description":"Road declared in Gazette 06-06-1989 as A1 CMB–KDY. Starts at Chatham St Clock Tower; runs via Chatham St, Olcott, Sangaraja, Pradeepa, Saddharma Mw, Baseline to Kelani Bridge. No one may alter this trace unless redefined and issued in a new Gazette.","highway":"trunk","int_ref":"AH43","lanes":"2","lit":"yes","maxspeed":"60","motor_vehicle":"yes","name":"Olcott Mawatha","nat_name":"Colombo-Kandy Road","network":"SL:national","official_name":"Olcott Mawatha","old_name":"Norris Road","oneway":"yes","operator":"Road Development Authority","ref":"A1","sidewalk":"left","surface":"asphalt"},"width_m":6.4,"width_source":"Estimated: mapped lanes × 3.2 m","direction":"forward","direction_source":"OSM tag","access":"yes","base_graph_eligible":true,"bridge":false,"tunnel":false,"layer":0,"lanes":2,"maxspeed":"60","length_m":347.83,"surface_layer":"roads"},"geometry":{"type":"LineString","coordinates":[[79.8481223,6.934224399999997],[79.8481458,6.934229600000001],[79.84826460000001,6.934241600000002],[79.8483949,6.934248000000002],[79.848509,6.934250099999998],[79.8486653,6.934246000000001],[79.8490926,6.934215899999998],[79.8493959,6.9341956],[79.8496006,6.934181700000001],[79.8498718,6.934170099999999],[79.8499699,6.934163000000001],[79.8500837,6.9341618],[79.8501885,6.9341669999999995],[79.850288,6.9341726],[79.8503945,6.934188999999999],[79.8504949,6.9342072],[79.8506271,6.934235000000001],[79.8507506,6.934272300000002],[79.8509478,6.934336],[79.8511268,6.9343954000000005],[79.8512287,6.934429899999998]]}},{"type":"Feature","id":"23570028","properties":{"id":"23570028","name":"Olcott Mawatha","names":{},"highway":"trunk","tags":{"access":"yes","bridge":"yes","description":"Road declared in Gazette 06-06-1989 as A1 CMB–KDY. Starts at Chatham St Clock Tower; runs via Chatham St, Olcott, Sangaraja, Pradeepa, Saddharma Mw, Baseline to Kelani Bridge. No one may alter this trace unless redefined and issued in a new Gazette.","highway":"trunk","int_ref":"AH43","lanes":"2","layer":"1","lit":"yes","maxspeed":"60","motor_vehicle":"yes","name":"Olcott Mawatha","nat_name":"Colombo-Kandy Road","network":"SL:national","official_name":"Olcott Mawatha","old_name":"Norris Road","oneway":"yes","operator":"Road Development Authority","ref":"A1","sidewalk":"left","surface":"asphalt"},"width_m":6.4,"width_source":"Estimated: mapped lanes × 3.2 m","direction":"forward","direction_source":"OSM tag","access":"yes","base_graph_eligible":true,"bridge":true,"tunnel":false,"layer":1,"lanes":2,"maxspeed":"60","length_m":54.83,"surface_layer":"bridges"},"geometry":{"type":"LineString","coordinates":[[79.84763330000001,6.934140400000001],[79.8476633,6.934144800000001],[79.847835,6.934175300000001],[79.8479868,6.934201999999998],[79.8481223,6.934224399999997]]}},{"type":"Feature","id":"23924485","properties":{"id":"23924485","name":"Sir Chittampalam A. Gardiner Mawatha","names":{},"highway":"trunk","tags":{"alt_name":"Colombo-Ratnapura-Wellawaya-Batticaloa Road","highway":"trunk","lanes":"4","lit":"yes","loc_name":"Parson's Road","maxspeed":"60","name":"Sir Chittampalam A. Gardiner Mawatha","note":"Road declared in Gazette 06-06-1989 as A4 Colombo-Ratnapura-Wellawaya-Batticaloa Road. Starts at CTO RB; runs via Chittampalam Gardener, Ratnam, Thummulla Jct, Havelock Road. No one may alter this trace unless redefined and issued in a new Gazette.","oneway":"yes","ref":"A4","sidewalk:left":"separate","surface":"asphalt","turn:lanes":"through|through|through|right"},"width_m":12.8,"width_source":"Estimated: mapped lanes × 3.2 m","direction":"forward","direction_source":"OSM tag","access":null,"base_graph_eligible":true,"bridge":false,"tunnel":false,"layer":0,"lanes":4,"maxspeed":"60","length_m":90.84,"surface_layer":"roads"},"geometry":{"type":"LineString","coordinates":[[79.8469874,6.931183500000001],[79.8469491,6.931354299999998],[79.8468607,6.931776099999999],[79.8468308,6.931916699999999],[79.8468093,6.931985099999999]]}},{"type":"Feature","id":"23951709","properties":{"id":"23951709","name":"Slave Island Police Round About","names":{},"highway":"trunk","tags":{"highway":"trunk","lanes":"2","lit":"yes","maxspeed":"40","name":"Slave Island Police Round About","note":"This is a round about called Slave Island Police Round About","oneway":"yes","surface":"asphalt"},"width_m":6.4,"width_source":"Estimated: mapped lanes × 3.2 m","direction":"forward","direction_source":"OSM tag","access":null,"base_graph_eligible":true,"bridge":false,"tunnel":false,"layer":0,"lanes":2,"maxspeed":"40","length_m":44.97,"surface_layer":"roads"},"geometry":{"type":"LineString","coordinates":[[79.8498962,6.9276427],[79.8499281,6.927581599999999],[79.849933,6.9275449],[79.8499285,6.927506],[79.8499151,6.927471399999999],[79.8498944,6.927441400000001],[79.8498754,6.9274234],[79.8498536,6.927408800000001],[79.8498313,6.9273987],[79.8498012,6.927391],[79.84976279999998,6.927390000000001],[79.84972219999999,6.9273996]]}},{"type":"Feature","id":"24255939","properties":{"id":"24255939","name":"Sir Chittampalam A. Gardiner Mawatha","names":{},"highway":"trunk","tags":{"alt_name":"Colombo-Ratnapura-Wellawaya-Batticaloa Road","bridge":"yes","highway":"trunk","lanes":"2","layer":"1","lit":"yes","loc_name":"Parson's Road","maxspeed":"60","name":"Sir Chittampalam A. Gardiner Mawatha","note":"Road declared in Gazette 06-06-1989 as A4 Colombo-Ratnapura-Wellawaya-Batticaloa Road. Starts at CTO RB; runs via Chittampalam Gardener, Ratnam, Thummulla Jct, Havelock Road. No one may alter this trace unless redefined and issued in a new Gazette.","oneway":"yes","ref":"A4","sidewalk:left":"separate","surface":"asphalt"},"width_m":6.4,"width_source":"Estimated: mapped lanes × 3.2 m","direction":"forward","direction_source":"OSM tag","access":null,"base_graph_eligible":true,"bridge":true,"tunnel":false,"layer":1,"lanes":2,"maxspeed":"60","length_m":22.35,"surface_layer":"bridges"},"geometry":{"type":"LineString","coordinates":[[79.8470413,6.930988700000001],[79.8470258,6.931041799999998],[79.8469874,6.931183500000001]]}},{"type":"Feature","id":"24255940","properties":{"id":"24255940","name":"Sir Chittampalam A. Gardiner Mawatha","names":{},"highway":"trunk","tags":{"alt_name":"Colombo-Ratnapura-Wellawaya-Batticaloa Road","highway":"trunk","lanes":"2","lit":"yes","loc_name":"Parson's Road","maxspeed":"60","name":"Sir Chittampalam A. Gardiner Mawatha","note":"Road declared in Gazette 06-06-1989 as A4 Colombo-Ratnapura-Wellawaya-Batticaloa Road. Starts at CTO RB; runs via Chittampalam Gardener, Ratnam, Thummulla Jct, Havelock Road. No one may alter this trace unless redefined and issued in a new Gazette.","oneway":"yes","ref":"A4","sidewalk":"left","surface":"asphalt"},"width_m":6.4,"width_source":"Estimated: mapped lanes × 3.2 m","direction":"forward","direction_source":"OSM tag","access":null,"base_graph_eligible":true,"bridge":false,"tunnel":false,"layer":0,"lanes":2,"maxspeed":"60","length_m":429.47,"surface_layer":"roads"},"geometry":{"type":"LineString","coordinates":[[79.8496488,6.927458400000001],[79.84922380000002,6.927900499999999],[79.8486542,6.928564299999999],[79.84855209999999,6.9286834],[79.8484189,6.928841800000001],[79.8483999,6.928864299999998],[79.8483122,6.928975499999999],[79.8482391,6.929067999999998],[79.84733329999999,6.9303129000000006],[79.8472316,6.930489999999997]]}},{"type":"Feature","id":"24255941","properties":{"id":"24255941","name":"Sir Chittampalam A. Gardiner Mawatha","names":{},"highway":"trunk","tags":{"alt_name":"Colombo-Ratnapura-Wellawaya-Batticaloa Road","bridge":"yes","highway":"trunk","lanes":"2","layer":"1","lit":"yes","loc_name":"Parson's Road","maxspeed":"60","name":"Sir Chittampalam A. Gardiner Mawatha","note":"Road declared in Gazette 06-06-1989 as A4 Colombo-Ratnapura-Wellawaya-Batticaloa Road. Starts at CTO RB; runs via Chittampalam Gardener, Ratnam, Thummulla Jct, Havelock Road. No one may alter this trace unless redefined and issued in a new Gazette.","oneway":"yes","ref":"A4","surface":"asphalt"},"width_m":6.4,"width_source":"Estimated: mapped lanes × 3.2 m","direction":"forward","direction_source":"OSM tag","access":null,"base_graph_eligible":true,"bridge":true,"tunnel":false,"layer":1,"lanes":2,"maxspeed":"60","length_m":22.44,"surface_layer":"bridges"},"geometry":{"type":"LineString","coordinates":[[79.847074,6.931218299999998],[79.8471038,6.9310823999999975],[79.8471192,6.9310205]]}},{"type":"Feature","id":"24255942","properties":{"id":"24255942","name":"Sir Chittampalam A. Gardiner Mawatha","names":{},"highway":"trunk","tags":{"alt_name":"Colombo-Ratnapura-Wellawaya-Batticaloa Road","highway":"trunk","lanes":"2","lit":"yes","loc_name":"Parson's Road","maxspeed":"60","name":"Sir Chittampalam A. Gardiner Mawatha","note":"Road declared in Gazette 06-06-1989 as A4 Colombo-Ratnapura-Wellawaya-Batticaloa Road. Starts at CTO RB; runs via Chittampalam Gardener, Ratnam, Thummulla Jct, Havelock Road. No one may alter this trace unless redefined and issued in a new Gazette.","oneway":"yes","ref":"A4","sidewalk":"left","surface":"asphalt"},"width_m":6.4,"width_source":"Estimated: mapped lanes × 3.2 m","direction":"forward","direction_source":"OSM tag","access":null,"base_graph_eligible":true,"bridge":false,"tunnel":false,"layer":0,"lanes":2,"maxspeed":"60","length_m":479.17,"surface_layer":"roads"},"geometry":{"type":"LineString","coordinates":[[79.8471192,6.9310205],[79.8472314,6.930701700000001],[79.8473101,6.930533800000001],[79.8473628,6.930443399999999],[79.84747069999999,6.9302774000000005],[79.84749419999999,6.930241099999997],[79.8482845,6.9292082],[79.84840539999999,6.9290626],[79.8485058,6.928941599999997],[79.84856229999998,6.928873600000002],[79.84865529999999,6.9287615],[79.8489897,6.928373199999999],[79.84932479999999,6.927992400000001],[79.8494168,6.927918600000001],[79.84943200000001,6.927906500000001],[79.84950789999999,6.9278457],[79.8495899,6.9277957],[79.8496799,6.927753400000001],[79.84980050000001,6.927695299999999]]}},{"type":"Feature","id":"24790881","properties":{"id":"24790881","name":"Lotus Road","names":{"name:en":"Lotus Road","name:zh":"莲花路","name:zh-Hans":"莲花路","name:zh-Hant":"蓮花路"},"highway":"primary","tags":{"access":"yes","highway":"primary","lit":"yes","maxspeed":"30","name":"Lotus Road","name:en":"Lotus Road","name:zh":"莲花路","name:zh-Hans":"莲花路","name:zh-Hant":"蓮花路","note":"Road declared in Gazette 06-06-1989 as AC15 Lotus Road. Starts at CTO Junction and ending on the Main Street. No one may alter this trace unless redefined and issued in a new Gazette.","ref":"AC15","surface":"asphalt"},"width_m":14,"width_source":"Estimated from road class and direction","direction":"both","direction_source":"Default assumption; no direction tag","access":"yes","base_graph_eligible":true,"bridge":false,"tunnel":false,"layer":0,"lanes":null,"maxspeed":"30","length_m":226.41,"surface_layer":"roads"},"geometry":{"type":"LineString","coordinates":[[79.8469829,6.9362774],[79.8469859,6.936170400000001],[79.8470216,6.935218499999999],[79.8470047,6.9347116],[79.8469944,6.9342312]]}},{"type":"Feature","id":"29461824","properties":{"id":"29461824","name":"Old Moor Street","names":{},"highway":"residential","tags":{"highway":"residential","maxspeed":"40","name":"Old Moor Street","surface":"asphalt"},"width_m":6,"width_source":"Estimated from road class and direction","direction":"both","direction_source":"Default assumption; no direction tag","access":null,"base_graph_eligible":true,"bridge":false,"tunnel":false,"layer":0,"lanes":null,"maxspeed":"40","length_m":329.12,"surface_layer":"roads"},"geometry":{"type":"LineString","coordinates":[[79.85969435524919,6.939237199613303],[79.8593428,6.939185499999999],[79.85886880000001,6.9391005],[79.858419,6.9390095],[79.8572637,6.938812799999999],[79.85675420000001,6.938782600000001]]}},{"type":"Feature","id":"29461844","properties":{"id":"29461844","name":"Srimath Bandaranayake Mawatha","names":{},"highway":"tertiary","tags":{"alt_name":"Bandaranayake Road","highway":"tertiary","maxspeed":"40","name":"Srimath Bandaranayake Mawatha","surface":"asphalt"},"width_m":9,"width_source":"Estimated from road class and direction","direction":"both","direction_source":"Default assumption; no direction tag","access":null,"base_graph_eligible":true,"bridge":false,"tunnel":false,"layer":0,"lanes":null,"maxspeed":"40","length_m":253.75,"surface_layer":"roads"},"geometry":{"type":"LineString","coordinates":[[79.86070890000002,6.938248599999999],[79.8607198,6.938292699999998],[79.8607982,6.9384305],[79.8608972,6.9385035],[79.861482,6.938766799999999],[79.8615786,6.938803399999999],[79.8624775,6.939143999999999],[79.86272334328545,6.9392371811970515]]}},{"type":"Feature","id":"29548364","properties":{"id":"29548364","name":"3rd Cross Street","names":{},"highway":"residential","tags":{"highway":"residential","maxspeed":"30","name":"3rd Cross Street","surface":"asphalt"},"width_m":6,"width_source":"Estimated from road class and direction","direction":"both","direction_source":"Default assumption; no direction tag","access":null,"base_graph_eligible":true,"bridge":false,"tunnel":false,"layer":0,"lanes":null,"maxspeed":"30","length_m":225.12,"surface_layer":"roads"},"geometry":{"type":"LineString","coordinates":[[79.8525274,6.938314599999998],[79.8528088,6.937604200000001],[79.8528955,6.936891800000001],[79.8529628,6.936341999999999]]}},{"type":"Feature","id":"34695067","properties":{"id":"34695067","name":"Khan Clock Tower Roundabout","names":{},"highway":"primary","tags":{"direction":"clockwise","highway":"primary","junction":"roundabout","lanes":"3","lit":"yes","maxspeed":"60","name":"Khan Clock Tower Roundabout","note":"This is called Khan Clock Tower Roundabout circling the Clock Tower.","oneway":"yes","surface":"asphalt"},"width_m":9.6,"width_source":"Estimated: mapped lanes × 3.2 m","direction":"forward","direction_source":"OSM tag","access":null,"base_graph_eligible":true,"bridge":false,"tunnel":false,"layer":0,"lanes":3,"maxspeed":"60","length_m":122.74,"surface_layer":"roads"},"geometry":{"type":"LineString","coordinates":[[79.8492236,6.9369442],[79.8491797,6.936956800000001],[79.8491404,6.936980100000001],[79.8490998,6.9370251],[79.84907680000002,6.937081],[79.8490741,6.937141299999999],[79.849092,6.937198999999998],[79.8491284,6.937247299999999],[79.84914,6.937257300000001],[79.8491852,6.9372833],[79.8492362,6.9372951],[79.8492883,6.937291699999997],[79.8493373,6.937273500000001],[79.8493788,6.937241899999999],[79.8494092,6.9371997],[79.8494279,6.937137699999998],[79.8494228,6.9370731999999995],[79.8493947,6.937014799999999],[79.8493474,6.9369704],[79.84931,6.936952200000001],[79.8492694,6.9369431],[79.8492236,6.9369442]]}},{"type":"Feature","id":"34695069","properties":{"id":"34695069","name":"Keyzer Street","names":{},"highway":"residential","tags":{"highway":"residential","maxspeed":"40","name":"Keyzer Street","source":"yahoo"},"width_m":6,"width_source":"Estimated from road class and direction","direction":"both","direction_source":"Default assumption; no direction tag","access":null,"base_graph_eligible":true,"bridge":false,"tunnel":false,"layer":0,"lanes":null,"maxspeed":"40","length_m":251.85,"surface_layer":"roads"},"geometry":{"type":"LineString","coordinates":[[79.8540384,6.938063600000002],[79.8534327,6.937889599999999],[79.8528088,6.937604200000001],[79.8519364,6.937197800000001]]}},{"type":"Feature","id":"34695072","properties":{"id":"34695072","name":"China Street","names":{},"highway":"residential","tags":{"highway":"residential","maxspeed":"30","name":"China Street","oneway":"yes","source":"yahoo","surface":"asphalt"},"width_m":3.5,"width_source":"Estimated from road class and direction","direction":"forward","direction_source":"OSM tag","access":null,"base_graph_eligible":true,"bridge":false,"tunnel":false,"layer":0,"lanes":null,"maxspeed":"30","length_m":81.1,"surface_layer":"roads"},"geometry":{"type":"LineString","coordinates":[[79.85250830095633,6.939237166057907],[79.85250860000001,6.939236599999999],[79.852836,6.938581]]}},{"type":"Feature","id":"34695075","properties":{"id":"34695075","name":"St John Street","names":{},"highway":"residential","tags":{"highway":"residential","lane_markings":"no","maxspeed":"40","name":"St John Street","source":"yahoo","surface":"asphalt"},"width_m":6,"width_source":"Estimated from road class and direction","direction":"both","direction_source":"Default assumption; no direction tag","access":null,"base_graph_eligible":true,"bridge":false,"tunnel":false,"layer":0,"lanes":null,"maxspeed":"40","length_m":49.91,"surface_layer":"roads"},"geometry":{"type":"LineString","coordinates":[[79.85342048712133,6.939237176339747],[79.8535308,6.9387995]]}},{"type":"Feature","id":"34695077","properties":{"id":"34695077","name":"Sea Street","names":{"name:zh":"大海街"},"highway":"primary","tags":{"highway":"primary","lit":"yes","maxspeed":"40","name":"Sea Street","name:zh":"大海街","oneway":"yes","source":"yahoo","surface":"asphalt"},"width_m":7.0,"width_source":"Estimated from road class and direction","direction":"forward","direction_source":"OSM tag","access":null,"base_graph_eligible":true,"bridge":false,"tunnel":false,"layer":0,"lanes":null,"maxspeed":"40","length_m":12.8,"surface_layer":"roads"},"geometry":{"type":"LineString","coordinates":[[79.8540892,6.939121599999999],[79.85409528223333,6.93923718281888]]}},{"type":"Feature","id":"34695079","properties":{"id":"34695079","name":"Dam Street","names":{"name:zh":"水坝街"},"highway":"secondary","tags":{"highway":"secondary","lane_markings":"no","maxspeed":"40","name":"Dam Street","name:zh":"水坝街","note":"Road Type Updated.","surface":"asphalt"},"width_m":11,"width_source":"Estimated from road class and direction","direction":"both","direction_source":"Default assumption; no direction tag","access":null,"base_graph_eligible":true,"bridge":false,"tunnel":false,"layer":0,"lanes":null,"maxspeed":"40","length_m":130.03,"surface_layer":"roads"},"geometry":{"type":"LineString","coordinates":[[79.8542831,6.9391297000000005],[79.8544707,6.9391750000000005],[79.8548441,6.939219600000002],[79.8554517,6.9392216000000015]]}},{"type":"Feature","id":"34695083","properties":{"id":"34695083","name":"Hulftsdorp Street","names":{},"highway":"tertiary","tags":{"highway":"tertiary","lane_markings":"no","maxspeed":"40","name":"Hulftsdorp Street","oneway":"yes","surface":"asphalt"},"width_m":4.5,"width_source":"Estimated from road class and direction","direction":"forward","direction_source":"OSM tag","access":null,"base_graph_eligible":true,"bridge":false,"tunnel":false,"layer":0,"lanes":null,"maxspeed":"40","length_m":112.3,"surface_layer":"roads"},"geometry":{"type":"LineString","coordinates":[[79.86052659453068,6.939237196477163],[79.8605684,6.9390336],[79.860631,6.9383953],[79.8606645,6.9383247],[79.86070890000002,6.938248599999999]]}},{"type":"Feature","id":"34695084","properties":{"id":"34695084","name":"St. Sebastian Street","names":{},"highway":"tertiary","tags":{"highway":"tertiary","maxspeed":"50","name":"St. Sebastian Street","note":"Road name spelling corrected and type updated.","source":"yahoo","surface":"asphalt"},"width_m":9,"width_source":"Estimated from road class and direction","direction":"both","direction_source":"Default assumption; no direction tag","access":null,"base_graph_eligible":true,"bridge":false,"tunnel":false,"layer":0,"lanes":null,"maxspeed":"50","length_m":347.84,"surface_layer":"roads"},"geometry":{"type":"LineString","coordinates":[[79.85909550000001,6.9374201],[79.8589341,6.9371353],[79.8588828,6.937032199999998],[79.8587198,6.936712899999999],[79.8584658,6.936253600000001],[79.8583522,6.9359271],[79.85828410000002,6.935627699999998],[79.8582776,6.935265999999999],[79.8583231,6.934970300000001],[79.8584145,6.934723100000001],[79.8584508,6.934624599999999],[79.8584563,6.9344871999999995]]}},{"type":"Feature","id":"34695086","properties":{"id":"34695086","name":"Dias Place","names":{},"highway":"tertiary","tags":{"alt_name":"Poorwarama Road","highway":"tertiary","maxspeed":"40","name":"Dias Place","source":"Local knowledge","surface":"asphalt"},"width_m":9,"width_source":"Estimated from road class and direction","direction":"both","direction_source":"Default assumption; no direction tag","access":null,"base_graph_eligible":true,"bridge":false,"tunnel":false,"layer":0,"lanes":null,"maxspeed":"40","length_m":361.1,"surface_layer":"roads"},"geometry":{"type":"LineString","coordinates":[[79.8588828,6.937032199999998],[79.8570753,6.936549899999999],[79.85697129999998,6.936522000000003],[79.8566528,6.9364405],[79.855724,6.9361969]]}},{"type":"Feature","id":"34695087","properties":{"id":"34695087","name":"Meeraniya Street","names":{},"highway":"tertiary","tags":{"highway":"tertiary","maxspeed":"40","name":"Meeraniya Street","surface":"asphalt"},"width_m":9,"width_source":"Estimated from road class and direction","direction":"both","direction_source":"Default assumption; no direction tag","access":null,"base_graph_eligible":true,"bridge":false,"tunnel":false,"layer":0,"lanes":null,"maxspeed":"40","length_m":41.41,"surface_layer":"roads"},"geometry":{"type":"LineString","coordinates":[[79.8608968,6.937344599999999],[79.8612678,6.937397099999998]]}},{"type":"Feature","id":"34695088","properties":{"id":"34695088","name":"Hulftsdorp – Meeraniya Connection","names":{},"highway":"residential","tags":{"highway":"residential","maxspeed":"30","name":"Hulftsdorp – Meeraniya Connection","source":"yahoo","surface":"asphalt"},"width_m":6,"width_source":"Estimated from road class and direction","direction":"both","direction_source":"Default assumption; no direction tag","access":null,"base_graph_eligible":true,"bridge":false,"tunnel":false,"layer":0,"lanes":null,"maxspeed":"30","length_m":234.82,"surface_layer":"roads"},"geometry":{"type":"LineString","coordinates":[[79.8608386,6.9369328],[79.8614975,6.9366816],[79.8620275,6.9364875],[79.8623263,6.936385500000001],[79.8625474,6.936306900000001],[79.86284447102524,6.9362390701619745]]}},{"type":"Feature","id":"34695089","properties":{"id":"34695089","name":"Meeraniya Link","names":{},"highway":"residential","tags":{"highway":"residential","maxspeed":"30","name":"Meeraniya Link","source":"yahoo"},"width_m":6,"width_source":"Estimated from road class and direction","direction":"both","direction_source":"Default assumption; no direction tag","access":null,"base_graph_eligible":true,"bridge":false,"tunnel":false,"layer":0,"lanes":null,"maxspeed":"30","length_m":98.4,"surface_layer":"roads"},"geometry":{"type":"LineString","coordinates":[[79.8625474,6.936306900000001],[79.8627397,6.936875600000001],[79.86284447967198,6.937145476179876]]}},{"type":"Feature","id":"48703019","properties":{"id":"48703019","name":"Mews Street","names":{},"highway":"residential","tags":{"highway":"residential","maxspeed":"30","name":"Mews Street","oneway":"yes"},"width_m":3.5,"width_source":"Estimated from road class and direction","direction":"forward","direction_source":"OSM tag","access":null,"base_graph_eligible":true,"bridge":false,"tunnel":false,"layer":0,"lanes":null,"maxspeed":"30","length_m":175.04,"surface_layer":"roads"},"geometry":{"type":"LineString","coordinates":[[79.850341,6.9259246999999995],[79.8510346,6.925667099999998],[79.851165,6.925388899999997],[79.8516839,6.925525300000001]]}},{"type":"Feature","id":"48703816","properties":{"id":"48703816","name":"Leyden Bastian Road","names":{},"highway":"tertiary","tags":{"highway":"tertiary","lit":"yes","maxspeed":"50","name":"Leyden Bastian Road","oneway":"yes","surface":"asphalt"},"width_m":4.5,"width_source":"Estimated from road class and direction","direction":"forward","direction_source":"OSM tag","access":null,"base_graph_eligible":true,"bridge":false,"tunnel":false,"layer":0,"lanes":null,"maxspeed":"50","length_m":28.13,"surface_layer":"roads"},"geometry":{"type":"LineString","coordinates":[[79.84655635608183,6.937015254904989],[79.8465586,6.937014300000002],[79.8467884,6.936910599999999]]}},{"type":"Feature","id":"48750388","properties":{"id":"48750388","name":"Zaviya Road","names":{},"highway":"tertiary","tags":{"highway":"tertiary","lit":"yes","maxspeed":"40","name":"Zaviya Road"},"width_m":9,"width_source":"Estimated from road class and direction","direction":"both","direction_source":"Default assumption; no direction tag","access":null,"base_graph_eligible":true,"bridge":false,"tunnel":false,"layer":0,"lanes":null,"maxspeed":"40","length_m":51.33,"surface_layer":"roads"},"geometry":{"type":"LineString","coordinates":[[79.85282789999998,6.923799199999999],[79.85269719999998,6.923461099999999],[79.85265269999998,6.923369599999998]]}},{"type":"Feature","id":"48755170","properties":{"id":"48755170","name":"Church Street","names":{},"highway":"tertiary","tags":{"highway":"tertiary","lit":"yes","maxspeed":"40","name":"Church Street"},"width_m":9,"width_source":"Estimated from road class and direction","direction":"both","direction_source":"Default assumption; no direction tag","access":null,"base_graph_eligible":true,"bridge":false,"tunnel":false,"layer":0,"lanes":null,"maxspeed":"40","length_m":89.13,"surface_layer":"roads"},"geometry":{"type":"LineString","coordinates":[[79.850725,6.923751000000002],[79.85088416969299,6.922960873268063]]}},{"type":"Feature","id":"48805113","properties":{"id":"48805113","name":"N. H. M. Abdul Cader Mawatha","names":{},"highway":"primary","tags":{"highway":"primary","lit":"yes","maxspeed":"50","name":"N. H. M. Abdul Cader Mawatha","note":"Road declared in Gazette 06-06-1989 as A20-N. H. M. Abdul Cader Mawatha. No one may alter this trace unless redefined and issued in a new Gazette.","old_name":"Reclamation Road","oneway":"yes","ref":"AC20"},"width_m":7.0,"width_source":"Estimated from road class and direction","direction":"forward","direction_source":"OSM tag","access":null,"base_graph_eligible":true,"bridge":false,"tunnel":false,"layer":0,"lanes":null,"maxspeed":"50","length_m":50.53,"surface_layer":"roads"},"geometry":{"type":"LineString","coordinates":[[79.8494713,6.937629200000001],[79.8494734,6.9375659],[79.8494142,6.9374957],[79.8493959,6.937449700000002],[79.8493902,6.937381399999999],[79.8493892,6.937297799999999],[79.8494092,6.9371997]]}},{"type":"Feature","id":"48807416","properties":{"id":"48807416","name":"Mihindu Mawatha – Santhiarachchi Garden Connection","names":{},"highway":"residential","tags":{"highway":"residential","maxspeed":"30","name":"Mihindu Mawatha – Santhiarachchi Garden Connection","surface":"asphalt"},"width_m":6,"width_source":"Estimated from road class and direction","direction":"both","direction_source":"Default assumption; no direction tag","access":null,"base_graph_eligible":true,"bridge":false,"tunnel":false,"layer":0,"lanes":null,"maxspeed":"30","length_m":164.04,"surface_layer":"roads"},"geometry":{"type":"LineString","coordinates":[[79.8584563,6.9344871999999995],[79.8582366,6.9339752],[79.8582195,6.9339068],[79.8582525,6.933426300000001],[79.8583816,6.933075200000001]]}},{"type":"Feature","id":"48807868","properties":{"id":"48807868","name":"Bodhiraja Road","names":{},"highway":"tertiary","tags":{"highway":"tertiary","maxspeed":"40","name":"Bodhiraja Road","surface":"asphalt"},"width_m":9,"width_source":"Estimated from road class and direction","direction":"both","direction_source":"Default assumption; no direction tag","access":null,"base_graph_eligible":true,"bridge":false,"tunnel":false,"layer":0,"lanes":null,"maxspeed":"40","length_m":190.3,"surface_layer":"roads"},"geometry":{"type":"LineString","coordinates":[[79.8556521,6.9364265000000005],[79.8554483,6.936425800000001],[79.8553665,6.936425499999999],[79.8542579,6.9364774],[79.8541889,6.936456699999999],[79.853941,6.936398999999999]]}},{"type":"Feature","id":"48809066","properties":{"id":"48809066","name":"Arnold Ratnayake Road","names":{},"highway":"tertiary","tags":{"highway":"tertiary","lane_markings":"no","maxspeed":"40","name":"Arnold Ratnayake Road","surface":"asphalt"},"width_m":9,"width_source":"Estimated from road class and direction","direction":"both","direction_source":"Default assumption; no direction tag","access":null,"base_graph_eligible":true,"bridge":false,"tunnel":false,"layer":0,"lanes":null,"maxspeed":"40","length_m":17.0,"surface_layer":"roads"},"geometry":{"type":"LineString","coordinates":[[79.86267378899132,6.922960911476899],[79.86282600000001,6.9229831]]}},{"type":"Feature","id":"50000149","properties":{"id":"50000149","name":"New Ferry Lane","names":{},"highway":"residential","tags":{"highway":"residential","maxspeed":"30","name":"New Ferry Lane","oneway":"yes"},"width_m":3.5,"width_source":"Estimated from road class and direction","direction":"forward","direction_source":"OSM tag","access":null,"base_graph_eligible":true,"bridge":false,"tunnel":false,"layer":0,"lanes":null,"maxspeed":"30","length_m":36.79,"surface_layer":"roads"},"geometry":{"type":"LineString","coordinates":[[79.85045169999998,6.925197999999998],[79.8505412,6.9252350999999965],[79.85077060000002,6.9252906]]}},{"type":"Feature","id":"50061748","properties":{"id":"50061748","name":"Sir Henry De Mel Mawatha","names":{},"highway":"tertiary","tags":{"highway":"tertiary","lane_markings":"no","maxspeed":"40","name":"Sir Henry De Mel Mawatha","parking:lane:both":"parallel","parking:lane:both:parallel":"on_street","smoothness":"intermediate","surface":"asphalt","width":"7"},"width_m":7.0,"width_source":"OSM width","direction":"both","direction_source":"Default assumption; no direction tag","access":null,"base_graph_eligible":true,"bridge":false,"tunnel":false,"layer":0,"lanes":null,"maxspeed":"40","length_m":149.78,"surface_layer":"roads"},"geometry":{"type":"LineString","coordinates":[[79.85057819999999,6.9245205],[79.85081039999999,6.9245738999999995],[79.851899,6.924824299999998]]}},{"type":"Feature","id":"50061749","properties":{"id":"50061749","name":"Malay Street","names":{},"highway":"tertiary","tags":{"highway":"tertiary","lit":"yes","maxspeed":"60","name":"Malay Street","note":"Road Type Updated.","oneway":"yes","sidewalk":"both","surface":"asphalt"},"width_m":4.5,"width_source":"Estimated from road class and direction","direction":"forward","direction_source":"OSM tag","access":null,"base_graph_eligible":true,"bridge":false,"tunnel":false,"layer":0,"lanes":null,"maxspeed":"60","length_m":396.27,"surface_layer":"roads"},"geometry":{"type":"LineString","coordinates":[[79.85079609999998,6.923806299999998],[79.8507562,6.923854200000002],[79.8507169,6.923901400000004],[79.85064589999999,6.9240195],[79.85062999999998,6.924068599999998],[79.85057819999999,6.9245205],[79.8505431,6.924708699999998],[79.85045169999998,6.925197999999998],[79.8504157,6.925434799999999],[79.8503766,6.9256909],[79.850341,6.9259246999999995],[79.850251,6.9264367999999985],[79.8502264,6.9265761999999995],[79.85020069999999,6.926692199999999],[79.85011880000002,6.9269452000000005],[79.8500095,6.927101799999999],[79.8499152,6.927223400000001]]}},{"type":"Feature","id":"50075272","properties":{"id":"50075272","name":null,"names":{},"highway":"primary_link","tags":{"highway":"primary_link","lit":"yes","maxspeed":"50","oneway":"yes","sidewalk":"left"},"width_m":7.0,"width_source":"Estimated from road class and direction","direction":"forward","direction_source":"OSM tag","access":null,"base_graph_eligible":true,"bridge":false,"tunnel":false,"layer":0,"lanes":null,"maxspeed":"50","length_m":77.9,"surface_layer":"roads"},"geometry":{"type":"LineString","coordinates":[[79.8618019,6.926450899999999],[79.8617529,6.926598099999998],[79.8617408,6.926634499999999],[79.8616831,6.9267498000000005],[79.8616084,6.926864399999999],[79.86153689999999,6.9269439],[79.8614343,6.927036799999999]]}},{"type":"Feature","id":"51267787","properties":{"id":"51267787","name":null,"names":{},"highway":"primary_link","tags":{"highway":"primary_link","lane_markings":"no","maxspeed":"50","surface":"asphalt"},"width_m":14,"width_source":"Estimated from road class and direction","direction":"both","direction_source":"Default assumption; no direction tag","access":null,"base_graph_eligible":true,"bridge":false,"tunnel":false,"layer":0,"lanes":null,"maxspeed":"50","length_m":9.23,"surface_layer":"roads"},"geometry":{"type":"LineString","coordinates":[[79.8519184,6.9322151000000005],[79.8519336,6.932297199999999]]}},{"type":"Feature","id":"51267789","properties":{"id":"51267789","name":null,"names":{},"highway":"service","tags":{"highway":"service","surface":"asphalt"},"width_m":4,"width_source":"Estimated from road class and direction","direction":"both","direction_source":"Default assumption; no direction tag","access":null,"base_graph_eligible":true,"bridge":false,"tunnel":false,"layer":0,"lanes":null,"maxspeed":null,"length_m":8.81,"surface_layer":"roads"},"geometry":{"type":"LineString","coordinates":[[79.8493315,6.932591199999999],[79.8493351,6.9326707999999995]]}},{"type":"Feature","id":"52271701","properties":{"id":"52271701","name":"T. B. Jayah Mawatha","names":{},"highway":"primary","tags":{"highway":"primary","lanes":"2","lit":"yes","maxspeed":"60","name":"T. B. Jayah Mawatha","oneway":"yes","surface":"asphalt"},"width_m":6.4,"width_source":"Estimated: mapped lanes × 3.2 m","direction":"forward","direction_source":"OSM tag","access":null,"base_graph_eligible":true,"bridge":false,"tunnel":false,"layer":0,"lanes":2,"maxspeed":"60","length_m":147.69,"surface_layer":"roads"},"geometry":{"type":"LineString","coordinates":[[79.8618302,6.927157899999999],[79.8620188,6.9274214999999995],[79.8621791,6.9276048],[79.8624051,6.927791100000001],[79.8625726,6.927881599999999],[79.86278739999999,6.927955199999998],[79.86284439214204,6.927966229966666]]}},{"type":"Feature","id":"52932749","properties":{"id":"52932749","name":null,"names":{},"highway":"residential","tags":{"highway":"residential","maxspeed":"60","surface":"asphalt"},"width_m":6,"width_source":"Estimated from road class and direction","direction":"both","direction_source":"Default assumption; no direction tag","access":null,"base_graph_eligible":true,"bridge":false,"tunnel":false,"layer":0,"lanes":null,"maxspeed":"60","length_m":12.8,"surface_layer":"roads"},"geometry":{"type":"LineString","coordinates":[[79.8469699,6.931814700000001],[79.8468607,6.931776099999999]]}},{"type":"Feature","id":"52932789","properties":{"id":"52932789","name":"Regal Terrace","names":{},"highway":"residential","tags":{"highway":"residential","lit":"yes","maxspeed":"40","name":"Regal Terrace","surface":"asphalt"},"width_m":6,"width_source":"Estimated from road class and direction","direction":"both","direction_source":"Default assumption; no direction tag","access":null,"base_graph_eligible":true,"bridge":false,"tunnel":false,"layer":0,"lanes":null,"maxspeed":"40","length_m":235.35,"surface_layer":"roads"},"geometry":{"type":"MultiLineString","coordinates":[[[79.8468607,6.931776099999999],[79.8468006,6.9317583],[79.8467194,6.9317342],[79.84655648805102,6.93169329642963]],[[79.84655646013249,6.932819411183362],[79.8466398,6.932928899999999],[79.84685250000001,6.933125200000001],[79.8470451,6.9332327],[79.8473482,6.933362],[79.847576,6.933381600000001],[79.8476443,6.933365199999998],[79.8476726,6.9333124],[79.84775910000002,6.9328425]]]}},{"type":"Feature","id":"52936203","properties":{"id":"52936203","name":"New Baladaksha Mawatha","names":{"name:zh":"童心路"},"highway":"primary","tags":{"highway":"primary","lit":"yes","maxspeed":"50","name":"New Baladaksha Mawatha","name:zh":"童心路","note":"Road connecting Galle Face and Start of Sri Uttaranadna Mawatha is called New Baladaksha Mawatha as shown in the Name Board erected on the road side.","oneway":"yes","sidewalk":"left","surface":"asphalt"},"width_m":7.0,"width_source":"Estimated from road class and direction","direction":"forward","direction_source":"OSM tag","access":null,"base_graph_eligible":true,"bridge":false,"tunnel":false,"layer":0,"lanes":null,"maxspeed":"50","length_m":58.36,"surface_layer":"roads"},"geometry":{"type":"LineString","coordinates":[[79.8477428,6.923397],[79.8476067,6.923474999999998],[79.8472831,6.9236567]]}},{"type":"Feature","id":"53094890","properties":{"id":"53094890","name":"Mihindu Mawatha","names":{},"highway":"secondary","tags":{"highway":"secondary","maxspeed":"50","name":"Mihindu Mawatha","oneway":"yes","sidewalk":"both","surface":"asphalt"},"width_m":5.5,"width_source":"Estimated from road class and direction","direction":"forward","direction_source":"OSM tag","access":null,"base_graph_eligible":true,"bridge":false,"tunnel":false,"layer":0,"lanes":null,"maxspeed":"50","length_m":51.35,"surface_layer":"roads"},"geometry":{"type":"LineString","coordinates":[[79.85893790000002,6.9344759],[79.8591243,6.934529800000002],[79.859271,6.9345416],[79.8592872,6.934540699999999],[79.8593234,6.9345385],[79.8593943,6.934535900000001]]}},{"type":"Feature","id":"53720963","properties":{"id":"53720963","name":"Kew Point Road","names":{},"highway":"residential","tags":{"highway":"residential","maxspeed":"40","name":"Kew Point Road"},"width_m":6,"width_source":"Estimated from road class and direction","direction":"both","direction_source":"Default assumption; no direction tag","access":null,"base_graph_eligible":true,"bridge":false,"tunnel":false,"layer":0,"lanes":null,"maxspeed":"40","length_m":221.48,"surface_layer":"roads"},"geometry":{"type":"LineString","coordinates":[[79.8513365,6.926699200000002],[79.8528091,6.928057699999999]]}},{"type":"Feature","id":"53720964","properties":{"id":"53720964","name":"Moragan Road","names":{},"highway":"residential","tags":{"highway":"residential","maxspeed":"30","name":"Moragan Road"},"width_m":6,"width_source":"Estimated from road class and direction","direction":"both","direction_source":"Default assumption; no direction tag","access":null,"base_graph_eligible":true,"bridge":false,"tunnel":false,"layer":0,"lanes":null,"maxspeed":"30","length_m":138.81,"surface_layer":"roads"},"geometry":{"type":"LineString","coordinates":[[79.8523477,6.928194800000001],[79.8528091,6.928057699999999],[79.8529611,6.9280383],[79.85357080000001,6.927917899999997]]}},{"type":"Feature","id":"53721010","properties":{"id":"53721010","name":"Kew Road","names":{},"highway":"tertiary","tags":{"highway":"tertiary","maxspeed":"50","name":"Kew Road"},"width_m":9,"width_source":"Estimated from road class and direction","direction":"both","direction_source":"Default assumption; no direction tag","access":null,"base_graph_eligible":true,"bridge":false,"tunnel":false,"layer":0,"lanes":null,"maxspeed":"50","length_m":292.59,"surface_layer":"roads"},"geometry":{"type":"LineString","coordinates":[[79.85284849999998,6.923903599999999],[79.85280729999998,6.9240195],[79.8526157,6.924596400000001],[79.8525925,6.924666299999998],[79.8525407,6.9248445999999975],[79.8525013,6.924980600000002],[79.8524614,6.9253106],[79.8524384,6.9254805],[79.8523365,6.9256575],[79.8520396,6.925898500000001],[79.8516961,6.926146799999999]]}},{"type":"Feature","id":"53721135","properties":{"id":"53721135","name":"Kew Passege","names":{},"highway":"tertiary","tags":{"highway":"tertiary","maxspeed":"40","name":"Kew Passege"},"width_m":9,"width_source":"Estimated from road class and direction","direction":"both","direction_source":"Default assumption; no direction tag","access":null,"base_graph_eligible":true,"bridge":false,"tunnel":false,"layer":0,"lanes":null,"maxspeed":"40","length_m":69.37,"surface_layer":"roads"},"geometry":{"type":"LineString","coordinates":[[79.85197889999999,6.924534],[79.8525925,6.924666299999998]]}},{"type":"Feature","id":"53721136","properties":{"id":"53721136","name":"Kew Lane","names":{},"highway":"residential","tags":{"highway":"residential","maxspeed":"40","name":"Kew Lane"},"width_m":6,"width_source":"Estimated from road class and direction","direction":"both","direction_source":"Default assumption; no direction tag","access":null,"base_graph_eligible":true,"bridge":false,"tunnel":false,"layer":0,"lanes":null,"maxspeed":"40","length_m":215.23,"surface_layer":"roads"},"geometry":{"type":"LineString","coordinates":[[79.8543102,6.925555300000001],[79.8538013,6.9251885],[79.8537894,6.925180299999999],[79.8537317,6.925138099999998],[79.85358449999998,6.9250683],[79.853438,6.924998900000002],[79.853272,6.924928399999997],[79.8530235,6.924840200000001],[79.8527281,6.9247144],[79.8525925,6.924666299999998]]}},{"type":"Feature","id":"53721138","properties":{"id":"53721138","name":"Vauxhall Lane","names":{},"highway":"residential","tags":{"highway":"residential","maxspeed":"40","name":"Vauxhall Lane","surface":"asphalt"},"width_m":6,"width_source":"Estimated from road class and direction","direction":"both","direction_source":"Default assumption; no direction tag","access":null,"base_graph_eligible":true,"bridge":false,"tunnel":false,"layer":0,"lanes":null,"maxspeed":"40","length_m":297.56,"surface_layer":"roads"},"geometry":{"type":"LineString","coordinates":[[79.8551479,6.924419199999999],[79.8549333,6.9245124],[79.8548233,6.924605599999999],[79.8548091,6.9246249],[79.8546892,6.924834599999999],[79.8546463,6.924822599999998],[79.8545819,6.9247795],[79.8541519,6.924536599999999],[79.8539905,6.924469800000001],[79.8538139,6.924414600000001],[79.8536019,6.9242904],[79.8534395,6.924212800000001],[79.8529606,6.923983900000001],[79.8529134,6.9239485],[79.8528797,6.9239022]]}},{"type":"Feature","id":"53721144","properties":{"id":"53721144","name":"Sri Murugan Street","names":{},"highway":"tertiary","tags":{"highway":"tertiary","maxspeed":"40","name":"Sri Murugan Street","surface":"asphalt"},"width_m":9,"width_source":"Estimated from road class and direction","direction":"both","direction_source":"Default assumption; no direction tag","access":null,"base_graph_eligible":true,"bridge":false,"tunnel":false,"layer":0,"lanes":null,"maxspeed":"40","length_m":68.77,"surface_layer":"roads"},"geometry":{"type":"LineString","coordinates":[[79.851899,6.924824299999998],[79.8525013,6.924980600000002]]}},{"type":"Feature","id":"54134270","properties":{"id":"54134270","name":"5th Cross Street","names":{},"highway":"secondary","tags":{"highway":"secondary","lanes":"1","maxspeed":"40","name":"5th Cross Street","note":"Road declared in Gazette 06-06-1989 as AC9 5th Cross Street. Starts at Olcott Mawatha and ends at Main Street.. No one may alter this trace unless redefined and issued in a new Gazette.","oneway":"yes","ref":"AC9","surface":"asphalt"},"width_m":3.2,"width_source":"Estimated: mapped lanes × 3.2 m","direction":"forward","direction_source":"OSM tag","access":null,"base_graph_eligible":true,"bridge":false,"tunnel":false,"layer":0,"lanes":1,"maxspeed":"40","length_m":114.52,"surface_layer":"roads"},"geometry":{"type":"LineString","coordinates":[[79.8541493,6.937953499999999],[79.8540384,6.938063600000002],[79.8539401,6.938299100000002],[79.8537985,6.938563299999999],[79.8536308,6.938841099999998]]}},{"type":"Feature","id":"54138794","properties":{"id":"54138794","name":"Kachcheri Road","names":{},"highway":"residential","tags":{"highway":"residential","maxspeed":"30","name":"Kachcheri Road"},"width_m":6,"width_source":"Estimated from road class and direction","direction":"both","direction_source":"Default assumption; no direction tag","access":null,"base_graph_eligible":true,"bridge":false,"tunnel":false,"layer":0,"lanes":null,"maxspeed":"30","length_m":120.0,"surface_layer":"roads"},"geometry":{"type":"LineString","coordinates":[[79.8564045,6.938039799999999],[79.8557822,6.9382714],[79.8555784,6.938360599999999],[79.8553973,6.938443899999999]]}},{"type":"Feature","id":"54138797","properties":{"id":"54138797","name":"Old Butcher Street","names":{},"highway":"residential","tags":{"highway":"residential","maxspeed":"30","name":"Old Butcher Street","surface":"asphalt"},"width_m":6,"width_source":"Estimated from road class and direction","direction":"both","direction_source":"Default assumption; no direction tag","access":null,"base_graph_eligible":true,"bridge":false,"tunnel":false,"layer":0,"lanes":null,"maxspeed":"30","length_m":65.45,"surface_layer":"roads"},"geometry":{"type":"LineString","coordinates":[[79.8532414,6.9386962000000025],[79.8530442,6.939159799999997],[79.85300214734742,6.939237171841774]]}},{"type":"Feature","id":"54138800","properties":{"id":"54138800","name":"Sameera's Lane","names":{},"highway":"residential","tags":{"highway":"residential","maxspeed":"30","name":"Sameera's Lane"},"width_m":6,"width_source":"Estimated from road class and direction","direction":"both","direction_source":"Default assumption; no direction tag","access":null,"base_graph_eligible":true,"bridge":false,"tunnel":false,"layer":0,"lanes":null,"maxspeed":"30","length_m":26.24,"surface_layer":"roads"},"geometry":{"type":"LineString","coordinates":[[79.8521787,6.939034299999999],[79.85205561157598,6.939237160305161]]}},{"type":"Feature","id":"54139036","properties":{"id":"54139036","name":"Keerthi Lane","names":{},"highway":"residential","tags":{"access":"no","highway":"residential","maxspeed":"30","name":"Keerthi Lane"},"width_m":6,"width_source":"Estimated from road class and direction","direction":"both","direction_source":"Default assumption; no direction tag","access":"no","base_graph_eligible":false,"bridge":false,"tunnel":false,"layer":0,"lanes":null,"maxspeed":"30","length_m":59.42,"surface_layer":"restricted_roads"},"geometry":{"type":"LineString","coordinates":[[79.8508191,6.9348576999999985],[79.8509357,6.9343837],[79.8509478,6.934336]]}},{"type":"Feature","id":"54139037","properties":{"id":"54139037","name":"1st Rohini Lane","names":{},"highway":"residential","tags":{"highway":"residential","maxspeed":"30","name":"1st Rohini Lane"},"width_m":6,"width_source":"Estimated from road class and direction","direction":"both","direction_source":"Default assumption; no direction tag","access":null,"base_graph_eligible":true,"bridge":false,"tunnel":false,"layer":0,"lanes":null,"maxspeed":"30","length_m":96.58,"surface_layer":"roads"},"geometry":{"type":"LineString","coordinates":[[79.8496693,6.935886799999998],[79.8504792,6.9362149]]}},{"type":"Feature","id":"54139038","properties":{"id":"54139038","name":"2nd Rohini Lane","names":{},"highway":"residential","tags":{"highway":"residential","maxspeed":"30","name":"2nd Rohini Lane"},"width_m":6,"width_source":"Estimated from road class and direction","direction":"both","direction_source":"Default assumption; no direction tag","access":null,"base_graph_eligible":true,"bridge":false,"tunnel":false,"layer":0,"lanes":null,"maxspeed":"30","length_m":97.25,"surface_layer":"roads"},"geometry":{"type":"LineString","coordinates":[[79.8497098,6.935613600000001],[79.8505321,6.935926799999997]]}},{"type":"Feature","id":"54139039","properties":{"id":"54139039","name":"Mayuri Lane","names":{},"highway":"residential","tags":{"highway":"residential","maxspeed":"30","name":"Mayuri Lane"},"width_m":6,"width_source":"Estimated from road class and direction","direction":"both","direction_source":"Default assumption; no direction tag","access":null,"base_graph_eligible":true,"bridge":false,"tunnel":false,"layer":0,"lanes":null,"maxspeed":"30","length_m":106.49,"surface_layer":"roads"},"geometry":{"type":"LineString","coordinates":[[79.8498157,6.934899299999999],[79.8507171,6.9352398]]}},{"type":"Feature","id":"83913193","properties":{"id":"83913193","name":"Dewanampiyatissa Mawatha","names":{},"highway":"residential","tags":{"highway":"residential","lane_markings":"no","maxspeed":"40","name":"Dewanampiyatissa Mawatha","oneway":"yes","surface":"asphalt"},"width_m":3.5,"width_source":"Estimated from road class and direction","direction":"forward","direction_source":"OSM tag","access":null,"base_graph_eligible":true,"bridge":false,"tunnel":false,"layer":0,"lanes":null,"maxspeed":"40","length_m":65.96,"surface_layer":"roads"},"geometry":{"type":"LineString","coordinates":[[79.8624446,6.9248589],[79.8619016,6.9248415],[79.861848,6.924840399999999]]}},{"type":"Feature","id":"98046395","properties":{"id":"98046395","name":"San Sebastian Hill","names":{},"highway":"secondary","tags":{"highway":"secondary","lanes":"2","lit":"yes","maxspeed":"50","name":"San Sebastian Hill","oneway":"yes","surface":"asphalt"},"width_m":6.4,"width_source":"Estimated: mapped lanes × 3.2 m","direction":"forward","direction_source":"OSM tag","access":null,"base_graph_eligible":true,"bridge":false,"tunnel":false,"layer":0,"lanes":2,"maxspeed":"50","length_m":35.42,"surface_layer":"roads"},"geometry":{"type":"LineString","coordinates":[[79.8595287,6.9337062],[79.8595293,6.9339627],[79.8595325,6.934026400000001]]}},{"type":"Feature","id":"98046406","properties":{"id":"98046406","name":"Adikarana Road","names":{},"highway":"tertiary","tags":{"highway":"tertiary","maxspeed":"40","name":"Adikarana Road"},"width_m":9,"width_source":"Estimated from road class and direction","direction":"both","direction_source":"Default assumption; no direction tag","access":null,"base_graph_eligible":true,"bridge":false,"tunnel":false,"layer":0,"lanes":null,"maxspeed":"40","length_m":13.98,"surface_layer":"roads"},"geometry":{"type":"LineString","coordinates":[[79.8619654,6.933763199999999],[79.8618981,6.9338702]]}},{"type":"Feature","id":"98046409","properties":{"id":"98046409","name":"Justice Akbar Mawatha","names":{},"highway":"primary","tags":{"bridge":"yes","highway":"primary","layer":"2","lit":"yes","loc_name":"Bridge Street","maxspeed":"60","name":"Justice Akbar Mawatha","note":"Road Type Updated.","oneway":"yes","surface":"asphalt"},"width_m":7.0,"width_source":"Estimated from road class and direction","direction":"forward","direction_source":"OSM tag","access":null,"base_graph_eligible":true,"bridge":true,"tunnel":false,"layer":2,"lanes":null,"maxspeed":"60","length_m":122.32,"surface_layer":"bridges"},"geometry":{"type":"LineString","coordinates":[[79.85047409999999,6.9238601],[79.85007319999998,6.9238321],[79.84962379999999,6.923766000000001],[79.8495627,6.923755200000002],[79.8494964,6.923741900000002],[79.8493781,6.9237164]]}},{"type":"Feature","id":"98046411","properties":{"id":"98046411","name":"Olcott Mawatha","names":{},"highway":"trunk","tags":{"access":"yes","bridge":"yes","description":"Road declared in Gazette 06-06-1989 as A1 CMB–KDY. Starts at Chatham St Clock Tower; runs via Chatham St, Olcott, Sangaraja, Pradeepa, Saddharma Mw, Baseline to Kelani Bridge. No one may alter this trace unless redefined and issued in a new Gazette.","highway":"trunk","int_ref":"AH43","lanes":"2","layer":"1","lit":"yes","maxspeed":"60","motor_vehicle":"yes","name":"Olcott Mawatha","nat_name":"Colombo-Kandy Road","network":"SL:national","official_name":"Olcott Mawatha","old_name":"Norris Road","oneway":"yes","operator":"Road Development Authority","ref":"A1","sidewalk":"left","surface":"asphalt"},"width_m":6.4,"width_source":"Estimated: mapped lanes × 3.2 m","direction":"forward","direction_source":"OSM tag","access":"yes","base_graph_eligible":true,"bridge":true,"tunnel":false,"layer":1,"lanes":2,"maxspeed":"60","length_m":23.8,"surface_layer":"bridges"},"geometry":{"type":"LineString","coordinates":[[79.8575427,6.932376700000001],[79.85770300000001,6.932233]]}},{"type":"Feature","id":"98046421","properties":{"id":"98046421","name":"St. Sebastian Hill","names":{},"highway":"secondary","tags":{"bridge":"yes","highway":"secondary","layer":"1","lit":"yes","maxspeed":"50","name":"St. Sebastian Hill","note":"Road Name Spelling Corrected.","surface":"asphalt"},"width_m":11,"width_source":"Estimated from road class and direction","direction":"both","direction_source":"Default assumption; no direction tag","access":null,"base_graph_eligible":true,"bridge":true,"tunnel":false,"layer":1,"lanes":null,"maxspeed":"50","length_m":25.64,"surface_layer":"bridges"},"geometry":{"type":"LineString","coordinates":[[79.8597974,6.9332042000000005],[79.8597031,6.933415999999999]]}},{"type":"Feature","id":"98046427","properties":{"id":"98046427","name":"Adikarana Road","names":{},"highway":"tertiary","tags":{"highway":"tertiary","maxspeed":"40","name":"Adikarana Road"},"width_m":9,"width_source":"Estimated from road class and direction","direction":"both","direction_source":"Default assumption; no direction tag","access":null,"base_graph_eligible":true,"bridge":false,"tunnel":false,"layer":0,"lanes":null,"maxspeed":"40","length_m":68.12,"surface_layer":"roads"},"geometry":{"type":"LineString","coordinates":[[79.86180470000001,6.934040100000003],[79.8617602,6.934116399999999],[79.8615972,6.934391500000001],[79.8614883,6.934568700000001]]}},{"type":"Feature","id":"98049824","properties":{"id":"98049824","name":"Wharf Road","names":{"name:en":"Wharf Road","name:zh":"码头路","name:zh-Hans":"码头路","name:zh-Hant":"碼頭路"},"highway":"secondary","tags":{"bridge":"yes","highway":"secondary","layer":"1","lit":"yes","maxspeed":"50","name":"Wharf Road","name:en":"Wharf Road","name:zh":"码头路","name:zh-Hans":"码头路","name:zh-Hant":"碼頭路"},"width_m":11,"width_source":"Estimated from road class and direction","direction":"both","direction_source":"Default assumption; no direction tag","access":null,"base_graph_eligible":true,"bridge":true,"tunnel":false,"layer":1,"lanes":null,"maxspeed":"50","length_m":174.48,"surface_layer":"bridges"},"geometry":{"type":"LineString","coordinates":[[79.8468692,6.9372967999999995],[79.8469694,6.937268900000001],[79.8470808,6.9372422999999985],[79.8472048,6.937210300000002],[79.8477876,6.937211700000001],[79.8481956,6.9373194],[79.84841,6.937395300000001]]}},{"type":"Feature","id":"99242183","properties":{"id":"99242183","name":"D. R. Wijewardene Mawatha","names":{},"highway":"primary","tags":{"bridge":"yes","highway":"primary","lanes":"2","layer":"1","lit":"yes","loc_name":"McCallum Road","maxspeed":"60","name":"D. R. Wijewardene Mawatha","note":"Road declared in Gazette dated 06-06-1989 as AC6 D. R. Wijewardene Mawatha from Lakehouse Roundabout to Gaminie Hall Roundabout. No one may alter this trace unless redefined and issued in a new Gazette.","oneway":"yes","ref":"AC6","sidewalk":"left","surface":"asphalt"},"width_m":6.4,"width_source":"Estimated: mapped lanes × 3.2 m","direction":"forward","direction_source":"OSM tag","access":null,"base_graph_eligible":true,"bridge":true,"tunnel":false,"layer":1,"lanes":2,"maxspeed":"60","length_m":29.58,"surface_layer":"bridges"},"geometry":{"type":"LineString","coordinates":[[79.85382689999999,6.931701699999999],[79.85357099999999,6.931779999999999]]}},{"type":"Feature","id":"99242184","properties":{"id":"99242184","name":"D. R. Wijewardene Mawatha","names":{},"highway":"primary","tags":{"highway":"primary","lanes":"2","lit":"yes","loc_name":"McCallum Road","maxspeed":"60","name":"D. R. Wijewardene Mawatha","note":"Road declared in Gazette dated 06-06-1989 as AC6 D. R. Wijewardene Mawatha from Lakehouse Roundabout to Gaminie Hall Roundabout. No one may alter this trace unless redefined and issued in a new Gazette.","oneway":"yes","ref":"AC6","sidewalk":"left","smoothness":"bad","surface":"asphalt"},"width_m":6.4,"width_source":"Estimated: mapped lanes × 3.2 m","direction":"forward","direction_source":"OSM tag","access":null,"base_graph_eligible":true,"bridge":false,"tunnel":false,"layer":0,"lanes":2,"maxspeed":"60","length_m":1064.55,"surface_layer":"roads"},"geometry":{"type":"LineString","coordinates":[[79.8538492,6.931776899999999],[79.8553457,6.9313796],[79.8555703,6.931290099999997],[79.8557572,6.9311693000000005],[79.8558955,6.931026],[79.8559577,6.930928999999999],[79.8567788,6.929593199999999],[79.8569125,6.9293755],[79.8570777,6.9291787000000005],[79.8572641,6.928982200000001],[79.8574319,6.928852799999997],[79.8575821,6.928747200000001],[79.8576951,6.928677699999999],[79.8588726,6.928054100000001],[79.8593096,6.927834899999999],[79.8597898,6.927616299999999],[79.8602573,6.927422100000001],[79.8605276,6.9273147],[79.8607222,6.9272583],[79.86104800000001,6.927185700000001],[79.8613082,6.9271446],[79.8614421,6.927129499999999],[79.86158480000002,6.9271191000000005],[79.86178410000001,6.927143400000001]]}},{"type":"Feature","id":"99242187","properties":{"id":"99242187","name":"D. R. Wijewardene Mawatha","names":{},"highway":"primary","tags":{"highway":"primary","lanes":"2","lit":"yes","loc_name":"McCallum Road","maxspeed":"60","name":"D. R. Wijewardene Mawatha","note":"Road declared in Gazette dated 06-06-1989 as AC6 D. R. Wijewardene Mawatha from Lakehouse Roundabout to Gaminie Hall Roundabout. No one may alter this trace unless redefined and issued in a new Gazette.","oneway":"yes","ref":"AC6","sidewalk":"left","smoothness":"bad","surface":"asphalt"},"width_m":6.4,"width_source":"Estimated: mapped lanes × 3.2 m","direction":"forward","direction_source":"OSM tag","access":null,"base_graph_eligible":true,"bridge":false,"tunnel":false,"layer":0,"lanes":2,"maxspeed":"60","length_m":575.34,"surface_layer":"roads"},"geometry":{"type":"LineString","coordinates":[[79.85357099999999,6.931779999999999],[79.85315009999998,6.931907299999998],[79.85261279999999,6.9320583000000005],[79.8523247,6.9321312],[79.852023,6.932194199999999],[79.8519184,6.9322151000000005],[79.8513685,6.9323138],[79.8511414,6.9323505],[79.85081200000002,6.9323982],[79.8499227,6.932523899999999],[79.8496789,6.932558399999999],[79.8493315,6.932591199999999],[79.84904180000001,6.9326054],[79.848773,6.932611799999999],[79.8486373,6.932615000000002],[79.8484507,6.932611900000001]]}},{"type":"Feature","id":"99242190","properties":{"id":"99242190","name":"D. R. Wijewardene Mawatha","names":{},"highway":"primary","tags":{"bridge":"yes","highway":"primary","lanes":"2","layer":"1","lit":"yes","loc_name":"McCallum Road","maxspeed":"60","name":"D. R. Wijewardene Mawatha","note":"Road declared in Gazette dated 06-06-1989 as AC6 D. R. Wijewardene Mawatha from Lakehouse Roundabout to Gaminie Hall Roundabout. No one may alter this trace unless redefined and issued in a new Gazette.","oneway":"yes","ref":"AC6","sidewalk":"left","surface":"asphalt"},"width_m":6.4,"width_source":"Estimated: mapped lanes × 3.2 m","direction":"forward","direction_source":"OSM tag","access":null,"base_graph_eligible":true,"bridge":true,"tunnel":false,"layer":1,"lanes":2,"maxspeed":"60","length_m":29.57,"surface_layer":"bridges"},"geometry":{"type":"LineString","coordinates":[[79.85359349999999,6.9318556000000005],[79.85362979999998,6.9318444999999995],[79.8538492,6.931776899999999]]}},{"type":"Feature","id":"109355206","properties":{"id":"109355206","name":"Mihindu Mawatha","names":{},"highway":"secondary","tags":{"highway":"secondary","lit":"yes","maxspeed":"50","name":"Mihindu Mawatha","oneway":"yes","sidewalk":"right","surface":"asphalt"},"width_m":5.5,"width_source":"Estimated from road class and direction","direction":"forward","direction_source":"OSM tag","access":null,"base_graph_eligible":true,"bridge":false,"tunnel":false,"layer":0,"lanes":null,"maxspeed":"50","length_m":24.86,"surface_layer":"roads"},"geometry":{"type":"LineString","coordinates":[[79.85580249999998,6.934213299999998],[79.85590899999998,6.934222199999999],[79.85596489999999,6.934231399999998],[79.85602569999999,6.934240200000001]]}},{"type":"Feature","id":"109355207","properties":{"id":"109355207","name":"Saunders Place","names":{},"highway":"tertiary","tags":{"foot":"no","highway":"tertiary","lit":"yes","maxspeed":"40","name":"Saunders Place","oneway":"yes","sidewalk":"no","surface":"asphalt"},"width_m":4.5,"width_source":"Estimated from road class and direction","direction":"forward","direction_source":"OSM tag","access":null,"base_graph_eligible":true,"bridge":false,"tunnel":false,"layer":0,"lanes":null,"maxspeed":"40","length_m":47.5,"surface_layer":"roads"},"geometry":{"type":"LineString","coordinates":[[79.85595299999999,6.9338606],[79.85585269999999,6.933999900000001],[79.8557162,6.934157100000001],[79.85570549999998,6.934205700000001]]}},{"type":"Feature","id":"109355435","properties":{"id":"109355435","name":"Old Moor – Dam Connection","names":{},"highway":"residential","tags":{"highway":"residential","maxspeed":"30","name":"Old Moor – Dam Connection","surface":"asphalt"},"width_m":6,"width_source":"Estimated from road class and direction","direction":"both","direction_source":"Default assumption; no direction tag","access":null,"base_graph_eligible":true,"bridge":false,"tunnel":false,"layer":0,"lanes":null,"maxspeed":"30","length_m":210.28,"surface_layer":"roads"},"geometry":{"type":"LineString","coordinates":[[79.85909550000001,6.9374201],[79.85925780000001,6.937626700000001],[79.85939910000002,6.9378388000000015],[79.8595078,6.938157899999999],[79.8595198,6.938368600000001],[79.859465,6.9386159],[79.8593428,6.939185499999999]]}},{"type":"Feature","id":"109355436","properties":{"id":"109355436","name":"Old Moor – Dam Connection Siding","names":{},"highway":"residential","tags":{"highway":"residential","maxspeed":"30","name":"Old Moor – Dam Connection Siding"},"width_m":6,"width_source":"Estimated from road class and direction","direction":"both","direction_source":"Default assumption; no direction tag","access":null,"base_graph_eligible":true,"bridge":false,"tunnel":false,"layer":0,"lanes":null,"maxspeed":"30","length_m":130.63,"surface_layer":"roads"},"geometry":{"type":"LineString","coordinates":[[79.8601112,6.937454],[79.860144,6.9379118],[79.8601203,6.937992],[79.8598769,6.9380964999999994],[79.8595078,6.938157899999999]]}},{"type":"Feature","id":"109355507","properties":{"id":"109355507","name":"Dias Place Link","names":{},"highway":"residential","tags":{"alt_name":"Poorwarama Link","highway":"residential","maxspeed":"30","name":"Dias Place Link"},"width_m":6,"width_source":"Estimated from road class and direction","direction":"both","direction_source":"Default assumption; no direction tag","access":null,"base_graph_eligible":true,"bridge":false,"tunnel":false,"layer":0,"lanes":null,"maxspeed":"30","length_m":94.73,"surface_layer":"roads"},"geometry":{"type":"LineString","coordinates":[[79.8570753,6.936549899999999],[79.85712989999999,6.936368699999999],[79.85733089999998,6.935844100000001],[79.8573657,6.9357444]]}},{"type":"Feature","id":"149420038","properties":{"id":"149420038","name":"Wharf Road","names":{"name:en":"Wharf Road","name:zh":"码头路","name:zh-Hans":"码头路","name:zh-Hant":"碼頭路"},"highway":"secondary","tags":{"highway":"secondary","lit":"yes","maxspeed":"50","name":"Wharf Road","name:en":"Wharf Road","name:zh":"码头路","name:zh-Hans":"码头路","name:zh-Hant":"碼頭路","surface":"asphalt"},"width_m":11,"width_source":"Estimated from road class and direction","direction":"both","direction_source":"Default assumption; no direction tag","access":null,"base_graph_eligible":true,"bridge":false,"tunnel":false,"layer":0,"lanes":null,"maxspeed":"50","length_m":36.67,"surface_layer":"roads"},"geometry":{"type":"LineString","coordinates":[[79.84655634635608,6.937407356292482],[79.8468692,6.9372967999999995]]}},{"type":"Feature","id":"173114270","properties":{"id":"173114270","name":"T. B. Jaya Mawatha Link","names":{},"highway":"service","tags":{"highway":"service","lit":"yes","maxspeed":"40","name":"T. B. Jaya Mawatha Link"},"width_m":4,"width_source":"Estimated from road class and direction","direction":"both","direction_source":"Default assumption; no direction tag","access":null,"base_graph_eligible":true,"bridge":false,"tunnel":false,"layer":0,"lanes":null,"maxspeed":"40","length_m":322.6,"surface_layer":"roads"},"geometry":{"type":"LineString","coordinates":[[79.8595205,6.9263491],[79.8595271,6.9265653],[79.859538,6.926605199999997],[79.8595609,6.926627800000001],[79.8596182,6.926670599999999],[79.8596898,6.926705299999999],[79.85984460000002,6.9267386],[79.85998150000002,6.926757699999998],[79.8600466,6.9267587000000015],[79.8600912,6.9267463000000005],[79.8601218,6.926714299999999],[79.8601513,6.9266916],[79.8601924,6.9266665000000005],[79.8602341,6.9266606],[79.8604501,6.926618700000001],[79.86051459999999,6.9265951999999995],[79.8605645,6.926567499999999],[79.8606204,6.9265183],[79.8613092,6.925862299999998],[79.8613552,6.925826099999999],[79.8614087,6.9258162999999975],[79.8618221,6.9258108]]}},{"type":"Feature","id":"173114279","properties":{"id":"173114279","name":null,"names":{},"highway":"residential","tags":{"highway":"residential","maxspeed":"30"},"width_m":6,"width_source":"Estimated from road class and direction","direction":"both","direction_source":"Default assumption; no direction tag","access":null,"base_graph_eligible":true,"bridge":false,"tunnel":false,"layer":0,"lanes":null,"maxspeed":"30","length_m":95.71,"surface_layer":"roads"},"geometry":{"type":"LineString","coordinates":[[79.8624143,6.925723799999997],[79.8624446,6.9248589]]}},{"type":"Feature","id":"175791241","properties":{"id":"175791241","name":"Olcott Mawatha","names":{},"highway":"trunk","tags":{"access":"yes","bridge":"yes","description":"Road declared in Gazette 06-06-1989 as A1 CMB–KDY. Starts at Chatham St Clock Tower; runs via Chatham St, Olcott, Sangaraja, Pradeepa, Saddharma Mw, Baseline to Kelani Bridge. No one may alter this trace unless redefined and issued in a new Gazette.","highway":"trunk","int_ref":"AH43","lanes":"2","layer":"1","lit":"yes","maxspeed":"60","motor_vehicle":"yes","name":"Olcott Mawatha","nat_name":"Colombo-Kandy Road","network":"SL:national","official_name":"Olcott Mawatha","old_name":"Norris Road","oneway":"yes","operator":"Road Development Authority","ref":"A1","sidewalk":"left","surface":"asphalt"},"width_m":6.4,"width_source":"Estimated: mapped lanes × 3.2 m","direction":"forward","direction_source":"OSM tag","access":"yes","base_graph_eligible":true,"bridge":true,"tunnel":false,"layer":1,"lanes":2,"maxspeed":"60","length_m":54.84,"surface_layer":"bridges"},"geometry":{"type":"LineString","coordinates":[[79.8481367,6.9341359],[79.848027,6.934117999999997],[79.8477734,6.934071899999999],[79.8476481,6.9340491]]}},{"type":"Feature","id":"175791242","properties":{"id":"175791242","name":"Olcott Mawatha","names":{},"highway":"trunk","tags":{"access":"yes","description":"Road declared in Gazette 06-06-1989 as A1 CMB–KDY. Starts at Chatham St Clock Tower; runs via Chatham St, Olcott, Sangaraja, Pradeepa, Saddharma Mw, Baseline to Kelani Bridge. No one may alter this trace unless redefined and issued in a new Gazette.","highway":"trunk","int_ref":"AH43","lanes":"2","lit":"yes","maxspeed":"60","motor_vehicle":"yes","name":"Olcott Mawatha","nat_name":"Colombo-Kandy Road","network":"SL:national","official_name":"Olcott Mawatha","old_name":"Norris Road","oneway":"yes","operator":"Road Development Authority","ref":"A1","sidewalk":"left","surface":"asphalt"},"width_m":6.4,"width_source":"Estimated: mapped lanes × 3.2 m","direction":"forward","direction_source":"OSM tag","access":"yes","base_graph_eligible":true,"bridge":false,"tunnel":false,"layer":0,"lanes":2,"maxspeed":"60","length_m":314.99,"surface_layer":"roads"},"geometry":{"type":"LineString","coordinates":[[79.8509631,6.934239100000001],[79.8508702,6.9342076000000015],[79.85077060000002,6.934176899999996],[79.8506968,6.934154999999999],[79.8506175,6.9341346],[79.850532,6.9341155],[79.8504331,6.9340996],[79.8503286,6.934086400000001],[79.8502376,6.934079700000001],[79.8501235,6.934077600000003],[79.8499736,6.934081499999999],[79.84986,6.934085099999998],[79.8497006,6.9340937999999985],[79.8494219,6.934109699999999],[79.8492033,6.934125100000003],[79.8488118,6.934151799999998],[79.8486628,6.934158700000001],[79.8485095,6.934162100000001],[79.8484133,6.934160299999999],[79.8483214,6.934157000000001],[79.8482258,6.934148699999998],[79.8481367,6.9341359]]}},{"type":"Feature","id":"175791244","properties":{"id":"175791244","name":"Olcott Mawatha","names":{},"highway":"trunk","tags":{"access":"yes","bridge":"yes","description":"Road declared in Gazette 06-06-1989 as A1 CMB–KDY. Starts at Chatham St Clock Tower; runs via Chatham St, Olcott, Sangaraja, Pradeepa, Saddharma Mw, Baseline to Kelani Bridge. No one may alter this trace unless redefined and issued in a new Gazette.","highway":"trunk","int_ref":"AH43","lanes":"2","layer":"1","lit":"yes","maxspeed":"60","motor_vehicle":"yes","name":"Olcott Mawatha","nat_name":"Colombo-Kandy Road","network":"SL:national","official_name":"Olcott Mawatha","old_name":"Norris Road","oneway":"yes","operator":"Road Development Authority","ref":"A1","sidewalk":"left","surface":"asphalt"},"width_m":6.4,"width_source":"Estimated: mapped lanes × 3.2 m","direction":"forward","direction_source":"OSM tag","access":"yes","base_graph_eligible":true,"bridge":true,"tunnel":false,"layer":1,"lanes":2,"maxspeed":"60","length_m":25.02,"surface_layer":"bridges"},"geometry":{"type":"LineString","coordinates":[[79.8576062,6.932220199999999],[79.8574366,6.932370100000001]]}},{"type":"Feature","id":"175791245","properties":{"id":"175791245","name":"Bodhiraja Mawatha","names":{},"highway":"tertiary","tags":{"highway":"tertiary","maxspeed":"40","motor_vehicle":"designated","name":"Bodhiraja Mawatha","ref":"AC10","surface":"asphalt"},"width_m":9,"width_source":"Estimated from road class and direction","direction":"both","direction_source":"Default assumption; no direction tag","access":"designated","base_graph_eligible":true,"bridge":false,"tunnel":false,"layer":0,"lanes":null,"maxspeed":"40","length_m":89.21,"surface_layer":"roads"},"geometry":{"type":"LineString","coordinates":[[79.8541889,6.936456699999999],[79.8541461,6.936347700000002],[79.8540669,6.9357758],[79.8540693,6.9356636]]}},{"type":"Feature","id":"194101253","properties":{"id":"194101253","name":"Olcott Mawatha","names":{},"highway":"trunk","tags":{"access":"yes","description":"Road declared in Gazette 06-06-1989 as A1 CMB–KDY. Starts at Chatham St Clock Tower; runs via Chatham St, Olcott, Sangaraja, Pradeepa, Saddharma Mw, Baseline to Kelani Bridge. No one may alter this trace unless redefined and issued in a new Gazette.","highway":"trunk","int_ref":"AH43","lanes":"2","lit":"yes","maxspeed":"60","motor_vehicle":"yes","name":"Olcott Mawatha","nat_name":"Colombo-Kandy Road","network":"SL:national","official_name":"Olcott Mawatha","old_name":"Norris Road","oneway":"yes","operator":"Road Development Authority","ref":"A1","sidewalk":"left","surface":"asphalt"},"width_m":6.4,"width_source":"Estimated: mapped lanes × 3.2 m","direction":"forward","direction_source":"OSM tag","access":"yes","base_graph_eligible":true,"bridge":false,"tunnel":false,"layer":0,"lanes":2,"maxspeed":"60","length_m":313.81,"surface_layer":"roads"},"geometry":{"type":"LineString","coordinates":[[79.8539603,6.9347750999999995],[79.8538852,6.9348144000000005],[79.8538177,6.9348463],[79.8537421,6.9348756],[79.8536755,6.934897799999999],[79.8535907,6.9349188],[79.8535437,6.9349291000000015],[79.8535015,6.934935700000002],[79.853447,6.934941599999998],[79.8533923,6.934943800000002],[79.853323,6.934943800000001],[79.8532683,6.934940799999998],[79.8532037,6.934935400000001],[79.8531343,6.934926400000001],[79.8530719,6.934914100000002],[79.8529964,6.9348938],[79.8529443,6.9348763],[79.8528629,6.934849800000001],[79.8527548,6.934816199999999],[79.8526373,6.9347789],[79.8524824,6.934728000000001],[79.8521691,6.934627800000001],[79.8519991,6.934572899999998],[79.8518375,6.934521000000004],[79.8515912,6.9344394000000005],[79.8514312,6.9343881000000005],[79.8512447,6.934329499999998]]}},{"type":"Feature","id":"194101443","properties":{"id":"194101443","name":"Olcott Mawatha","names":{},"highway":"trunk","tags":{"access":"yes","description":"Road declared in Gazette 06-06-1989 as A1 CMB–KDY. Starts at Chatham St Clock Tower; runs via Chatham St, Olcott, Sangaraja, Pradeepa, Saddharma Mw, Baseline to Kelani Bridge. No one may alter this trace unless redefined and issued in a new Gazette.","highway":"trunk","int_ref":"AH43","lanes":"2","lit":"yes","maxspeed":"60","motor_vehicle":"yes","name":"Olcott Mawatha","nat_name":"Colombo-Kandy Road","network":"SL:national","official_name":"Olcott Mawatha","old_name":"Norris Road","oneway":"yes","operator":"Road Development Authority","ref":"A1","sidewalk":"no","surface":"asphalt"},"width_m":6.4,"width_source":"Estimated: mapped lanes × 3.2 m","direction":"forward","direction_source":"OSM tag","access":"yes","base_graph_eligible":true,"bridge":false,"tunnel":false,"layer":0,"lanes":2,"maxspeed":"60","length_m":30.89,"surface_layer":"roads"},"geometry":{"type":"LineString","coordinates":[[79.8573046,6.9326214],[79.857418,6.9325088],[79.8575004,6.932422099999999]]}},{"type":"Feature","id":"198142586","properties":{"id":"198142586","name":"D. R. Wijewardene Mawatha","names":{},"highway":"primary","tags":{"bridge":"yes","highway":"primary","lanes":"2","layer":"1","lit":"yes","loc_name":"McCallum Road","maxspeed":"60","name":"D. R. Wijewardene Mawatha","note":"Road declared in Gazette dated 06-06-1989 as AC6 D. R. Wijewardene Mawatha from Lakehouse Roundabout to Gaminie Hall Roundabout. No one may alter this trace unless redefined and issued in a new Gazette.","oneway":"yes","ref":"AC6","sidewalk":"left","surface":"asphalt"},"width_m":6.4,"width_source":"Estimated: mapped lanes × 3.2 m","direction":"forward","direction_source":"OSM tag","access":null,"base_graph_eligible":true,"bridge":true,"tunnel":false,"layer":1,"lanes":2,"maxspeed":"60","length_m":62.78,"surface_layer":"bridges"},"geometry":{"type":"LineString","coordinates":[[79.8484507,6.932611900000001],[79.8478871,6.9325406]]}},{"type":"Feature","id":"198142589","properties":{"id":"198142589","name":"D. R. Wijewardene Mawatha","names":{},"highway":"primary","tags":{"bridge":"yes","highway":"primary","lanes":"2","layer":"1","lit":"yes","loc_name":"McCallum Road","maxspeed":"60","name":"D. R. Wijewardene Mawatha","note":"Road declared in Gazette dated 06-06-1989 as AC6 D. R. Wijewardene Mawatha from Lakehouse Roundabout to Gaminie Hall Roundabout. No one may alter this trace unless redefined and issued in a new Gazette.","oneway":"yes","ref":"AC6","sidewalk":"left","surface":"asphalt"},"width_m":6.4,"width_source":"Estimated: mapped lanes × 3.2 m","direction":"forward","direction_source":"OSM tag","access":null,"base_graph_eligible":true,"bridge":true,"tunnel":false,"layer":1,"lanes":2,"maxspeed":"60","length_m":62.82,"surface_layer":"bridges"},"geometry":{"type":"LineString","coordinates":[[79.8478774,6.9326197],[79.8484409,6.932694300000001]]}},{"type":"Feature","id":"198142590","properties":{"id":"198142590","name":"D. R. Wijewardene Mawatha","names":{},"highway":"primary","tags":{"highway":"primary","lanes":"2","lit":"yes","loc_name":"McCallum Road","maxspeed":"60","name":"D. R. Wijewardene Mawatha","note":"Road declared in Gazette dated 06-06-1989 as AC6 D. R. Wijewardene Mawatha from Lakehouse Roundabout to Gaminie Hall Roundabout. No one may alter this trace unless redefined and issued in a new Gazette.","oneway":"yes","ref":"AC6","sidewalk":"left","surface":"asphalt","turn:lanes":"left|through"},"width_m":6.4,"width_source":"Estimated: mapped lanes × 3.2 m","direction":"forward","direction_source":"OSM tag","access":null,"base_graph_eligible":true,"bridge":false,"tunnel":false,"layer":0,"lanes":2,"maxspeed":"60","length_m":82.87,"surface_layer":"roads"},"geometry":{"type":"LineString","coordinates":[[79.8478871,6.9325406],[79.847611,6.9325017],[79.8472523,6.932456600000002],[79.8471463,6.932429199999998]]}},{"type":"Feature","id":"198142591","properties":{"id":"198142591","name":"D. R. Wijewardene Mawatha","names":{},"highway":"primary","tags":{"highway":"primary","lanes":"2","lit":"yes","loc_name":"McCallum Road","maxspeed":"60","name":"D. R. Wijewardene Mawatha","note":"Road declared in Gazette dated 06-06-1989 as AC6 D. R. Wijewardene Mawatha from Lakehouse Roundabout to Gaminie Hall Roundabout. No one may alter this trace unless redefined and issued in a new Gazette.","oneway":"yes","ref":"AC6","sidewalk":"left","surface":"asphalt"},"width_m":6.4,"width_source":"Estimated: mapped lanes × 3.2 m","direction":"forward","direction_source":"OSM tag","access":null,"base_graph_eligible":true,"bridge":false,"tunnel":false,"layer":0,"lanes":2,"maxspeed":"60","length_m":112.49,"surface_layer":"roads"},"geometry":{"type":"LineString","coordinates":[[79.8484409,6.932694300000001],[79.8486403,6.9326956],[79.8490445,6.9326853],[79.8493351,6.9326707999999995],[79.8494577,6.932658600000002]]}},{"type":"Feature","id":"198343779","properties":{"id":"198343779","name":"Olcott Mawatha","names":{},"highway":"trunk","tags":{"access":"yes","description":"Road declared in Gazette 06-06-1989 as A1 CMB–KDY. Starts at Chatham St Clock Tower; runs via Chatham St, Olcott, Sangaraja, Pradeepa, Saddharma Mw, Baseline to Kelani Bridge. No one may alter this trace unless redefined and issued in a new Gazette.","highway":"trunk","int_ref":"AH43","lanes":"2","lit":"yes","maxspeed":"60","motor_vehicle":"yes","name":"Olcott Mawatha","nat_name":"Colombo-Kandy Road","network":"SL:national","official_name":"Olcott Mawatha","old_name":"Norris Road","oneway":"yes","operator":"Road Development Authority","ref":"A1","sidewalk":"left","surface":"asphalt"},"width_m":6.4,"width_source":"Estimated: mapped lanes × 3.2 m","direction":"forward","direction_source":"OSM tag","access":"yes","base_graph_eligible":true,"bridge":false,"tunnel":false,"layer":0,"lanes":2,"maxspeed":"60","length_m":207.61,"surface_layer":"roads"},"geometry":{"type":"LineString","coordinates":[[79.85640949999998,6.9333897],[79.85621719999999,6.933577699999999],[79.85606309999999,6.9337422],[79.8560397,6.933767800000001],[79.85599319999999,6.933817999999998],[79.85595299999999,6.9338606],[79.8557797,6.9339961],[79.85565969999999,6.934054900000002],[79.85556729999999,6.934089999999999],[79.85548619999999,6.9341165],[79.8553789,6.934147200000001],[79.8551819,6.9342062],[79.8549553,6.934272499999998],[79.8548312,6.9343148]]}},{"type":"Feature","id":"199577991","properties":{"id":"199577991","name":"Hill Castle Place","names":{},"highway":"residential","tags":{"highway":"residential","maxspeed":"30","name":"Hill Castle Place"},"width_m":6,"width_source":"Estimated from road class and direction","direction":"both","direction_source":"Default assumption; no direction tag","access":null,"base_graph_eligible":true,"bridge":false,"tunnel":false,"layer":0,"lanes":null,"maxspeed":"30","length_m":54.51,"surface_layer":"roads"},"geometry":{"type":"LineString","coordinates":[[79.86133462909136,6.939237192037489],[79.861482,6.938766799999999]]}},{"type":"Feature","id":"200567909","properties":{"id":"200567909","name":null,"names":{},"highway":"service","tags":{"highway":"service","service":"parking_aisle","surface":"paving_stones"},"width_m":4,"width_source":"Estimated from road class and direction","direction":"both","direction_source":"Default assumption; no direction tag","access":null,"base_graph_eligible":true,"bridge":false,"tunnel":false,"layer":0,"lanes":null,"maxspeed":null,"length_m":159.9,"surface_layer":"roads"},"geometry":{"type":"LineString","coordinates":[[79.8545846,6.933987700000001],[79.85596349999999,6.933549499999999]]}},{"type":"Feature","id":"200567910","properties":{"id":"200567910","name":null,"names":{},"highway":"service","tags":{"highway":"service","service":"parking_aisle"},"width_m":4,"width_source":"Estimated from road class and direction","direction":"both","direction_source":"Default assumption; no direction tag","access":null,"base_graph_eligible":true,"bridge":false,"tunnel":false,"layer":0,"lanes":null,"maxspeed":null,"length_m":120.14,"surface_layer":"roads"},"geometry":{"type":"LineString","coordinates":[[79.8547273,6.934028199999999],[79.85576619999999,6.9337081]]}},{"type":"Feature","id":"200567911","properties":{"id":"200567911","name":null,"names":{},"highway":"service","tags":{"highway":"service","service":"parking_aisle","surface":"paving_stones"},"width_m":4,"width_source":"Estimated from road class and direction","direction":"both","direction_source":"Default assumption; no direction tag","access":null,"base_graph_eligible":true,"bridge":false,"tunnel":false,"layer":0,"lanes":null,"maxspeed":null,"length_m":198.49,"surface_layer":"roads"},"geometry":{"type":"LineString","coordinates":[[79.85443230000001,6.9339381],[79.85614219999998,6.9333886]]}},{"type":"Feature","id":"200567912","properties":{"id":"200567912","name":null,"names":{},"highway":"service","tags":{"highway":"service","service":"parking_aisle"},"width_m":4,"width_source":"Estimated from road class and direction","direction":"both","direction_source":"Default assumption; no direction tag","access":null,"base_graph_eligible":true,"bridge":false,"tunnel":false,"layer":0,"lanes":null,"maxspeed":null,"length_m":212.43,"surface_layer":"roads"},"geometry":{"type":"LineString","coordinates":[[79.8542863,6.933892900000001],[79.85580249999998,6.933403000000001],[79.85611579999998,6.933303299999999]]}},{"type":"Feature","id":"200567913","properties":{"id":"200567913","name":null,"names":{},"highway":"service","tags":{"highway":"service","surface":"asphalt"},"width_m":4,"width_source":"Estimated from road class and direction","direction":"both","direction_source":"Default assumption; no direction tag","access":null,"base_graph_eligible":true,"bridge":false,"tunnel":false,"layer":0,"lanes":null,"maxspeed":null,"length_m":32.31,"surface_layer":"roads"},"geometry":{"type":"LineString","coordinates":[[79.85640949999998,6.9333897],[79.85634889999999,6.9333401],[79.8562945,6.933340899999998],[79.85614219999998,6.9333886]]}},{"type":"Feature","id":"200567914","properties":{"id":"200567914","name":null,"names":{},"highway":"service","tags":{"highway":"service","service":"parking_aisle","surface":"paving_stones"},"width_m":4,"width_source":"Estimated from road class and direction","direction":"both","direction_source":"Default assumption; no direction tag","access":null,"base_graph_eligible":true,"bridge":false,"tunnel":false,"layer":0,"lanes":null,"maxspeed":null,"length_m":54.57,"surface_layer":"roads"},"geometry":{"type":"LineString","coordinates":[[79.85576619999999,6.9337081],[79.85596349999999,6.933549499999999],[79.85614219999998,6.9333886]]}},{"type":"Feature","id":"200567915","properties":{"id":"200567915","name":null,"names":{},"highway":"service","tags":{"highway":"service","service":"parking_aisle","surface":"paving_stones"},"width_m":4,"width_source":"Estimated from road class and direction","direction":"both","direction_source":"Default assumption; no direction tag","access":null,"base_graph_eligible":true,"bridge":false,"tunnel":false,"layer":0,"lanes":null,"maxspeed":null,"length_m":9.87,"surface_layer":"roads"},"geometry":{"type":"LineString","coordinates":[[79.85614219999998,6.9333886],[79.85611579999998,6.933303299999999]]}},{"type":"Feature","id":"200567916","properties":{"id":"200567916","name":null,"names":{},"highway":"service","tags":{"highway":"service"},"width_m":4,"width_source":"Estimated from road class and direction","direction":"both","direction_source":"Default assumption; no direction tag","access":null,"base_graph_eligible":true,"bridge":false,"tunnel":false,"layer":0,"lanes":null,"maxspeed":null,"length_m":98.52,"surface_layer":"roads"},"geometry":{"type":"LineString","coordinates":[[79.8540795,6.933618599999997],[79.8540615,6.933806799999999],[79.8541702,6.9338435999999986],[79.8542863,6.933892900000001],[79.85443230000001,6.9339381],[79.8545846,6.933987700000001],[79.8547273,6.934028199999999]]}},{"type":"Feature","id":"200571276","properties":{"id":"200571276","name":"Olcott Mawatha","names":{},"highway":"trunk","tags":{"access":"yes","description":"Road declared in Gazette 06-06-1989 as A1 CMB–KDY. Starts at Chatham St Clock Tower; runs via Chatham St, Olcott, Sangaraja, Pradeepa, Saddharma Mw, Baseline to Kelani Bridge. No one may alter this trace unless redefined and issued in a new Gazette.","highway":"trunk","int_ref":"AH43","lanes":"2","lit":"yes","maxspeed":"60","motor_vehicle":"yes","name":"Olcott Mawatha","nat_name":"Colombo-Kandy Road","network":"SL:national","official_name":"Olcott Mawatha","old_name":"Norris Road","oneway":"yes","operator":"Road Development Authority","ref":"A1","sidewalk":"left","surface":"asphalt"},"width_m":6.4,"width_source":"Estimated: mapped lanes × 3.2 m","direction":"forward","direction_source":"OSM tag","access":"yes","base_graph_eligible":true,"bridge":false,"tunnel":false,"layer":0,"lanes":2,"maxspeed":"60","length_m":97.24,"surface_layer":"roads"},"geometry":{"type":"LineString","coordinates":[[79.8566929,6.9332535],[79.8567981,6.9331465],[79.8571439,6.9327897],[79.8573046,6.9326214]]}},{"type":"Feature","id":"200571277","properties":{"id":"200571277","name":"Olcott Mawatha","names":{},"highway":"trunk","tags":{"access":"yes","description":"Road declared in Gazette 06-06-1989 as A1 CMB–KDY. Starts at Chatham St Clock Tower; runs via Chatham St, Olcott, Sangaraja, Pradeepa, Saddharma Mw, Baseline to Kelani Bridge. No one may alter this trace unless redefined and issued in a new Gazette.","highway":"trunk","int_ref":"AH43","lanes":"2","lit":"yes","maxspeed":"60","motor_vehicle":"yes","name":"Olcott Mawatha","nat_name":"Colombo-Kandy Road","network":"SL:national","official_name":"Olcott Mawatha","old_name":"Norris Road","oneway":"yes","operator":"Road Development Authority","ref":"A1","sidewalk":"left","surface":"asphalt"},"width_m":6.4,"width_source":"Estimated: mapped lanes × 3.2 m","direction":"forward","direction_source":"OSM tag","access":"yes","base_graph_eligible":true,"bridge":false,"tunnel":false,"layer":0,"lanes":2,"maxspeed":"60","length_m":40.11,"surface_layer":"roads"},"geometry":{"type":"LineString","coordinates":[[79.8574366,6.932370100000001],[79.857385,6.932420199999998],[79.8573549,6.932451300000002],[79.8571761,6.9326226]]}},{"type":"Feature","id":"224056975","properties":{"id":"224056975","name":null,"names":{},"highway":"service","tags":{"highway":"service","service":"driveway","surface":"asphalt"},"width_m":4,"width_source":"Estimated from road class and direction","direction":"both","direction_source":"Default assumption; no direction tag","access":null,"base_graph_eligible":true,"bridge":false,"tunnel":false,"layer":0,"lanes":null,"maxspeed":null,"length_m":55.56,"surface_layer":"roads"},"geometry":{"type":"LineString","coordinates":[[79.8493351,6.9326707999999995],[79.8493642,6.933108],[79.8493606,6.933172099999998]]}},{"type":"Feature","id":"224060219","properties":{"id":"224060219","name":null,"names":{},"highway":"service","tags":{"highway":"service","maxspeed":"30","surface":"asphalt"},"width_m":4,"width_source":"Estimated from road class and direction","direction":"both","direction_source":"Default assumption; no direction tag","access":null,"base_graph_eligible":true,"bridge":false,"tunnel":false,"layer":0,"lanes":null,"maxspeed":"30","length_m":96.78,"surface_layer":"roads"},"geometry":{"type":"LineString","coordinates":[[79.8555574,6.929823099999998],[79.8558138,6.930037100000002],[79.8558505,6.930065500000002],[79.8558728,6.930070999999999],[79.8558952,6.930067000000003],[79.85592840000001,6.930048000000002],[79.8559512,6.930044699999999],[79.8559754,6.930047999999998],[79.8559981,6.930061800000001],[79.8562198,6.930214200000001],[79.856276,6.9302528]]}},{"type":"Feature","id":"224060220","properties":{"id":"224060220","name":null,"names":{},"highway":"service","tags":{"highway":"service","maxspeed":"30"},"width_m":4,"width_source":"Estimated from road class and direction","direction":"both","direction_source":"Default assumption; no direction tag","access":null,"base_graph_eligible":true,"bridge":false,"tunnel":false,"layer":0,"lanes":null,"maxspeed":"30","length_m":73.31,"surface_layer":"roads"},"geometry":{"type":"LineString","coordinates":[[79.8558138,6.930037100000002],[79.85543290000001,6.930495499999999],[79.85539,6.930547100000001]]}},{"type":"Feature","id":"224072778","properties":{"id":"224072778","name":null,"names":{},"highway":"residential","tags":{"highway":"residential","maxspeed":"30"},"width_m":6,"width_source":"Estimated from road class and direction","direction":"both","direction_source":"Default assumption; no direction tag","access":null,"base_graph_eligible":true,"bridge":false,"tunnel":false,"layer":0,"lanes":null,"maxspeed":"30","length_m":356.26,"surface_layer":"roads"},"geometry":{"type":"LineString","coordinates":[[79.8618268,6.925569000000001],[79.8617472,6.925568199999999],[79.860979,6.9255482],[79.8608992,6.925542999999999],[79.8608256,6.925511300000001],[79.8607894,6.925474399999998],[79.8607609,6.925434499999999],[79.8607459,6.925394899999999],[79.8607367,6.925338100000001],[79.8607463,6.925040500000001],[79.8607587,6.924656799999999],[79.8607656,6.9246102],[79.8607843,6.924537700000001],[79.8608114,6.924470799999999],[79.8608564,6.924384800000001],[79.8608948,6.924334600000001],[79.8609528,6.924295399999999],[79.8610235,6.9242826],[79.8618595,6.924299899999998]]}},{"type":"Feature","id":"224073546","properties":{"id":"224073546","name":"Akbar Brother's Road","names":{},"highway":"residential","tags":{"highway":"residential","maxspeed":"30","name":"Akbar Brother's Road"},"width_m":6,"width_source":"Estimated from road class and direction","direction":"both","direction_source":"Default assumption; no direction tag","access":null,"base_graph_eligible":true,"bridge":false,"tunnel":false,"layer":0,"lanes":null,"maxspeed":"30","length_m":17.5,"surface_layer":"roads"},"geometry":{"type":"LineString","coordinates":[[79.86207390000001,6.922986899999999],[79.8620081,6.9229768],[79.86191768615375,6.922960917798892]]}},{"type":"Feature","id":"225521547","properties":{"id":"225521547","name":null,"names":{},"highway":"trunk_link","tags":{"destination":"Gunasinghapura","highway":"trunk_link","lit":"yes","maxspeed":"60","oneway":"yes","sidewalk":"left","surface":"asphalt"},"width_m":8.0,"width_source":"Estimated from road class and direction","direction":"forward","direction_source":"OSM tag","access":null,"base_graph_eligible":true,"bridge":false,"tunnel":false,"layer":0,"lanes":null,"maxspeed":"60","length_m":62.38,"surface_layer":"roads"},"geometry":{"type":"LineString","coordinates":[[79.8553721,6.934250099999999],[79.85552869999998,6.934287399999999],[79.85559929999998,6.934317900000001],[79.85566899999999,6.934366099999997],[79.85583579999998,6.934541000000001]]}},{"type":"Feature","id":"225521732","properties":{"id":"225521732","name":"Saunders Place Link","names":{},"highway":"residential","tags":{"highway":"residential","maxspeed":"30","name":"Saunders Place Link"},"width_m":6,"width_source":"Estimated from road class and direction","direction":"both","direction_source":"Default assumption; no direction tag","access":null,"base_graph_eligible":true,"bridge":false,"tunnel":false,"layer":0,"lanes":null,"maxspeed":"30","length_m":139.48,"surface_layer":"roads"},"geometry":{"type":"LineString","coordinates":[[79.8556659,6.936641800000002],[79.8567526,6.9370249],[79.8567718,6.937021999999999],[79.8567875,6.9370096],[79.8568285,6.936952399999999]]}},{"type":"Feature","id":"228885183","properties":{"id":"228885183","name":"Kovil Street","names":{},"highway":"service","tags":{"bridge":"yes","highway":"service","layer":"1","maxspeed":"30","name":"Kovil Street"},"width_m":4,"width_source":"Estimated from road class and direction","direction":"both","direction_source":"Default assumption; no direction tag","access":null,"base_graph_eligible":true,"bridge":true,"tunnel":false,"layer":1,"lanes":null,"maxspeed":"30","length_m":31.92,"surface_layer":"bridges"},"geometry":{"type":"LineString","coordinates":[[79.8599091,6.928071800000001],[79.8598972,6.928360200000001]]}},{"type":"Feature","id":"228885184","properties":{"id":"228885184","name":"Kovil Street","names":{},"highway":"service","tags":{"highway":"service","maxspeed":"30","name":"Kovil Street"},"width_m":4,"width_source":"Estimated from road class and direction","direction":"both","direction_source":"Default assumption; no direction tag","access":null,"base_graph_eligible":true,"bridge":false,"tunnel":false,"layer":0,"lanes":null,"maxspeed":"30","length_m":419.8,"surface_layer":"roads"},"geometry":{"type":"LineString","coordinates":[[79.8598972,6.928360200000001],[79.8598667,6.928420000000001],[79.8598165,6.928480099999997],[79.8597268,6.928528599999999],[79.8587715,6.9289540999999994],[79.8585322,6.9290725],[79.8583364,6.929235200000001],[79.8581411,6.9294209],[79.8579203,6.929720099999999],[79.8576802,6.930034300000001],[79.8576534,6.930131499999998],[79.8576373,6.930490899999999],[79.85759,6.9305672],[79.8575163,6.9306258],[79.8574358,6.930620500000001],[79.857358,6.930603199999999],[79.8572883,6.930559200000001],[79.8572614,6.930507100000001]]}},{"type":"Feature","id":"231068275","properties":{"id":"231068275","name":"Hulftsdorp Link Siding","names":{},"highway":"residential","tags":{"highway":"residential","maxspeed":"30","name":"Hulftsdorp Link Siding","source":"bing"},"width_m":6,"width_source":"Estimated from road class and direction","direction":"both","direction_source":"Default assumption; no direction tag","access":null,"base_graph_eligible":true,"bridge":false,"tunnel":false,"layer":0,"lanes":null,"maxspeed":"30","length_m":62.95,"surface_layer":"roads"},"geometry":{"type":"LineString","coordinates":[[79.8622233,6.937021799999999],[79.8621476,6.936838899999999],[79.8620275,6.9364875]]}},{"type":"Feature","id":"231068280","properties":{"id":"231068280","name":"Hulftsdorp Link","names":{},"highway":"residential","tags":{"highway":"residential","maxspeed":"30","name":"Hulftsdorp Link","source":"bing","surface":"asphalt"},"width_m":6,"width_source":"Estimated from road class and direction","direction":"both","direction_source":"Default assumption; no direction tag","access":null,"base_graph_eligible":true,"bridge":false,"tunnel":false,"layer":0,"lanes":null,"maxspeed":"30","length_m":217.82,"surface_layer":"roads"},"geometry":{"type":"LineString","coordinates":[[79.86284447679671,6.93684408083964],[79.8627397,6.936875600000001],[79.8622233,6.937021799999999],[79.8615984,6.937048900000001],[79.8609049,6.937139400000001]]}},{"type":"Feature","id":"231068286","properties":{"id":"231068286","name":"Meeraniya Link","names":{},"highway":"residential","tags":{"highway":"residential","maxspeed":"30","name":"Meeraniya Link","source":"bing"},"width_m":6,"width_source":"Estimated from road class and direction","direction":"both","direction_source":"Default assumption; no direction tag","access":null,"base_graph_eligible":true,"bridge":false,"tunnel":false,"layer":0,"lanes":null,"maxspeed":"30","length_m":84.49,"surface_layer":"roads"},"geometry":{"type":"LineString","coordinates":[[79.8614975,6.9366816],[79.8615984,6.937048900000001],[79.8616333,6.937430400000002]]}},{"type":"Feature","id":"231068287","properties":{"id":"231068287","name":null,"names":{},"highway":"service","tags":{"highway":"service"},"width_m":4,"width_source":"Estimated from road class and direction","direction":"both","direction_source":"Default assumption; no direction tag","access":null,"base_graph_eligible":true,"bridge":false,"tunnel":false,"layer":0,"lanes":null,"maxspeed":null,"length_m":200.19,"surface_layer":"roads"},"geometry":{"type":"LineString","coordinates":[[79.8600911,6.923406100000002],[79.8606345,6.923442800000001],[79.861266,6.923500600000001],[79.86161,6.9235465],[79.8618919,6.9235927]]}},{"type":"Feature","id":"231068805","properties":{"id":"231068805","name":"Saunders Place Link Siding","names":{},"highway":"residential","tags":{"highway":"residential","maxspeed":"25","motorcycle":"yes","name":"Saunders Place Link Siding"},"width_m":6,"width_source":"Estimated from road class and direction","direction":"both","direction_source":"Default assumption; no direction tag","access":null,"base_graph_eligible":true,"bridge":false,"tunnel":false,"layer":0,"lanes":null,"maxspeed":"25","length_m":90.24,"surface_layer":"roads"},"geometry":{"type":"LineString","coordinates":[[79.8564134,6.9350688],[79.85641119999998,6.934941900000001],[79.85640529999999,6.9348744999999985],[79.8564259,6.934723699999999],[79.85649439999999,6.934635699999999],[79.85655069999999,6.9345837999999995],[79.85657349999998,6.9345437999999975],[79.85657289999999,6.934308699999999]]}},{"type":"Feature","id":"231068806","properties":{"id":"231068806","name":"Mihindu Mawatha Link","names":{},"highway":"residential","tags":{"highway":"residential","maxspeed":"30","name":"Mihindu Mawatha Link","surface":"asphalt"},"width_m":6,"width_source":"Estimated from road class and direction","direction":"both","direction_source":"Default assumption; no direction tag","access":null,"base_graph_eligible":true,"bridge":false,"tunnel":false,"layer":0,"lanes":null,"maxspeed":"30","length_m":145.38,"surface_layer":"roads"},"geometry":{"type":"LineString","coordinates":[[79.8573366,6.934404399999999],[79.8573338,6.9344813],[79.8571797,6.935007799999998],[79.857193,6.935230899999999],[79.85718629999998,6.935458499999999],[79.8571219,6.9356875]]}},{"type":"Feature","id":"231068807","properties":{"id":"231068807","name":"Saunders Place Link","names":{},"highway":"service","tags":{"highway":"service","name":"Saunders Place Link"},"width_m":4,"width_source":"Estimated from road class and direction","direction":"both","direction_source":"Default assumption; no direction tag","access":null,"base_graph_eligible":true,"bridge":false,"tunnel":false,"layer":0,"lanes":null,"maxspeed":null,"length_m":120.86,"surface_layer":"roads"},"geometry":{"type":"LineString","coordinates":[[79.85678369999998,6.9359917],[79.85678939999998,6.935933699999999],[79.85674919999998,6.935887099999999],[79.8563884,6.9357473999999995],[79.8562235,6.935702],[79.8560196,6.935663399999999],[79.8558171,6.935614899999999]]}},{"type":"Feature","id":"231068808","properties":{"id":"231068808","name":"Saunders Place Link","names":{},"highway":"residential","tags":{"highway":"residential","maxspeed":"30","name":"Saunders Place Link"},"width_m":6,"width_source":"Estimated from road class and direction","direction":"both","direction_source":"Default assumption; no direction tag","access":null,"base_graph_eligible":true,"bridge":false,"tunnel":false,"layer":0,"lanes":null,"maxspeed":"30","length_m":173.26,"surface_layer":"roads"},"geometry":{"type":"LineString","coordinates":[[79.8573657,6.9357444],[79.8571219,6.9356875],[79.85686169999998,6.935628899999999],[79.8558425,6.935373799999997]]}},{"type":"Feature","id":"231068809","properties":{"id":"231068809","name":"Poorwarama Link","names":{},"highway":"service","tags":{"highway":"service","name":"Poorwarama Link"},"width_m":4,"width_source":"Estimated from road class and direction","direction":"both","direction_source":"Default assumption; no direction tag","access":null,"base_graph_eligible":true,"bridge":false,"tunnel":false,"layer":0,"lanes":null,"maxspeed":null,"length_m":51.7,"surface_layer":"roads"},"geometry":{"type":"LineString","coordinates":[[79.85678369999998,6.9359917],[79.8566528,6.9364405]]}},{"type":"Feature","id":"231068810","properties":{"id":"231068810","name":"San Sebastian Link","names":{},"highway":"living_street","tags":{"highway":"living_street","name":"San Sebastian Link"},"width_m":5,"width_source":"Estimated from road class and direction","direction":"both","direction_source":"Default assumption; no direction tag","access":null,"base_graph_eligible":true,"bridge":false,"tunnel":false,"layer":0,"lanes":null,"maxspeed":null,"length_m":232.39,"surface_layer":"roads"},"geometry":{"type":"LineString","coordinates":[[79.8589341,6.9371353],[79.8588453,6.9371811],[79.8587843,6.9372097],[79.8587246,6.937209199999999],[79.85689869999999,6.936779399999999]]}},{"type":"Feature","id":"231068811","properties":{"id":"231068811","name":"Saunders Place Link","names":{},"highway":"residential","tags":{"highway":"residential","maxspeed":"30","name":"Saunders Place Link"},"width_m":6,"width_source":"Estimated from road class and direction","direction":"both","direction_source":"Default assumption; no direction tag","access":null,"base_graph_eligible":true,"bridge":false,"tunnel":false,"layer":0,"lanes":null,"maxspeed":"30","length_m":149.4,"surface_layer":"roads"},"geometry":{"type":"LineString","coordinates":[[79.857193,6.935230899999999],[79.8564134,6.9350688],[79.85628189999998,6.9350529],[79.8558602,6.935017799999999]]}},{"type":"Feature","id":"240361223","properties":{"id":"240361223","name":null,"names":{},"highway":"service","tags":{"bicycle":"yes","foot":"yes","highway":"service","horse":"yes","maxspeed":"30","surface":"ground"},"width_m":4,"width_source":"Estimated from road class and direction","direction":"both","direction_source":"Default assumption; no direction tag","access":null,"base_graph_eligible":true,"bridge":false,"tunnel":false,"layer":0,"lanes":null,"maxspeed":"30","length_m":123.82,"surface_layer":"roads"},"geometry":{"type":"LineString","coordinates":[[79.8564893,6.9252274],[79.8564063,6.9253414000000015],[79.8563381,6.9253824],[79.8562957,6.925389100000001],[79.8562315,6.9253458],[79.8561202,6.9252433],[79.85608,6.925176099999998],[79.856086,6.9251501],[79.8561222,6.925103499999999],[79.8561906,6.9250362999999995],[79.85623020000001,6.9250302999999995],[79.8562724,6.9250463],[79.8563656,6.9251175],[79.8564546,6.9251965],[79.8564893,6.9252274]]}},{"type":"Feature","id":"240361224","properties":{"id":"240361224","name":null,"names":{},"highway":"residential","tags":{"bicycle":"yes","foot":"yes","highway":"residential","horse":"yes","maxspeed":"30","surface":"ground"},"width_m":6,"width_source":"Estimated from road class and direction","direction":"both","direction_source":"Default assumption; no direction tag","access":null,"base_graph_eligible":true,"bridge":false,"tunnel":false,"layer":0,"lanes":null,"maxspeed":"30","length_m":112.83,"surface_layer":"roads"},"geometry":{"type":"LineString","coordinates":[[79.8562499,6.924399899999998],[79.8561709,6.924462099999999],[79.8557435,6.924902599999998],[79.855694,6.924972400000001],[79.8556645,6.9250917],[79.8556833,6.9251362],[79.8557046,6.925180799999999]]}},{"type":"Feature","id":"247813317","properties":{"id":"247813317","name":null,"names":{},"highway":"residential","tags":{"highway":"residential","maxspeed":"30"},"width_m":6,"width_source":"Estimated from road class and direction","direction":"both","direction_source":"Default assumption; no direction tag","access":null,"base_graph_eligible":true,"bridge":false,"tunnel":false,"layer":0,"lanes":null,"maxspeed":"30","length_m":65.06,"surface_layer":"roads"},"geometry":{"type":"LineString","coordinates":[[79.8623231,6.9340262],[79.8623684,6.934072500000004],[79.86246,6.934131500000002],[79.86284445241166,6.934287596467637]]}},{"type":"Feature","id":"262529696","properties":{"id":"262529696","name":null,"names":{},"highway":"service","tags":{"highway":"service","surface":"asphalt"},"width_m":4,"width_source":"Estimated from road class and direction","direction":"both","direction_source":"Default assumption; no direction tag","access":null,"base_graph_eligible":true,"bridge":false,"tunnel":false,"layer":0,"lanes":null,"maxspeed":null,"length_m":247.86,"surface_layer":"roads"},"geometry":{"type":"LineString","coordinates":[[79.851208,6.934165799999999],[79.8511854,6.9341101],[79.8511523,6.934062899999999],[79.851032,6.933973999999999],[79.850898,6.933903999999999],[79.8505857,6.9338041],[79.8505276,6.933790499999998],[79.8504458,6.933778399999999],[79.8503488,6.933779899999998],[79.8495748,6.933850399999999],[79.8495267,6.9338589],[79.849455,6.9338864000000004],[79.8493865,6.933920100000002],[79.84932230000001,6.9339689],[79.8492787,6.934014699999998],[79.8492033,6.934125100000003]]}},{"type":"Feature","id":"278275041","properties":{"id":"278275041","name":"Silversmith Lane","names":{},"highway":"residential","tags":{"highway":"residential","maxspeed":"30","name":"Silversmith Lane","surface":"asphalt"},"width_m":6,"width_source":"Estimated from road class and direction","direction":"both","direction_source":"Default assumption; no direction tag","access":null,"base_graph_eligible":true,"bridge":false,"tunnel":false,"layer":0,"lanes":null,"maxspeed":"30","length_m":241.15,"surface_layer":"roads"},"geometry":{"type":"LineString","coordinates":[[79.86073820000001,6.9378817],[79.861146,6.937961499999999],[79.8614128,6.938026900000002],[79.8617762,6.938072700000001],[79.8622715,6.9381849],[79.8625425,6.9382767],[79.8627508,6.938382099999999],[79.8628444917473,6.938411151309783]]}},{"type":"Feature","id":"278275043","properties":{"id":"278275043","name":"Mihindu Mawatha Link","names":{},"highway":"residential","tags":{"highway":"residential","maxspeed":"30","name":"Mihindu Mawatha Link"},"width_m":6,"width_source":"Estimated from road class and direction","direction":"both","direction_source":"Default assumption; no direction tag","access":null,"base_graph_eligible":true,"bridge":false,"tunnel":false,"layer":0,"lanes":null,"maxspeed":"30","length_m":93.31,"surface_layer":"roads"},"geometry":{"type":"LineString","coordinates":[[79.8592718,6.9353571999999994],[79.8592234,6.9352029],[79.8591812,6.93488],[79.8591937,6.9348046],[79.8592872,6.934540699999999]]}},{"type":"Feature","id":"278787705","properties":{"id":"278787705","name":"Sea Street","names":{"name:zh":"大海街"},"highway":"primary","tags":{"highway":"primary","maxspeed":"40","name":"Sea Street","name:zh":"大海街","note":"This road is not a part of A1 road.","oneway":"yes","source":"yahoo","surface":"asphalt"},"width_m":7.0,"width_source":"Estimated from road class and direction","direction":"forward","direction_source":"OSM tag","access":null,"base_graph_eligible":true,"bridge":false,"tunnel":false,"layer":0,"lanes":null,"maxspeed":"40","length_m":9.24,"surface_layer":"roads"},"geometry":{"type":"LineString","coordinates":[[79.85426040929555,6.9392371842584195],[79.8542659,6.939153799999999]]}},{"type":"Feature","id":"303066758","properties":{"id":"303066758","name":null,"names":{},"highway":"trunk_link","tags":{"highway":"trunk_link","lane_markings":"no","lit":"yes","maxspeed":"60","surface":"asphalt"},"width_m":16,"width_source":"Estimated from road class and direction","direction":"both","direction_source":"Default assumption; no direction tag","access":null,"base_graph_eligible":true,"bridge":false,"tunnel":false,"layer":0,"lanes":null,"maxspeed":"60","length_m":12.05,"surface_layer":"roads"},"geometry":{"type":"LineString","coordinates":[[79.85640949999998,6.9333897],[79.8564821,6.933471000000002]]}},{"type":"Feature","id":"303066759","properties":{"id":"303066759","name":"Poorwarama Road","names":{},"highway":"residential","tags":{"highway":"residential","maxspeed":"30","name":"Poorwarama Road"},"width_m":6,"width_source":"Estimated from road class and direction","direction":"both","direction_source":"Default assumption; no direction tag","access":null,"base_graph_eligible":true,"bridge":false,"tunnel":false,"layer":0,"lanes":null,"maxspeed":"30","length_m":50.22,"surface_layer":"roads"},"geometry":{"type":"LineString","coordinates":[[79.8568285,6.936952399999999],[79.85689869999999,6.936779399999999],[79.85697129999998,6.936522000000003]]}},{"type":"Feature","id":"303066760","properties":{"id":"303066760","name":"San Sebastian Link","names":{},"highway":"residential","tags":{"highway":"residential","maxspeed":"30","name":"San Sebastian Link"},"width_m":6,"width_source":"Estimated from road class and direction","direction":"both","direction_source":"Default assumption; no direction tag","access":null,"base_graph_eligible":true,"bridge":false,"tunnel":false,"layer":0,"lanes":null,"maxspeed":"30","length_m":111.07,"surface_layer":"roads"},"geometry":{"type":"LineString","coordinates":[[79.8573657,6.9357444],[79.8574493,6.9356087],[79.85752700000002,6.935574],[79.8576208,6.9355649999999995],[79.85828410000002,6.935627699999998]]}},{"type":"Feature","id":"303066761","properties":{"id":"303066761","name":"Mihindu Mawatha – San Sebastian Hill Roundabout","names":{},"highway":"secondary","tags":{"highway":"secondary","junction":"roundabout","lit":"yes","maxspeed":"50","name":"Mihindu Mawatha – San Sebastian Hill Roundabout","surface":"asphalt"},"width_m":5.5,"width_source":"Estimated from road class and direction","direction":"forward","direction_source":"Implied by OSM road type","access":null,"base_graph_eligible":true,"bridge":false,"tunnel":false,"layer":0,"lanes":null,"maxspeed":"50","length_m":49.48,"surface_layer":"roads"},"geometry":{"type":"LineString","coordinates":[[79.8595111,6.9344836],[79.8595088,6.934462400000001],[79.8595003,6.934442700000001],[79.8594863,6.934426499999999],[79.859468,6.934415099999999],[79.8594471,6.934409599999999],[79.8594241,6.934410899999998],[79.8594027,6.934419299999999],[79.859385,6.934434000000001],[79.859373,6.9344535],[79.8593678,6.9344758],[79.85937,6.9344985],[79.8593791,6.934519199999999],[79.8593943,6.934535900000001],[79.859414,6.9345471000000005],[79.8594362,6.9345517],[79.8594588,6.934549100000001],[79.8594794,6.934539699999999],[79.859496,6.934524399999999],[79.859507,6.9345046],[79.8595111,6.9344836]]}},{"type":"Feature","id":"303078440","properties":{"id":"303078440","name":"T.B. Jaya Mawatha Link Siding","names":{},"highway":"service","tags":{"highway":"service","name":"T.B. Jaya Mawatha Link Siding"},"width_m":4,"width_source":"Estimated from road class and direction","direction":"both","direction_source":"Default assumption; no direction tag","access":null,"base_graph_eligible":true,"bridge":false,"tunnel":false,"layer":0,"lanes":null,"maxspeed":null,"length_m":36.65,"surface_layer":"roads"},"geometry":{"type":"LineString","coordinates":[[79.8601924,6.9266665000000005],[79.8601663,6.9265973],[79.86015300000001,6.926544599999999],[79.8601599,6.926507699999998],[79.8601818,6.926472500000001],[79.8602767,6.926392499999999]]}},{"type":"Feature","id":"308341486","properties":{"id":"308341486","name":"Sir Chittampalam A. Gardiner Mawatha","names":{},"highway":"trunk","tags":{"alt_name":"Colombo-Ratnapura-Wellawaya-Batticaloa Road","highway":"trunk","lanes":"2","lit":"yes","loc_name":"Parson's Road","maxspeed":"60","name":"Sir Chittampalam A. Gardiner Mawatha","note":"Road declared in Gazette 06-06-1989 as A4 Colombo-Ratnapura-Wellawaya-Batticaloa Road. Starts at CTO RB; runs via Chittampalam Gardener, Ratnam, Thummulla Jct, Havelock Road. No one may alter this trace unless redefined and issued in a new Gazette.","oneway":"yes","ref":"A4","surface":"asphalt"},"width_m":6.4,"width_source":"Estimated: mapped lanes × 3.2 m","direction":"forward","direction_source":"OSM tag","access":null,"base_graph_eligible":true,"bridge":false,"tunnel":false,"layer":0,"lanes":2,"maxspeed":"60","length_m":66.95,"surface_layer":"roads"},"geometry":{"type":"LineString","coordinates":[[79.8469699,6.931814700000001],[79.847074,6.931218299999998]]}},{"type":"Feature","id":"308341565","properties":{"id":"308341565","name":"D. R. Wijewardene Mawatha","names":{},"highway":"primary","tags":{"highway":"primary","lanes":"2","lit":"yes","loc_name":"McCallum Road","maxspeed":"60","name":"D. R. Wijewardene Mawatha","note":"Road declared in Gazette dated 06-06-1989 as AC6 D. R. Wijewardene Mawatha from Lakehouse Roundabout to Gaminie Hall Roundabout. No one may alter this trace unless redefined and issued in a new Gazette.","oneway":"yes","ref":"AC6","sidewalk":"left","surface":"asphalt"},"width_m":6.4,"width_source":"Estimated: mapped lanes × 3.2 m","direction":"forward","direction_source":"OSM tag","access":null,"base_graph_eligible":true,"bridge":false,"tunnel":false,"layer":0,"lanes":2,"maxspeed":"60","length_m":97.84,"surface_layer":"roads"},"geometry":{"type":"LineString","coordinates":[[79.84700080000002,6.932497499999999],[79.8472362,6.932538799999998],[79.8478624,6.932618299999999],[79.8478774,6.9326197]]}},{"type":"Feature","id":"308346186","properties":{"id":"308346186","name":"Gamini Hall","names":{},"highway":"primary","tags":{"direction":"clockwise","highway":"primary","junction":"roundabout","lanes":"2","lit":"yes","maxspeed":"60","name":"Gamini Hall","surface":"asphalt"},"width_m":6.4,"width_source":"Estimated: mapped lanes × 3.2 m","direction":"forward","direction_source":"Implied by OSM road type","access":null,"base_graph_eligible":true,"bridge":false,"tunnel":false,"layer":0,"lanes":2,"maxspeed":"60","length_m":60.62,"surface_layer":"roads"},"geometry":{"type":"LineString","coordinates":[[79.8617462,6.9270876],[79.8617595,6.927119300000001],[79.86178410000001,6.927143400000001],[79.8618061,6.9271539],[79.8618302,6.927157899999999],[79.86186199999999,6.927152999999998],[79.86188990000001,6.927137],[79.86191020000001,6.9271122],[79.8619201,6.9270818],[79.8619148,6.9270382999999995],[79.8618888,6.927002800000002],[79.8618504,6.926984599999998],[79.86180780000001,6.926986399999998],[79.8617839,6.926997400000002],[79.8617594,6.927021599999999],[79.8617462,6.927053300000001],[79.8617462,6.9270876]]}},{"type":"Feature","id":"308348584","properties":{"id":"308348584","name":"Lotus Road","names":{"name:zh":"莲花路"},"highway":"trunk","tags":{"highway":"trunk","lanes":"4","lit":"yes","maxspeed":"50","name":"Lotus Road","name:zh":"莲花路","note":"A4-Colombo–Ratnapura–Wellawaya-Batticaloa Road is declared in Gazette 561/5 of 06-06-1989 as a National Highway. It starts at the CTO Round About and runs via Lotus Road so on. No one may alter this trace","oneway":"yes","ref":"A4","sidewalk":"both","surface":"asphalt","turn:lanes":"left|left|through|through|right"},"width_m":12.8,"width_source":"Estimated: mapped lanes × 3.2 m","direction":"forward","direction_source":"OSM tag","access":null,"base_graph_eligible":true,"bridge":false,"tunnel":false,"layer":0,"lanes":4,"maxspeed":"50","length_m":17.57,"surface_layer":"roads"},"geometry":{"type":"LineString","coordinates":[[79.8466517,6.9335263000000005],[79.84655644576111,6.933399041877511]]}},{"type":"Feature","id":"308349326","properties":{"id":"308349326","name":"Kovil Street","names":{},"highway":"service","tags":{"highway":"service","maxspeed":"30","name":"Kovil Street","surface":"asphalt"},"width_m":4,"width_source":"Estimated from road class and direction","direction":"both","direction_source":"Default assumption; no direction tag","access":null,"base_graph_eligible":true,"bridge":false,"tunnel":false,"layer":0,"lanes":null,"maxspeed":"30","length_m":141.8,"surface_layer":"roads"},"geometry":{"type":"LineString","coordinates":[[79.8599091,6.928071800000001],[79.8599157,6.927974899999997],[79.8599491,6.927895299999999],[79.8600294,6.927816799999999],[79.8601105,6.9277583],[79.8605984,6.927448599999999],[79.860702,6.9273339],[79.8607222,6.9272583],[79.8607128,6.927182700000001]]}},{"type":"Feature","id":"308826559","properties":{"id":"308826559","name":"Lotus Road","names":{},"highway":"primary","tags":{"access":"yes","bridge":"no","description":"Road declared in Gazette 06-06-1989 as AC15 Lotus Road. Starts at CTO Junction and ending on the Main Street. No one may alter this trace unless redefined and issued in a new Gazette.","highway":"primary","lanes":"1","lit":"yes","maxspeed":"30","motor_vehicle":"yes","name":"Lotus Road","nat_name":"Lotus Road","network":"SL:national","official_name":"Lotus Road","old_name":"Lotus Road","oneway":"yes","operator":"Road Development Authority","ref":"AC15","sidewalk":"left","surface":"asphalt"},"width_m":3.2,"width_source":"Estimated: mapped lanes × 3.2 m","direction":"forward","direction_source":"OSM tag","access":"yes","base_graph_eligible":true,"bridge":false,"tunnel":false,"layer":0,"lanes":1,"maxspeed":"30","length_m":33.87,"surface_layer":"roads"},"geometry":{"type":"LineString","coordinates":[[79.84685,6.933962400000001],[79.8469049,6.934040300000001],[79.8469344,6.934094],[79.8469793,6.934196599999998],[79.8469944,6.9342312]]}},{"type":"Feature","id":"308826560","properties":{"id":"308826560","name":"Lotus Road","names":{},"highway":"primary","tags":{"access":"yes","bridge":"no","description":"Road declared in Gazette 06-06-1989 as AC15 Lotus Road. Starts at CTO Junction and ending on the Main Street. No one may alter this trace unless redefined and issued in a new Gazette.","highway":"primary","lanes":"1","lit":"yes","maxspeed":"30","motor_vehicle":"yes","name":"Lotus Road","nat_name":"Lotus Road","network":"SL:national","official_name":"Lotus Road","old_name":"Lotus Road","oneway":"yes","operator":"Road Development Authority","ref":"AC15","sidewalk":"left","surface":"asphalt"},"width_m":3.2,"width_source":"Estimated: mapped lanes × 3.2 m","direction":"forward","direction_source":"OSM tag","access":"yes","base_graph_eligible":true,"bridge":false,"tunnel":false,"layer":0,"lanes":1,"maxspeed":"30","length_m":26.18,"surface_layer":"roads"},"geometry":{"type":"LineString","coordinates":[[79.8469944,6.9342312],[79.8470158,6.934197],[79.8470558,6.934133200000002],[79.8471016,6.934070200000001],[79.8471276,6.934035599999998]]}},{"type":"Feature","id":"308826582","properties":{"id":"308826582","name":null,"names":{},"highway":"service","tags":{"highway":"service","highway_1":"service","maxspeed":"25","motorcycle":"yes","service":"parking_aisle"},"width_m":4,"width_source":"Estimated from road class and direction","direction":"both","direction_source":"Default assumption; no direction tag","access":null,"base_graph_eligible":true,"bridge":false,"tunnel":false,"layer":0,"lanes":null,"maxspeed":"25","length_m":129.37,"surface_layer":"roads"},"geometry":{"type":"LineString","coordinates":[[79.849586,6.935401799999999],[79.8490795,6.9353282000000025],[79.8490198,6.9353209],[79.8484256,6.935247800000001]]}},{"type":"Feature","id":"308826583","properties":{"id":"308826583","name":null,"names":{},"highway":"service","tags":{"highway":"service","highway_1":"service","maxspeed":"25","motorcycle":"yes","service":"parking_aisle"},"width_m":4,"width_source":"Estimated from road class and direction","direction":"both","direction_source":"Default assumption; no direction tag","access":null,"base_graph_eligible":true,"bridge":false,"tunnel":false,"layer":0,"lanes":null,"maxspeed":"25","length_m":123.71,"surface_layer":"roads"},"geometry":{"type":"LineString","coordinates":[[79.8495929,6.9348942],[79.84915190000001,6.934823800000001],[79.8484825,6.934755699999998]]}},{"type":"Feature","id":"308826584","properties":{"id":"308826584","name":null,"names":{},"highway":"service","tags":{"highway":"service","highway_1":"service","maxspeed":"25","motorcycle":"yes","service":"parking_aisle"},"width_m":4,"width_source":"Estimated from road class and direction","direction":"both","direction_source":"Default assumption; no direction tag","access":null,"base_graph_eligible":true,"bridge":false,"tunnel":false,"layer":0,"lanes":null,"maxspeed":"25","length_m":126.64,"surface_layer":"roads"},"geometry":{"type":"LineString","coordinates":[[79.84944810000002,6.936374299999999],[79.8489393,6.936303800000003],[79.848313,6.936217000000002]]}},{"type":"Feature","id":"308826585","properties":{"id":"308826585","name":null,"names":{},"highway":"service","tags":{"highway":"service","maxspeed":"25","motorcycle":"yes","service":"parking_aisle","surface":"asphalt"},"width_m":4,"width_source":"Estimated from road class and direction","direction":"both","direction_source":"Default assumption; no direction tag","access":null,"base_graph_eligible":true,"bridge":false,"tunnel":false,"layer":0,"lanes":null,"maxspeed":"25","length_m":277.47,"surface_layer":"roads"},"geometry":{"type":"LineString","coordinates":[[79.849198,6.9345029],[79.84915190000001,6.934823800000001],[79.8490795,6.9353282000000025],[79.8489393,6.936303800000003],[79.8488214,6.936773700000001],[79.8488114,6.936978600000001]]}},{"type":"Feature","id":"312755405","properties":{"id":"312755405","name":"Main Street","names":{},"highway":"primary","tags":{"highway":"primary","lanes":"2","lit":"yes","maxspeed":"60","name":"Main Street","note":"Road declared in Gazette 06-06-1989 as AC17-Main Street. Starts at the end of Lotus Road. No one may alter this trace unless redefined and issued in a new Gazette.","oneway":"yes","ref":"AC17","surface":"asphalt"},"width_m":6.4,"width_source":"Estimated: mapped lanes × 3.2 m","direction":"forward","direction_source":"OSM tag","access":null,"base_graph_eligible":true,"bridge":false,"tunnel":false,"layer":0,"lanes":2,"maxspeed":"60","length_m":16.86,"surface_layer":"roads"},"geometry":{"type":"LineString","coordinates":[[79.8472204,6.936719000000002],[79.8472992,6.936734500000001],[79.8473479,6.936743700000002],[79.8473699,6.936749299999998]]}},{"type":"Feature","id":"312761007","properties":{"id":"312761007","name":null,"names":{},"highway":"secondary_link","tags":{"highway":"secondary_link","lit":"yes","maxspeed":"50","motor_vehicle":"designated","oneway":"yes"},"width_m":5.5,"width_source":"Estimated from road class and direction","direction":"forward","direction_source":"OSM tag","access":"designated","base_graph_eligible":true,"bridge":false,"tunnel":false,"layer":0,"lanes":null,"maxspeed":"50","length_m":0.32,"surface_layer":"roads"},"geometry":{"type":"LineString","coordinates":[[79.84655635605944,6.937016157946574],[79.8465586,6.937014300000002]]}},{"type":"Feature","id":"312761342","properties":{"id":"312761342","name":null,"names":{},"highway":"secondary_link","tags":{"highway":"secondary_link","maxspeed":"50","motor_vehicle":"designated","oneway":"yes"},"width_m":5.5,"width_source":"Estimated from road class and direction","direction":"forward","direction_source":"OSM tag","access":"designated","base_graph_eligible":true,"bridge":false,"tunnel":false,"layer":0,"lanes":null,"maxspeed":"50","length_m":24.59,"surface_layer":"roads"},"geometry":{"type":"LineString","coordinates":[[79.8493523,6.9375297],[79.84927650000002,6.937633900000002],[79.8492423,6.937721]]}},{"type":"Feature","id":"312761343","properties":{"id":"312761343","name":null,"names":{},"highway":"secondary_link","tags":{"highway":"secondary_link","layer":"-1","maxspeed":"50","motor_vehicle":"designated","oneway":"yes","tunnel":"building_passage"},"width_m":5.5,"width_source":"Estimated from road class and direction","direction":"forward","direction_source":"OSM tag","access":"designated","base_graph_eligible":true,"bridge":false,"tunnel":true,"layer":-1,"lanes":null,"maxspeed":"50","length_m":11.12,"surface_layer":null},"geometry":{"type":"LineString","coordinates":[[79.849441,6.9378972],[79.84945010000001,6.937867499999999],[79.8494883,6.937809400000001]]}},{"type":"Feature","id":"312877719","properties":{"id":"312877719","name":"Masjidul jamiah Road","names":{},"highway":"residential","tags":{"highway":"residential","maxspeed":"30","name":"Masjidul jamiah Road","surface":"asphalt"},"width_m":6,"width_source":"Estimated from road class and direction","direction":"both","direction_source":"Default assumption; no direction tag","access":null,"base_graph_eligible":true,"bridge":false,"tunnel":false,"layer":0,"lanes":null,"maxspeed":"30","length_m":152.19,"surface_layer":"roads"},"geometry":{"type":"LineString","coordinates":[[79.84964299999999,6.923828399999999],[79.84955499999998,6.9242478],[79.8495113,6.924477700000001],[79.8494855,6.924633900000001],[79.8493209,6.925164300000002]]}},{"type":"Feature","id":"313261242","properties":{"id":"313261242","name":"Adikarana Road","names":{},"highway":"tertiary","tags":{"bridge":"yes","highway":"tertiary","layer":"1","maxspeed":"40","name":"Adikarana Road"},"width_m":9,"width_source":"Estimated from road class and direction","direction":"both","direction_source":"Default assumption; no direction tag","access":null,"base_graph_eligible":true,"bridge":true,"tunnel":false,"layer":1,"lanes":null,"maxspeed":"40","length_m":21.44,"surface_layer":"bridges"},"geometry":{"type":"LineString","coordinates":[[79.8618981,6.9338702],[79.86180470000001,6.934040100000003]]}},{"type":"Feature","id":"323989396","properties":{"id":"323989396","name":null,"names":{},"highway":"service","tags":{"access":"no","highway":"service"},"width_m":4,"width_source":"Estimated from road class and direction","direction":"both","direction_source":"Default assumption; no direction tag","access":"no","base_graph_eligible":false,"bridge":false,"tunnel":false,"layer":0,"lanes":null,"maxspeed":null,"length_m":286.12,"surface_layer":"restricted_roads"},"geometry":{"type":"LineString","coordinates":[[79.8623336,6.9362544999999995],[79.8620359,6.9355009999999995],[79.8613398,6.935777900000002],[79.8608784,6.9360003],[79.8607786,6.936022200000001],[79.860691,6.935996899999999],[79.8605936,6.936002899999998],[79.8603922,6.9361052999999995]]}},{"type":"Feature","id":"323989397","properties":{"id":"323989397","name":null,"names":{},"highway":"service","tags":{"access":"no","highway":"service"},"width_m":4,"width_source":"Estimated from road class and direction","direction":"both","direction_source":"Default assumption; no direction tag","access":"no","base_graph_eligible":false,"bridge":false,"tunnel":false,"layer":0,"lanes":null,"maxspeed":null,"length_m":50.04,"surface_layer":"restricted_roads"},"geometry":{"type":"LineString","coordinates":[[79.8620018,6.9361353999999995],[79.86199760000001,6.936176600000001],[79.8619728,6.9362079],[79.86173,6.9363131],[79.8616724,6.936326399999999],[79.8616258,6.9363164000000035]]}},{"type":"Feature","id":"327262039","properties":{"id":"327262039","name":"N. H. M. Abdul Cader Mawatha","names":{"name:zh":"洋滩路"},"highway":"primary","tags":{"highway":"primary","is_in":"Pettah, Colombo, Western Province, Sri Lanka","lit":"yes","maxspeed":"50","name":"N. H. M. Abdul Cader Mawatha","name:zh":"洋滩路","note":"Road declared in Gazette 06-06-1989 as A20-N. H. M. Abdul Cader Mawatha. No one may alter this trace unless redefined and issued in a new Gazette.","old_name":"Reclamation Road","oneway":"yes","ref":"AC20"},"width_m":7.0,"width_source":"Estimated from road class and direction","direction":"forward","direction_source":"OSM tag","access":null,"base_graph_eligible":true,"bridge":false,"tunnel":false,"layer":0,"lanes":null,"maxspeed":"50","length_m":55.35,"surface_layer":"roads"},"geometry":{"type":"LineString","coordinates":[[79.84914,6.937257300000001],[79.84926,6.9374201],[79.8493523,6.9375297],[79.8494713,6.937629200000001]]}},{"type":"Feature","id":"327344983","properties":{"id":"327344983","name":"Sir Chittampalam A. Gardiner Mawatha","names":{},"highway":"trunk","tags":{"alt_name":"Colombo-Ratnapura-Wellawaya-Batticaloa Road","highway":"trunk","lanes":"2","lit":"yes","loc_name":"Parson's Road","maxspeed":"60","name":"Sir Chittampalam A. Gardiner Mawatha","note":"Road declared in Gazette 06-06-1989 as A4 Colombo-Ratnapura-Wellawaya-Batticaloa Road. Starts at CTO RB; runs via Chittampalam Gardener, Ratnam, Thummulla Jct, Havelock Road. No one may alter this trace unless redefined and issued in a new Gazette.","oneway":"yes","ref":"A4","surface":"asphalt"},"width_m":6.4,"width_source":"Estimated: mapped lanes × 3.2 m","direction":"forward","direction_source":"OSM tag","access":null,"base_graph_eligible":true,"bridge":false,"tunnel":false,"layer":0,"lanes":2,"maxspeed":"60","length_m":14.59,"surface_layer":"roads"},"geometry":{"type":"LineString","coordinates":[[79.8469445,6.9319441999999984],[79.8469699,6.931814700000001]]}},{"type":"Feature","id":"343837973","properties":{"id":"343837973","name":null,"names":{},"highway":"service","tags":{"highway":"service","horse":"no","motor_vehicle":"designated","surface":"asphalt"},"width_m":4,"width_source":"Estimated from road class and direction","direction":"both","direction_source":"Default assumption; no direction tag","access":"designated","base_graph_eligible":true,"bridge":false,"tunnel":false,"layer":0,"lanes":null,"maxspeed":null,"length_m":284.42,"surface_layer":"roads"},"geometry":{"type":"LineString","coordinates":[[79.8478576,6.936784599999999],[79.8478741,6.936682200000003],[79.84812800000002,6.934309],[79.8481346,6.934277899999999],[79.8481458,6.934229600000001]]}},{"type":"Feature","id":"343838577","properties":{"id":"343838577","name":null,"names":{},"highway":"primary_link","tags":{"highway":"primary_link","lane_markings":"no","lit":"yes","maxspeed":"50","oneway":"yes","surface":"asphalt"},"width_m":7.0,"width_source":"Estimated from road class and direction","direction":"forward","direction_source":"OSM tag","access":null,"base_graph_eligible":true,"bridge":false,"tunnel":false,"layer":0,"lanes":null,"maxspeed":"50","length_m":32.98,"surface_layer":"roads"},"geometry":{"type":"LineString","coordinates":[[79.8469829,6.9362774],[79.8469479,6.936345400000001],[79.8469082,6.9363914999999965],[79.846874,6.936426000000001],[79.8468375,6.936454699999997],[79.8467849,6.9364945]]}},{"type":"Feature","id":"347544917","properties":{"id":"347544917","name":"Orabi Pasha Mawatha","names":{},"highway":"primary","tags":{"access":"yes","bridge":"no","description":"Road declared in Gazette dated 06-06-1989 as AC19 Maradana Road (now Orabipasha, Kularatne and Gnanartha Pradeepaya Mw) from Technical Jct to Borella Jct. No one may alter this trace unless redefined and issued in a new Gazette.","highway":"primary","lanes":"1","layer":"0","lit":"yes","maxspeed":"60","motor_vehicle":"yes","name":"Orabi Pasha Mawatha","nat_name":"Maradana Road","network":"SL:national","official_name":"Orabi Pasha Mawatha","old_name":"First Division Maradana","oneway":"yes","operator":"Road Development Authority","ref":"AC19","sidewalk":"no","surface":"asphalt"},"width_m":3.2,"width_source":"Estimated: mapped lanes × 3.2 m","direction":"forward","direction_source":"OSM tag","access":"yes","base_graph_eligible":true,"bridge":false,"tunnel":false,"layer":0,"lanes":1,"maxspeed":"60","length_m":37.97,"surface_layer":"roads"},"geometry":{"type":"LineString","coordinates":[[79.8607384,6.932093600000001],[79.8605953,6.932207900000001],[79.8604813,6.932320699999998]]}},{"type":"Feature","id":"347544919","properties":{"id":"347544919","name":"St. Sebastian Hill","names":{},"highway":"secondary","tags":{"highway":"secondary","lit":"yes","maxspeed":"50","name":"St. Sebastian Hill","note":"Road Name Spelling Corrected.","oneway":"yes","surface":"asphalt"},"width_m":5.5,"width_source":"Estimated from road class and direction","direction":"forward","direction_source":"OSM tag","access":null,"base_graph_eligible":true,"bridge":false,"tunnel":false,"layer":0,"lanes":null,"maxspeed":"50","length_m":25.73,"surface_layer":"roads"},"geometry":{"type":"LineString","coordinates":[[79.8602873,6.9325017],[79.8602074,6.932605099999999],[79.8601669,6.9326988]]}},{"type":"Feature","id":"347547910","properties":{"id":"347547910","name":null,"names":{},"highway":"secondary_link","tags":{"highway":"secondary_link","lit":"yes","maxspeed":"50","oneway":"yes","surface":"asphalt"},"width_m":5.5,"width_source":"Estimated from road class and direction","direction":"forward","direction_source":"OSM tag","access":null,"base_graph_eligible":true,"bridge":false,"tunnel":false,"layer":0,"lanes":null,"maxspeed":"50","length_m":26.26,"surface_layer":"roads"},"geometry":{"type":"LineString","coordinates":[[79.860376,6.932287600000002],[79.8603671,6.9323672],[79.8603478,6.932415400000001],[79.8603215,6.9324562],[79.8602873,6.9325017]]}},{"type":"Feature","id":"347548880","properties":{"id":"347548880","name":"Sanchi Arachchi Garden","names":{},"highway":"tertiary","tags":{"highway":"tertiary","lit":"yes","maxspeed":"40","name":"Sanchi Arachchi Garden","surface":"asphalt"},"width_m":9,"width_source":"Estimated from road class and direction","direction":"both","direction_source":"Default assumption; no direction tag","access":null,"base_graph_eligible":true,"bridge":false,"tunnel":false,"layer":0,"lanes":null,"maxspeed":"40","length_m":201.49,"surface_layer":"roads"},"geometry":{"type":"LineString","coordinates":[[79.8598614,6.9337693],[79.86035900000002,6.933924499999999],[79.86066920000002,6.934068300000001],[79.86093960000001,6.934229099999999],[79.8614883,6.934568700000001]]}},{"type":"Feature","id":"349861734","properties":{"id":"349861734","name":"Orabi Pasha Mawatha","names":{},"highway":"primary","tags":{"access":"yes","bridge":"no","description":"Road declared in Gazette dated 06-06-1989 as AC19 Maradana Road (now Orabipasha, Kularatne and Gnanartha Pradeepaya Mw) from Technical Jct to Borella Jct. No one may alter this trace unless redefined and issued in a new Gazette.","highway":"primary","lanes":"4","layer":"0","lit":"yes","maxspeed":"60","motor_vehicle":"yes","name":"Orabi Pasha Mawatha","nat_name":"Maradana Road","network":"SL:national","official_name":"Orabi Pasha Mawatha","old_name":"First Division Maradana","oneway":"yes","operator":"Road Development Authority","ref":"AC19","sidewalk":"both","surface":"asphalt"},"width_m":12.8,"width_source":"Estimated: mapped lanes × 3.2 m","direction":"forward","direction_source":"OSM tag","access":"yes","base_graph_eligible":true,"bridge":false,"tunnel":false,"layer":0,"lanes":4,"maxspeed":"60","length_m":326.39,"surface_layer":"roads"},"geometry":{"type":"LineString","coordinates":[[79.86284441177423,6.930025786171395],[79.8627824,6.930086099999997],[79.8625347,6.9303368],[79.8623945,6.9304788],[79.8621683,6.9307079],[79.8619672,6.930901399999998],[79.8618164,6.931041099999999],[79.8612472,6.931605700000001],[79.8610212,6.931800899999998],[79.8607889,6.932043199999999],[79.8607384,6.932093600000001]]}},{"type":"Feature","id":"350014246","properties":{"id":"350014246","name":"T. B. Jayah Mawatha","names":{},"highway":"primary","tags":{"highway":"primary","lanes":"3","lit":"yes","maxspeed":"60","name":"T. B. Jayah Mawatha","oneway":"yes","ref":"12","surface":"asphalt"},"width_m":9.6,"width_source":"Estimated: mapped lanes × 3.2 m","direction":"forward","direction_source":"OSM tag","access":null,"base_graph_eligible":true,"bridge":false,"tunnel":false,"layer":0,"lanes":3,"maxspeed":"60","length_m":138.95,"surface_layer":"roads"},"geometry":{"type":"LineString","coordinates":[[79.86284439120958,6.9278683974040005],[79.862827,6.9278647],[79.8626156,6.9277788],[79.8624496,6.927711399999999],[79.8623065,6.927602],[79.86215049999998,6.927447100000001],[79.8619201,6.9270818]]}},{"type":"Feature","id":"351910067","properties":{"id":"351910067","name":null,"names":{},"highway":"primary_link","tags":{"highway":"primary_link","lanes":"2","lit":"yes","maxspeed":"60","note":"Primary Link roads connecting D. R. Wijewardene Mawatha to Sir Chittampalam A. Gardiner Mawatha.","oneway":"yes","sidewalk":"left","surface":"asphalt"},"width_m":6.4,"width_source":"Estimated: mapped lanes × 3.2 m","direction":"forward","direction_source":"OSM tag","access":null,"base_graph_eligible":true,"bridge":false,"tunnel":false,"layer":0,"lanes":2,"maxspeed":"60","length_m":28.36,"surface_layer":"roads"},"geometry":{"type":"LineString","coordinates":[[79.846956,6.932200300000001],[79.8469505,6.932132499999998],[79.8469491,6.932114099999998],[79.8469445,6.9319441999999984]]}},{"type":"Feature","id":"351910069","properties":{"id":"351910069","name":"Olcott Mawatha","names":{},"highway":"trunk","tags":{"access":"yes","bridge":"no","description":"Road declared in Gazette 06-06-1989 as A1 CMB–KDY. Starts at Chatham St Clock Tower; runs via Chatham St, Olcott, Sangaraja, Pradeepa, Saddharma Mw, Baseline to Kelani Bridge. No one may alter this trace unless redefined and issued in a new Gazette.","highway":"trunk","int_ref":"AH43","lanes":"2","lit":"yes","maxspeed":"60","motor_vehicle":"yes","name":"Olcott Mawatha","nat_name":"Colombo-Kandy Road","network":"SL:national","official_name":"Olcott Mawatha","old_name":"Norris Road","oneway":"yes","operator":"Road Development Authority","ref":"A1","sidewalk":"no","surface":"asphalt"},"width_m":6.4,"width_source":"Estimated: mapped lanes × 3.2 m","direction":"forward","direction_source":"OSM tag","access":"yes","base_graph_eligible":true,"bridge":false,"tunnel":false,"layer":0,"lanes":2,"maxspeed":"60","length_m":31.94,"surface_layer":"roads"},"geometry":{"type":"LineString","coordinates":[[79.84685,6.933962400000001],[79.8469069,6.933964399999997],[79.8469568,6.933976599999999],[79.84702850000001,6.9340005],[79.8471276,6.934035599999998]]}},{"type":"Feature","id":"351910070","properties":{"id":"351910070","name":"Olcott Mawatha","names":{},"highway":"trunk","tags":{"access":"yes","description":"Road declared in Gazette 06-06-1989 as A1 CMB–KDY. Starts at Chatham St Clock Tower; runs via Chatham St, Olcott, Sangaraja, Pradeepa, Saddharma Mw, Baseline to Kelani Bridge. No one may alter this trace unless redefined and issued in a new Gazette.","highway":"trunk","int_ref":"AH43","lanes":"2","lit":"yes","maxspeed":"60","motor_vehicle":"yes","name":"Olcott Mawatha","nat_name":"Colombo-Kandy Road","network":"SL:national","official_name":"Olcott Mawatha","old_name":"Norris Road","oneway":"yes","operator":"Road Development Authority","ref":"A1","sidewalk":"left","surface":"asphalt"},"width_m":6.4,"width_source":"Estimated: mapped lanes × 3.2 m","direction":"forward","direction_source":"OSM tag","access":"yes","base_graph_eligible":true,"bridge":false,"tunnel":false,"layer":0,"lanes":2,"maxspeed":"60","length_m":90.38,"surface_layer":"roads"},"geometry":{"type":"LineString","coordinates":[[79.8476481,6.9340491],[79.8474761,6.9340136999999995],[79.847429,6.934003700000002],[79.8472922,6.9339759],[79.84719930000001,6.9339467999999975],[79.8471333,6.933919799999999],[79.8470722,6.933891299999997],[79.8470166,6.9338607],[79.8469741,6.933830099999999],[79.8469348,6.933797799999997],[79.8468934,6.933767]]}},{"type":"Feature","id":"351910078","properties":{"id":"351910078","name":"Lotus Road","names":{},"highway":"trunk","tags":{"access":"yes","bridge":"no","description":"A4-Colombo–Ratnapura–Wellawaya-Batticaloa Road is declared in Gazette 561/5 of 06-06-1989 as a National Highway. It starts at the CTO Round About and runs via Lotus Road so on. No one may alter this trace.","highway":"trunk","lanes":"2","lit":"yes","maxspeed":"60","motor_vehicle":"yes","name":"Lotus Road","nat_name":"Colombo-Ratnapura-Wellawaya-Batticaloa Road","network":"SL:national","official_name":"Lotus Road","old_name":"Lotus Road","oneway":"yes","operator":"Road Development Authority","ref":"A4","sidewalk":"right","surface":"asphalt"},"width_m":6.4,"width_source":"Estimated: mapped lanes × 3.2 m","direction":"forward","direction_source":"OSM tag","access":"yes","base_graph_eligible":true,"bridge":false,"tunnel":false,"layer":0,"lanes":2,"maxspeed":"60","length_m":32.47,"surface_layer":"roads"},"geometry":{"type":"LineString","coordinates":[[79.8466847,6.933809899999999],[79.8466949,6.933765800000001],[79.8466976,6.933729200000001],[79.8466935,6.933696],[79.8466802,6.933652499999998],[79.8466511,6.933591000000001],[79.8466517,6.9335263000000005]]}},{"type":"Feature","id":"351911648","properties":{"id":"351911648","name":"Kumaran Ratnam Road","names":{},"highway":"trunk","tags":{"foot":"permissive","highway":"trunk","lanes":"4","lit":"yes","maxspeed":"60","name":"Kumaran Ratnam Road","note":"Road declared in Gazette 06-06-1989 as A4 Colombo-Ratnapura-Wellawaya-Batticaloa Road. Starts at CTO RB; runs via Chittampalam Gardener, Ratnam, Thummulla Jct, Havelock Road. No one may alter this trace unless redefined and issued in a new Gazette.","oneway":"yes","ref":"A4","surface":"asphalt"},"width_m":12.8,"width_source":"Estimated: mapped lanes × 3.2 m","direction":"forward","direction_source":"OSM tag","access":null,"base_graph_eligible":true,"bridge":false,"tunnel":false,"layer":0,"lanes":4,"maxspeed":"60","length_m":604.3,"surface_layer":"roads"},"geometry":{"type":"LineString","coordinates":[[79.8498962,6.9276427],[79.84999690000001,6.927575],[79.8500615,6.9275409],[79.8501637,6.9274895],[79.8502245,6.927461199999999],[79.85029520000002,6.927434899999999],[79.8504461,6.927402500000001],[79.8506165,6.927365900000002],[79.8509122,6.927283499999999],[79.8510844,6.9271956999999995],[79.8511588,6.9271298],[79.8512115,6.9270404],[79.8513365,6.926699200000002],[79.8513749,6.926609999999999],[79.85141589999999,6.926468399999999],[79.8514186,6.9264592],[79.85145029999998,6.926354],[79.8515155,6.926109300000001],[79.8516687,6.925579100000001],[79.8516839,6.925525300000001],[79.851774,6.925231799999997],[79.851899,6.924824299999998],[79.85197889999999,6.924534],[79.8520214,6.924376],[79.8523233,6.923346399999998],[79.85233079999999,6.923320999999998],[79.85233279999999,6.923314099999998],[79.85236199999999,6.923229999999998]]}},{"type":"Feature","id":"354296659","properties":{"id":"354296659","name":"Sir Baron Jayatilake Mawatha","names":{},"highway":"primary","tags":{"highway":"primary","lanes":"2","lit":"yes","loc_name":"Main Street","maxspeed":"60","name":"Sir Baron Jayatilake Mawatha","note":"Street Name correct spelling adopted and Road Type Updated. Old Street Named Adopted. Historically this road segment was a part of Main Street from York St to Lotus Rd.","oneway":"yes","surface":"asphalt"},"width_m":6.4,"width_source":"Estimated: mapped lanes × 3.2 m","direction":"forward","direction_source":"OSM tag","access":null,"base_graph_eligible":true,"bridge":false,"tunnel":false,"layer":0,"lanes":2,"maxspeed":"60","length_m":48.56,"surface_layer":"roads"},"geometry":{"type":"LineString","coordinates":[[79.84655636803159,6.936533470382181],[79.8467029,6.9365692],[79.8467774,6.936592099999999],[79.8468459,6.936618800000001],[79.8469076,6.936642699999999],[79.8469756,6.936662800000001]]}},{"type":"Feature","id":"355488330","properties":{"id":"355488330","name":null,"names":{},"highway":"primary_link","tags":{"foot":"no","highway":"primary_link","lit":"yes","maxspeed":"60","note":"Primary Link roads connecting D. R. Wijewardene Mawatha to Sir Chittampalam A. Gardiner Mawatha.","oneway":"yes","sidewalk":"no","surface":"asphalt"},"width_m":7.0,"width_source":"Estimated from road class and direction","direction":"forward","direction_source":"OSM tag","access":null,"base_graph_eligible":true,"bridge":false,"tunnel":false,"layer":0,"lanes":null,"maxspeed":"60","length_m":35.2,"surface_layer":"roads"},"geometry":{"type":"LineString","coordinates":[[79.8468192,6.932177599999997],[79.84684810000002,6.932334600000001],[79.84691440000002,6.9324788]]}},{"type":"Feature","id":"355488332","properties":{"id":"355488332","name":null,"names":{},"highway":"trunk","tags":{"foot":"no","highway":"trunk","maxspeed":"60","note":"Trunk Link roads connecting York Street and D. R. Wijewardene Mawatha to Sir Chittampalam A. Gardiner Mawatha.","oneway":"yes","surface":"asphalt"},"width_m":8.0,"width_source":"Estimated from road class and direction","direction":"forward","direction_source":"OSM tag","access":null,"base_graph_eligible":true,"bridge":false,"tunnel":false,"layer":0,"lanes":null,"maxspeed":"60","length_m":5.82,"surface_layer":"roads"},"geometry":{"type":"LineString","coordinates":[[79.84655647099079,6.932381448176423],[79.8466019,6.932354899999999]]}},{"type":"Feature","id":"355488334","properties":{"id":"355488334","name":null,"names":{},"highway":"primary_link","tags":{"highway":"primary_link","lanes":"2","lit":"yes","maxspeed":"60","note":"Primary Link roads connecting D. R. Wijewardene Mawatha to Sir Chittampalam A. Gardiner Mawatha.","oneway":"yes","sidewalk":"left","surface":"asphalt"},"width_m":6.4,"width_source":"Estimated: mapped lanes × 3.2 m","direction":"forward","direction_source":"OSM tag","access":null,"base_graph_eligible":true,"bridge":false,"tunnel":false,"layer":0,"lanes":2,"maxspeed":"60","length_m":34.06,"surface_layer":"roads"},"geometry":{"type":"LineString","coordinates":[[79.8471463,6.932429199999998],[79.8470777,6.932382799999999],[79.8470452,6.9323592000000005],[79.8469866,6.9322879],[79.846956,6.932200300000001]]}},{"type":"Feature","id":"359949478","properties":{"id":"359949478","name":null,"names":{},"highway":"trunk","tags":{"highway":"trunk","lanes":"3","lit":"yes","maxspeed":"60","note":"Trunk Link roads connecting York Street and D. R. Wijewardene Mawatha to Sir Chittampalam A. Gardiner Mawatha.","oneway":"yes","sidewalk:left":"separate","surface":"asphalt"},"width_m":9.6,"width_source":"Estimated: mapped lanes × 3.2 m","direction":"forward","direction_source":"OSM tag","access":null,"base_graph_eligible":true,"bridge":false,"tunnel":false,"layer":0,"lanes":3,"maxspeed":"60","length_m":39.77,"surface_layer":"roads"},"geometry":{"type":"LineString","coordinates":[[79.8468093,6.931985099999999],[79.8467496,6.932061299999999],[79.8466917,6.9321244],[79.8466406,6.932170700000002],[79.84655647452419,6.932238926537807]]}},{"type":"Feature","id":"359950099","properties":{"id":"359950099","name":"D. R. Wijewardene Mawatha","names":{},"highway":"primary","tags":{"foot":"no","highway":"primary","lanes":"2","lit":"yes","loc_name":"McCallum Road","maxspeed":"60","name":"D. R. Wijewardene Mawatha","note":"Road declared in Gazette dated 06-06-1989 as AC6 D. R. Wijewardene Mawatha from Lakehouse Roundabout to Gaminie Hall Roundabout. No one may alter this trace unless redefined and issued in a new Gazette.","oneway":"yes","ref":"AC6","sidewalk":"no","surface":"asphalt"},"width_m":6.4,"width_source":"Estimated: mapped lanes × 3.2 m","direction":"forward","direction_source":"OSM tag","access":null,"base_graph_eligible":true,"bridge":false,"tunnel":false,"layer":0,"lanes":2,"maxspeed":"60","length_m":53.71,"surface_layer":"roads"},"geometry":{"type":"LineString","coordinates":[[79.8471463,6.932429199999998],[79.8470331,6.932396799999999],[79.8469737,6.932375799999998],[79.84684810000002,6.932334600000001],[79.8466773,6.932306799999999]]}},{"type":"Feature","id":"359950835","properties":{"id":"359950835","name":"Olcott Mawatha","names":{},"highway":"trunk","tags":{"access":"yes","description":"Road declared in Gazette 06-06-1989 as A1 CMB–KDY. Starts at Chatham St Clock Tower; runs via Chatham St, Olcott, Sangaraja, Pradeepa, Saddharma Mw, Baseline to Kelani Bridge. No one may alter this trace unless redefined and issued in a new Gazette.","highway":"trunk","int_ref":"AH43","lanes":"2","lit":"yes","maxspeed":"60","motor_vehicle":"yes","name":"Olcott Mawatha","nat_name":"Colombo-Kandy Road","network":"SL:national","official_name":"Olcott Mawatha","old_name":"Norris Road","oneway":"yes","operator":"Road Development Authority","ref":"A1","sidewalk":"left","surface":"asphalt","turn:lanes":"left|through|through"},"width_m":6.4,"width_source":"Estimated: mapped lanes × 3.2 m","direction":"forward","direction_source":"OSM tag","access":"yes","base_graph_eligible":true,"bridge":false,"tunnel":false,"layer":0,"lanes":2,"maxspeed":"60","length_m":83.96,"surface_layer":"roads"},"geometry":{"type":"LineString","coordinates":[[79.8559477,6.934010699999998],[79.8564821,6.933471000000002]]}},{"type":"Feature","id":"360180324","properties":{"id":"360180324","name":null,"names":{},"highway":"trunk","tags":{"foot":"no","highway":"trunk","lit":"yes","maxspeed":"60","note":"Trunk Link roads connecting York Street and D. R. Wijewardene Mawatha to Sir Chittampalam A. Gardiner Mawatha.","oneway":"yes","sidewalk":"no","surface":"asphalt"},"width_m":8.0,"width_source":"Estimated from road class and direction","direction":"forward","direction_source":"OSM tag","access":null,"base_graph_eligible":true,"bridge":false,"tunnel":false,"layer":0,"lanes":null,"maxspeed":"60","length_m":29.37,"surface_layer":"roads"},"geometry":{"type":"LineString","coordinates":[[79.8468192,6.932177599999997],[79.8468693,6.932103399999998],[79.8469445,6.9319441999999984]]}},{"type":"Feature","id":"361355640","properties":{"id":"361355640","name":"Vellons Passage","names":{},"highway":"residential","tags":{"highway":"residential","maxspeed":"30","name":"Vellons Passage","surface":"asphalt"},"width_m":6,"width_source":"Estimated from road class and direction","direction":"both","direction_source":"Default assumption; no direction tag","access":null,"base_graph_eligible":true,"bridge":false,"tunnel":false,"layer":0,"lanes":null,"maxspeed":"30","length_m":148.19,"surface_layer":"roads"},"geometry":{"type":"LineString","coordinates":[[79.8507562,6.923854200000002],[79.85140299999999,6.924018499999998],[79.85141259999999,6.9240100999999985],[79.8515108,6.9238015],[79.85163420000002,6.923649700000002],[79.8516358,6.923622400000001],[79.85155439999998,6.923432199999999]]}},{"type":"Feature","id":"374792296","properties":{"id":"374792296","name":null,"names":{},"highway":"primary_link","tags":{"highway":"primary_link","lane_markings":"no","lit":"yes","maxspeed":"50","oneway":"yes","surface":"asphalt"},"width_m":7.0,"width_source":"Estimated from road class and direction","direction":"forward","direction_source":"OSM tag","access":null,"base_graph_eligible":true,"bridge":false,"tunnel":false,"layer":0,"lanes":null,"maxspeed":"50","length_m":38.63,"surface_layer":"roads"},"geometry":{"type":"LineString","coordinates":[[79.8471233,6.9365944],[79.8470867,6.936546600000002],[79.8470652,6.9365066],[79.8470381,6.936443799999999],[79.8470167,6.936381500000001],[79.8469829,6.9362774]]}},{"type":"Feature","id":"374792303","properties":{"id":"374792303","name":"Main Street","names":{},"highway":"primary","tags":{"highway":"primary","lanes":"2","lit":"yes","maxspeed":"60","name":"Main Street","note":"Road declared in Gazette 06-06-1989 as AC17-Main Street. Starts at the end of Lotus Road. No one may alter this trace unless redefined and issued in a new Gazette.","oneway":"yes","ref":"AC17","surface":"asphalt"},"width_m":6.4,"width_source":"Estimated: mapped lanes × 3.2 m","direction":"forward","direction_source":"OSM tag","access":null,"base_graph_eligible":true,"bridge":false,"tunnel":false,"layer":0,"lanes":2,"maxspeed":"60","length_m":148.83,"surface_layer":"roads"},"geometry":{"type":"LineString","coordinates":[[79.8491404,6.936980100000001],[79.8490098,6.9369897],[79.8488114,6.936978600000001],[79.848645,6.9369615],[79.8484558,6.936928599999999],[79.8481404,6.9368574],[79.8478576,6.936784599999999],[79.8478163,6.936775199999997]]}},{"type":"Feature","id":"376563405","properties":{"id":"376563405","name":"Trace Lane","names":{},"highway":"residential","tags":{"highway":"residential","name":"Trace Lane","surface":"asphalt","width":"10"},"width_m":10.0,"width_source":"OSM width","direction":"both","direction_source":"Default assumption; no direction tag","access":null,"base_graph_eligible":true,"bridge":false,"tunnel":false,"layer":0,"lanes":null,"maxspeed":null,"length_m":408.76,"surface_layer":"roads"},"geometry":{"type":"LineString","coordinates":[[79.8614345,6.929071100000002],[79.861358,6.929120100000001],[79.8613127,6.929163700000001],[79.861262,6.9292129000000005],[79.8611946,6.929290999999998],[79.8610625,6.929434],[79.8608954,6.9296149],[79.8607483,6.929774300000001],[79.8606934,6.929833799999999],[79.8605748,6.9299623],[79.85900620000001,6.931852299999998]]}},{"type":"Feature","id":"376563407","properties":{"id":"376563407","name":null,"names":{},"highway":"service","tags":{"highway":"service"},"width_m":4,"width_source":"Estimated from road class and direction","direction":"both","direction_source":"Default assumption; no direction tag","access":null,"base_graph_eligible":true,"bridge":false,"tunnel":false,"layer":0,"lanes":null,"maxspeed":null,"length_m":104.98,"surface_layer":"roads"},"geometry":{"type":"LineString","coordinates":[[79.8500398,6.9363619],[79.8499726,6.936622],[79.8499753,6.936676499999999],[79.8500114,6.936711299999998],[79.8505151,6.936991199999998]]}},{"type":"Feature","id":"376583489","properties":{"id":"376583489","name":null,"names":{},"highway":"residential","tags":{"highway":"residential","maxspeed":"30","surface":"asphalt"},"width_m":6,"width_source":"Estimated from road class and direction","direction":"both","direction_source":"Default assumption; no direction tag","access":null,"base_graph_eligible":true,"bridge":false,"tunnel":false,"layer":0,"lanes":null,"maxspeed":"30","length_m":87.05,"surface_layer":"roads"},"geometry":{"type":"LineString","coordinates":[[79.8621683,6.9307079],[79.8622969,6.930807200000001],[79.86261460000001,6.931088899999998],[79.86270650000002,6.9311843],[79.8627597,6.9312264999999975]]}},{"type":"Feature","id":"376583490","properties":{"id":"376583490","name":"Sri Priyadarshana Mawatha","names":{},"highway":"living_street","tags":{"highway":"living_street","name":"Sri Priyadarshana Mawatha"},"width_m":5,"width_source":"Estimated from road class and direction","direction":"both","direction_source":"Default assumption; no direction tag","access":null,"base_graph_eligible":true,"bridge":false,"tunnel":false,"layer":0,"lanes":null,"maxspeed":null,"length_m":130.09,"surface_layer":"roads"},"geometry":{"type":"LineString","coordinates":[[79.86242810000002,6.9330191],[79.86158190000002,6.9331990999999995],[79.86127030000002,6.9332142]]}},{"type":"Feature","id":"378240892","properties":{"id":"378240892","name":"Gas Works Round About","names":{},"highway":"primary","tags":{"highway":"primary","junction":"roundabout","lanes":"2","lit":"yes","maxspeed":"70","name":"Gas Works Round About","note":"This round about is called Gas Works Round About","surface":"asphalt"},"width_m":6.4,"width_source":"Estimated: mapped lanes × 3.2 m","direction":"forward","direction_source":"Implied by OSM road type","access":null,"base_graph_eligible":true,"bridge":false,"tunnel":false,"layer":0,"lanes":2,"maxspeed":"70","length_m":73.79,"surface_layer":"roads"},"geometry":{"type":"LineString","coordinates":[[79.8541279,6.9391687],[79.8541552,6.939181999999999],[79.8541851,6.939187099999999],[79.8542233,6.9391823],[79.8542427,6.9391722],[79.8542659,6.939153799999999],[79.8542831,6.9391297000000005],[79.8542933,6.939100000000001],[79.8542943,6.939068700000001],[79.8542852,6.939036400000001],[79.8542664,6.939008599999998],[79.8542398,6.938988000000001],[79.8542081,6.938976599999998],[79.8541744,6.938975600000001],[79.854142,6.9389851],[79.8541142,6.939004099999999],[79.8540944,6.939029699999999],[79.8540832,6.93906],[79.8540816,6.9390912],[79.8540892,6.939121599999999],[79.8541055,6.9391484],[79.8541279,6.9391687]]}},{"type":"Feature","id":"378241128","properties":{"id":"378241128","name":"Bankshall Street","names":{},"highway":"residential","tags":{"highway":"residential","maxspeed":"40","name":"Bankshall Street","oneway":"yes","source":"yahoo"},"width_m":3.5,"width_source":"Estimated from road class and direction","direction":"forward","direction_source":"OSM tag","access":null,"base_graph_eligible":true,"bridge":false,"tunnel":false,"layer":0,"lanes":null,"maxspeed":"40","length_m":125.61,"surface_layer":"roads"},"geometry":{"type":"LineString","coordinates":[[79.85250952008482,6.939237166072817],[79.85250860000001,6.939236599999999],[79.8521787,6.939034299999999],[79.8515543,6.938621899999999]]}},{"type":"Feature","id":"378241306","properties":{"id":"378241306","name":"Meeraniya Street","names":{},"highway":"tertiary","tags":{"highway":"tertiary","maxspeed":"40","name":"Meeraniya Street","surface":"asphalt"},"width_m":9,"width_source":"Estimated from road class and direction","direction":"both","direction_source":"Default assumption; no direction tag","access":null,"base_graph_eligible":true,"bridge":false,"tunnel":false,"layer":0,"lanes":null,"maxspeed":"40","length_m":176.45,"surface_layer":"roads"},"geometry":{"type":"LineString","coordinates":[[79.8612678,6.937397099999998],[79.8613652,6.937410399999999],[79.8616333,6.937430400000002],[79.8623181,6.937397699999999],[79.8626513,6.937310999999998],[79.86284448077103,6.937260680467235]]}},{"type":"Feature","id":"379155540","properties":{"id":"379155540","name":"Leyden Bastian Road","names":{},"highway":"tertiary","tags":{"highway":"tertiary","lane_markings":"no","lit":"yes","maxspeed":"50","name":"Leyden Bastian Road","oneway":"yes","surface":"asphalt"},"width_m":4.5,"width_source":"Estimated from road class and direction","direction":"forward","direction_source":"OSM tag","access":null,"base_graph_eligible":true,"bridge":false,"tunnel":false,"layer":0,"lanes":null,"maxspeed":"50","length_m":52.26,"surface_layer":"roads"},"geometry":{"type":"LineString","coordinates":[[79.8467884,6.936910599999999],[79.8469279,6.936841399999999],[79.8470329,6.936795],[79.8472204,6.936719000000002]]}},{"type":"Feature","id":"379161607","properties":{"id":"379161607","name":"Sri Sangaraja Mawatha","names":{},"highway":"trunk","tags":{"access":"yes","bridge":"no","description":"Road declared in Gazette 06-06-1989 as A1 CMB–KDY. Starts at Chatham St Clock Tower; runs via Chatham St, Olcott, Sangaraja, Pradeepa, Saddharma Mw, Baseline to Kelani Bridge. No one may alter this trace unless redefined and issued in a new Gazette.","highway":"trunk","int_ref":"AH43","lanes":"2","layer":"0","lit":"yes","maxspeed":"60","motor_vehicle":"yes","name":"Sri Sangaraja Mawatha","nat_name":"Colombo-Kandy Road","network":"SL:national","official_name":"Sri Sangaraja Mawatha","old_name":"Skinner's Road South","oneway":"yes","operator":"Road Development Authority","ref":"A1","sidewalk":"left","surface":"asphalt"},"width_m":6.4,"width_source":"Estimated: mapped lanes × 3.2 m","direction":"forward","direction_source":"OSM tag","access":"yes","base_graph_eligible":true,"bridge":false,"tunnel":false,"layer":0,"lanes":2,"maxspeed":"60","length_m":33.43,"surface_layer":"roads"},"geometry":{"type":"LineString","coordinates":[[79.8606448,6.932362099999998],[79.8607045,6.932377800000001],[79.8607946,6.9323908],[79.860872,6.932394699999998],[79.8609442,6.932395199999998]]}},{"type":"Feature","id":"386048812","properties":{"id":"386048812","name":"Vauxhall Street","names":{},"highway":"tertiary","tags":{"highway":"tertiary","lanes":"2","lit":"yes","maxspeed":"40","name":"Vauxhall Street","surface":"asphalt"},"width_m":6.4,"width_source":"Estimated: mapped lanes × 3.2 m","direction":"both","direction_source":"Default assumption; no direction tag","access":null,"base_graph_eligible":true,"bridge":false,"tunnel":false,"layer":0,"lanes":2,"maxspeed":"40","length_m":550.79,"surface_layer":"roads"},"geometry":{"type":"LineString","coordinates":[[79.85747148598979,6.922960930652247],[79.8573151,6.9231563000000005],[79.8572628,6.923204400000001],[79.8572206,6.923242100000003],[79.8571395,6.923298300000002],[79.8570668,6.923341099999999],[79.8570014,6.9233625000000005],[79.8568749,6.9234134],[79.8567328,6.923435400000001],[79.8566435,6.9234367],[79.8562862,6.9234174],[79.8560201,6.9233996000000015],[79.855923,6.9233885000000015],[79.8557393,6.923344800000001],[79.8555665,6.923288499999998],[79.8554108,6.923208500000001],[79.85521870000001,6.923124300000002],[79.854986,6.923019],[79.8549049,6.923001600000002],[79.85482749999998,6.9229962999999985],[79.8547671,6.9230039],[79.8547101,6.923017],[79.85458079999998,6.923062099999998],[79.85403989999999,6.923311899999996],[79.85381359999998,6.9234171999999985],[79.85341339999998,6.9235996],[79.8532807,6.923658399999998],[79.8529181,6.923836599999997]]}},{"type":"Feature","id":"386281524","properties":{"id":"386281524","name":"Arnold Ratnayake Road","names":{},"highway":"tertiary","tags":{"highway":"tertiary","lane_markings":"no","maxspeed":"40","name":"Arnold Ratnayake Road","surface":"asphalt"},"width_m":9,"width_source":"Estimated from road class and direction","direction":"both","direction_source":"Default assumption; no direction tag","access":null,"base_graph_eligible":true,"bridge":false,"tunnel":false,"layer":0,"lanes":null,"maxspeed":"40","length_m":2.05,"surface_layer":"roads"},"geometry":{"type":"LineString","coordinates":[[79.86282600000001,6.9229831],[79.86284434468597,6.922985995464991]]}},{"type":"Feature","id":"389064291","properties":{"id":"389064291","name":"Sir Baron Jayatilake Mawatha","names":{},"highway":"primary","tags":{"highway":"primary","lanes":"2","lit":"yes","loc_name":"Main Street","maxspeed":"60","name":"Sir Baron Jayatilake Mawatha","note":"Street Name correct spelling adopted and Road Type Updated. Old Street Named Adopted. Historically this road segment was a part of Main Street from York St to Lotus Rd.","oneway":"yes","surface":"asphalt"},"width_m":6.4,"width_source":"Estimated: mapped lanes × 3.2 m","direction":"forward","direction_source":"OSM tag","access":null,"base_graph_eligible":true,"bridge":false,"tunnel":false,"layer":0,"lanes":2,"maxspeed":"60","length_m":49.06,"surface_layer":"roads"},"geometry":{"type":"LineString","coordinates":[[79.84698390000001,6.936557399999999],[79.8467849,6.9364945],[79.8467272,6.936483100000002],[79.84655637037409,6.936439023943394]]}},{"type":"Feature","id":"389064300","properties":{"id":"389064300","name":"Main Street","names":{},"highway":"primary","tags":{"bridge":"yes","highway":"primary","lanes":"2","layer":"1","lit":"yes","maxspeed":"60","name":"Main Street","note":"Road declared in Gazette 06-06-1989 as AC17-Main Street. Starts at the end of Lotus Road. No one may alter this trace unless redefined and issued in a new Gazette.","oneway":"yes","ref":"AC17","surface":"asphalt"},"width_m":6.4,"width_source":"Estimated: mapped lanes × 3.2 m","direction":"forward","direction_source":"OSM tag","access":null,"base_graph_eligible":true,"bridge":true,"tunnel":false,"layer":1,"lanes":2,"maxspeed":"60","length_m":50.59,"surface_layer":"bridges"},"geometry":{"type":"LineString","coordinates":[[79.8478163,6.936775199999997],[79.8473718,6.936665700000001]]}},{"type":"Feature","id":"389064302","properties":{"id":"389064302","name":"Main Street","names":{},"highway":"primary","tags":{"highway":"primary","lanes":"2","lit":"yes","maxspeed":"60","name":"Main Street","note":"Road declared in Gazette 06-06-1989 as AC17-Main Street. Starts at the end of Lotus Road. No one may alter this trace unless redefined and issued in a new Gazette.","oneway":"yes","ref":"AC17","surface":"asphalt"},"width_m":6.4,"width_source":"Estimated: mapped lanes × 3.2 m","direction":"forward","direction_source":"OSM tag","access":null,"base_graph_eligible":true,"bridge":false,"tunnel":false,"layer":0,"lanes":2,"maxspeed":"60","length_m":37.4,"surface_layer":"roads"},"geometry":{"type":"LineString","coordinates":[[79.8473718,6.936665700000001],[79.8471233,6.9365944],[79.8470463,6.9365732]]}},{"type":"Feature","id":"389064305","properties":{"id":"389064305","name":"Main Street","names":{},"highway":"primary","tags":{"bridge":"yes","highway":"primary","lanes":"2","layer":"1","lit":"yes","maxspeed":"60","name":"Main Street","note":"Road declared in Gazette 06-06-1989 as AC17-Main Street. Starts at the end of Lotus Road. No one may alter this trace unless redefined and issued in a new Gazette.","oneway":"yes","ref":"AC17","surface":"asphalt"},"width_m":6.4,"width_source":"Estimated: mapped lanes × 3.2 m","direction":"forward","direction_source":"OSM tag","access":null,"base_graph_eligible":true,"bridge":true,"tunnel":false,"layer":1,"lanes":2,"maxspeed":"60","length_m":48.75,"surface_layer":"bridges"},"geometry":{"type":"LineString","coordinates":[[79.8473699,6.936749299999998],[79.8474838,6.936776200000001],[79.8477985,6.936853499999998]]}},{"type":"Feature","id":"389064307","properties":{"id":"389064307","name":"Main Street","names":{},"highway":"primary","tags":{"highway":"primary","lanes":"2","lit":"yes","maxspeed":"60","name":"Main Street","note":"Road declared in Gazette 06-06-1989 as AC17-Main Street. Starts at the end of Lotus Road. No one may alter this trace unless redefined and issued in a new Gazette.","oneway":"yes","ref":"AC17","surface":"asphalt"},"width_m":6.4,"width_source":"Estimated: mapped lanes × 3.2 m","direction":"forward","direction_source":"OSM tag","access":null,"base_graph_eligible":true,"bridge":false,"tunnel":false,"layer":0,"lanes":2,"maxspeed":"60","length_m":153.94,"surface_layer":"roads"},"geometry":{"type":"LineString","coordinates":[[79.8477985,6.936853499999998],[79.8481187,6.936931900000003],[79.848379,6.9369916],[79.84860340000002,6.9370471],[79.8487322,6.937079700000001],[79.8488544,6.937112599999998],[79.8489437,6.937149099999999],[79.8490167,6.937188299999999],[79.8491284,6.937247299999999]]}},{"type":"Feature","id":"391699869","properties":{"id":"391699869","name":"Sri Priyadarshana Mawatha","names":{},"highway":"living_street","tags":{"highway":"living_street","lit":"yes","name":"Sri Priyadarshana Mawatha"},"width_m":5,"width_source":"Estimated from road class and direction","direction":"both","direction_source":"Default assumption; no direction tag","access":null,"base_graph_eligible":true,"bridge":false,"tunnel":false,"layer":0,"lanes":null,"maxspeed":null,"length_m":179.93,"surface_layer":"roads"},"geometry":{"type":"LineString","coordinates":[[79.86127030000002,6.9332142],[79.86108680000001,6.9332346],[79.86100450000002,6.933252500000001],[79.86094950000002,6.933303000000001],[79.86085840000001,6.933466800000001],[79.86078320000001,6.9334814],[79.8600435,6.933252500000001],[79.8599134,6.9332022],[79.8598248,6.9331429]]}},{"type":"Feature","id":"396031863","properties":{"id":"396031863","name":"D. R. Wijewardene Mawatha","names":{},"highway":"primary","tags":{"highway":"primary","lanes":"2","lit":"yes","loc_name":"McCallum Road","maxspeed":"60","name":"D. R. Wijewardene Mawatha","note":"Road declared in Gazette dated 06-06-1989 as AC6 D. R. Wijewardene Mawatha from Lakehouse Roundabout to Gaminie Hall Roundabout. No one may alter this trace unless redefined and issued in a new Gazette.","oneway":"yes","ref":"AC6","sidewalk":"left","surface":"asphalt"},"width_m":6.4,"width_source":"Estimated: mapped lanes × 3.2 m","direction":"forward","direction_source":"OSM tag","access":null,"base_graph_eligible":true,"bridge":false,"tunnel":false,"layer":0,"lanes":2,"maxspeed":"60","length_m":466.52,"surface_layer":"roads"},"geometry":{"type":"LineString","coordinates":[[79.8494577,6.932658600000002],[79.8496846,6.932637599999998],[79.8510344,6.932447900000001],[79.8511525,6.932428899999997],[79.8513824,6.932392],[79.8519336,6.932297199999999],[79.8520391,6.932280400000002],[79.8523448,6.932211999999999],[79.8526181,6.932135799999999],[79.85317549999999,6.9319786000000025],[79.8535795,6.9318596999999995],[79.85359349999999,6.9318556000000005]]}},{"type":"Feature","id":"396033081","properties":{"id":"396033081","name":"Dewanampiyatissa Mawatha","names":{},"highway":"residential","tags":{"highway":"residential","maxspeed":"40","name":"Dewanampiyatissa Mawatha","oneway":"yes"},"width_m":3.5,"width_source":"Estimated from road class and direction","direction":"forward","direction_source":"OSM tag","access":null,"base_graph_eligible":true,"bridge":false,"tunnel":false,"layer":0,"lanes":null,"maxspeed":"40","length_m":44.18,"surface_layer":"roads"},"geometry":{"type":"LineString","coordinates":[[79.86284436258383,6.924864561122558],[79.8624446,6.9248589]]}},{"type":"Feature","id":"404849267","properties":{"id":"404849267","name":"Kosala Lane","names":{},"highway":"residential","tags":{"access":"no","highway":"residential","maxspeed":"30","name":"Kosala Lane"},"width_m":6,"width_source":"Estimated from road class and direction","direction":"both","direction_source":"Default assumption; no direction tag","access":"no","base_graph_eligible":false,"bridge":false,"tunnel":false,"layer":0,"lanes":null,"maxspeed":"30","length_m":154.83,"surface_layer":"restricted_roads"},"geometry":{"type":"LineString","coordinates":[[79.8504792,6.9362149],[79.8505321,6.935926799999997],[79.850634,6.9355833],[79.8507171,6.9352398],[79.8508191,6.9348576999999985]]}},{"type":"Feature","id":"462376382","properties":{"id":"462376382","name":"Saunders Place","names":{},"highway":"tertiary","tags":{"highway":"tertiary","lit":"yes","maxspeed":"40","name":"Saunders Place","surface":"asphalt"},"width_m":9,"width_source":"Estimated from road class and direction","direction":"both","direction_source":"Default assumption; no direction tag","access":null,"base_graph_eligible":true,"bridge":false,"tunnel":false,"layer":0,"lanes":null,"maxspeed":"40","length_m":53.11,"surface_layer":"roads"},"geometry":{"type":"LineString","coordinates":[[79.85583579999998,6.934541000000001],[79.85585719999999,6.9346320000000015],[79.85586879999998,6.934720600000003],[79.8558684,6.934864999999999],[79.8558602,6.935017799999999]]}},{"type":"Feature","id":"462376383","properties":{"id":"462376383","name":null,"names":{},"highway":"tertiary","tags":{"highway":"tertiary","lit":"yes","oneway":"yes","sidewalk":"left","surface":"asphalt"},"width_m":4.5,"width_source":"Estimated from road class and direction","direction":"forward","direction_source":"OSM tag","access":null,"base_graph_eligible":true,"bridge":false,"tunnel":false,"layer":0,"lanes":null,"maxspeed":null,"length_m":36.55,"surface_layer":"roads"},"geometry":{"type":"LineString","coordinates":[[79.85583579999998,6.934541000000001],[79.85580709999999,6.9343813999999995],[79.85580599999999,6.934350899999999],[79.85580089999999,6.934296],[79.85580249999998,6.934213299999998]]}},{"type":"Feature","id":"462376384","properties":{"id":"462376384","name":"Saunders Place","names":{},"highway":"tertiary","tags":{"highway":"tertiary","lane_markings":"no","maxspeed":"40","name":"Saunders Place","sidewalk":"both","surface":"asphalt"},"width_m":9,"width_source":"Estimated from road class and direction","direction":"both","direction_source":"Default assumption; no direction tag","access":null,"base_graph_eligible":true,"bridge":false,"tunnel":false,"layer":0,"lanes":null,"maxspeed":"40","length_m":438.74,"surface_layer":"roads"},"geometry":{"type":"LineString","coordinates":[[79.8558602,6.935017799999999],[79.8558469,6.935284999999999],[79.8558425,6.935373799999997],[79.8558171,6.935614899999999],[79.85579180000002,6.935785000000002],[79.8557674,6.9359486],[79.8557466,6.936067599999999],[79.855724,6.9361969],[79.8557153,6.936224799999999],[79.8556521,6.9364265000000005],[79.8556508,6.9365168],[79.8556659,6.936641800000002],[79.855824,6.9369644],[79.8560425,6.9373667],[79.8562126,6.9376941],[79.8564045,6.938039799999999],[79.8564624,6.9381594],[79.8565451,6.938330299999999],[79.8567445,6.9386981]]}},{"type":"Feature","id":"467593912","properties":{"id":"467593912","name":"Masjidul jamiah Road","names":{},"highway":"residential","tags":{"highway":"residential","maxspeed":"30","name":"Masjidul jamiah Road","surface":"asphalt"},"width_m":6,"width_source":"Estimated from road class and direction","direction":"both","direction_source":"Default assumption; no direction tag","access":null,"base_graph_eligible":true,"bridge":false,"tunnel":false,"layer":0,"lanes":null,"maxspeed":"30","length_m":236.05,"surface_layer":"roads"},"geometry":{"type":"LineString","coordinates":[[79.850251,6.9264367999999985],[79.8501286,6.926401499999998],[79.8495774,6.926219399999998],[79.8495525,6.926206100000001],[79.8495435,6.9261800000000004],[79.8495342,6.925923400000001],[79.8495266,6.9258856],[79.8495033,6.9258568999999985],[79.84947639999999,6.925849099999998],[79.8494103,6.9258345],[79.84927119999999,6.9258038],[79.84912729999999,6.925767999999998],[79.8491029,6.925726099999999],[79.84911669999998,6.9256492000000005],[79.84920199999999,6.925438299999998],[79.8493209,6.925164300000002]]}},{"type":"Feature","id":"467593955","properties":{"id":"467593955","name":"New Ferry Lane","names":{},"highway":"residential","tags":{"highway":"residential","maxspeed":"30","name":"New Ferry Lane","oneway":"yes"},"width_m":3.5,"width_source":"Estimated from road class and direction","direction":"forward","direction_source":"OSM tag","access":null,"base_graph_eligible":true,"bridge":false,"tunnel":false,"layer":0,"lanes":null,"maxspeed":"30","length_m":44.92,"surface_layer":"roads"},"geometry":{"type":"LineString","coordinates":[[79.85077060000002,6.9252906],[79.851165,6.925388899999997]]}},{"type":"Feature","id":"480882247","properties":{"id":"480882247","name":"Olcott Mawatha","names":{},"highway":"trunk","tags":{"access":"yes","description":"Road declared in Gazette 06-06-1989 as A1 CMB–KDY. Starts at Chatham St Clock Tower; runs via Chatham St, Olcott, Sangaraja, Pradeepa, Saddharma Mw, Baseline to Kelani Bridge. No one may alter this trace unless redefined and issued in a new Gazette.","highway":"trunk","int_ref":"AH43","lanes":"2","lit":"yes","maxspeed":"60","motor_vehicle":"yes","name":"Olcott Mawatha","nat_name":"Colombo-Kandy Road","network":"SL:national","official_name":"Olcott Mawatha","old_name":"Norris Road","oneway":"yes","operator":"Road Development Authority","ref":"A1","sidewalk":"left","surface":"asphalt"},"width_m":6.4,"width_source":"Estimated: mapped lanes × 3.2 m","direction":"forward","direction_source":"OSM tag","access":"yes","base_graph_eligible":true,"bridge":false,"tunnel":false,"layer":0,"lanes":2,"maxspeed":"60","length_m":119.91,"surface_layer":"roads"},"geometry":{"type":"LineString","coordinates":[[79.8571761,6.9326226],[79.8570667,6.9327289],[79.856842,6.932966300000001],[79.8566763,6.933133],[79.85645889999999,6.933342900000003],[79.85640949999998,6.9333897]]}},{"type":"Feature","id":"480882248","properties":{"id":"480882248","name":"Sri Sangaraja Mawatha","names":{},"highway":"trunk","tags":{"access":"yes","bridge":"no","description":"Road declared in Gazette 06-06-1989 as A1 CMB–KDY. Starts at Chatham St Clock Tower; runs via Chatham St, Olcott, Sangaraja, Pradeepa, Saddharma Mw, Baseline to Kelani Bridge. No one may alter this trace unless redefined and issued in a new Gazette.","highway":"trunk","int_ref":"AH43","lanes":"2","layer":"0","lit":"yes","maxspeed":"60","motor_vehicle":"yes","name":"Sri Sangaraja Mawatha","nat_name":"Colombo-Kandy Road","network":"SL:national","official_name":"Sri Sangaraja Mawatha","old_name":"Skinner's Road South","oneway":"yes","operator":"Road Development Authority","ref":"A1","sidewalk":"right","surface":"asphalt"},"width_m":6.4,"width_source":"Estimated: mapped lanes × 3.2 m","direction":"forward","direction_source":"OSM tag","access":"yes","base_graph_eligible":true,"bridge":false,"tunnel":false,"layer":0,"lanes":2,"maxspeed":"60","length_m":31.75,"surface_layer":"roads"},"geometry":{"type":"LineString","coordinates":[[79.8607253,6.932235500000001],[79.8607421,6.932277399999999],[79.8607695,6.932313300000001],[79.8608088,6.932350799999999],[79.8608739,6.932374699999998],[79.8609442,6.932395199999998]]}},{"type":"Feature","id":"487439433","properties":{"id":"487439433","name":"Kew Road","names":{},"highway":"tertiary","tags":{"highway":"tertiary","maxspeed":"50","name":"Kew Road","oneway":"yes"},"width_m":4.5,"width_source":"Estimated from road class and direction","direction":"forward","direction_source":"OSM tag","access":null,"base_graph_eligible":true,"bridge":false,"tunnel":false,"layer":0,"lanes":null,"maxspeed":"50","length_m":35.54,"surface_layer":"roads"},"geometry":{"type":"LineString","coordinates":[[79.85145029999998,6.926354],[79.8516961,6.926146799999999]]}},{"type":"Feature","id":"487440178","properties":{"id":"487440178","name":null,"names":{},"highway":"living_street","tags":{"highway":"living_street"},"width_m":5,"width_source":"Estimated from road class and direction","direction":"both","direction_source":"Default assumption; no direction tag","access":null,"base_graph_eligible":true,"bridge":false,"tunnel":false,"layer":0,"lanes":null,"maxspeed":null,"length_m":299.34,"surface_layer":"roads"},"geometry":{"type":"LineString","coordinates":[[79.8545726,6.9262192],[79.8542292,6.926393599999998],[79.8537438,6.926573300000001],[79.85358950000001,6.926621199999998],[79.8534715,6.9265973],[79.8527042,6.925720699999999],[79.8524384,6.9254805]]}},{"type":"Feature","id":"490386466","properties":{"id":"490386466","name":"Wharf Road","names":{"name:en":"Wharf Road","name:zh":"码头路","name:zh-Hans":"码头路","name:zh-Hant":"碼頭路"},"highway":"secondary","tags":{"highway":"secondary","lit":"yes","maxspeed":"50","name":"Wharf Road","name:en":"Wharf Road","name:zh":"码头路","name:zh-Hans":"码头路","name:zh-Hant":"碼頭路"},"width_m":11,"width_source":"Estimated from road class and direction","direction":"both","direction_source":"Default assumption; no direction tag","access":null,"base_graph_eligible":true,"bridge":false,"tunnel":false,"layer":0,"lanes":null,"maxspeed":"50","length_m":314.48,"surface_layer":"roads"},"geometry":{"type":"LineString","coordinates":[[79.84841,6.937395300000001],[79.8485074,6.9374676],[79.8486194,6.937588499999997],[79.8487454,6.937761600000001],[79.8488233,6.937876],[79.8488853,6.937915300000001],[79.84894660000002,6.937947600000001],[79.8490177,6.937983],[79.84908680000001,6.938009299999998],[79.8491586,6.938029500000001],[79.8492229,6.938051999999999],[79.849328,6.938068499999999],[79.8494011,6.9380857],[79.849481,6.938109300000001],[79.849552,6.938138499999999],[79.8496055,6.9381626],[79.8496621,6.9381988],[79.8497739,6.938267100000003],[79.849838,6.938329699999998],[79.8499002,6.938378700000002],[79.8499584,6.938429900000001],[79.8499902,6.938469399999999],[79.85003880000001,6.938541699999998],[79.8500903,6.938619100000001],[79.8501314,6.938714700000002],[79.8502019,6.938899499999999],[79.8502403,6.938987399999999],[79.8502985,6.9390872],[79.850369,6.9392009],[79.85039523403138,6.939237135513127]]}},{"type":"Feature","id":"499089752","properties":{"id":"499089752","name":null,"names":{},"highway":"service","tags":{"highway":"service","service":"driveway"},"width_m":4,"width_source":"Estimated from road class and direction","direction":"both","direction_source":"Default assumption; no direction tag","access":null,"base_graph_eligible":true,"bridge":false,"tunnel":false,"layer":0,"lanes":null,"maxspeed":null,"length_m":60.48,"surface_layer":"roads"},"geometry":{"type":"LineString","coordinates":[[79.8493642,6.933108],[79.8497461,6.933070099999999],[79.849758,6.933063300000001],[79.8497649,6.933050299999999],[79.8497659,6.933037099999999],[79.8497585,6.932915599999999]]}},{"type":"Feature","id":"518640506","properties":{"id":"518640506","name":null,"names":{},"highway":"service","tags":{"highway":"service","maxspeed":"30","oneway":"yes"},"width_m":3.5,"width_source":"Estimated from road class and direction","direction":"forward","direction_source":"OSM tag","access":null,"base_graph_eligible":true,"bridge":false,"tunnel":false,"layer":0,"lanes":null,"maxspeed":"30","length_m":14.31,"surface_layer":"roads"},"geometry":{"type":"LineString","coordinates":[[79.84855209999999,6.9286834],[79.84865529999999,6.9287615]]}},{"type":"Feature","id":"533955493","properties":{"id":"533955493","name":null,"names":{},"highway":"service","tags":{"highway":"service"},"width_m":4,"width_source":"Estimated from road class and direction","direction":"both","direction_source":"Default assumption; no direction tag","access":null,"base_graph_eligible":true,"bridge":false,"tunnel":false,"layer":0,"lanes":null,"maxspeed":null,"length_m":29.46,"surface_layer":"roads"},"geometry":{"type":"LineString","coordinates":[[79.86261460000001,6.931088899999998],[79.86277290000001,6.931010500000001],[79.86284442064319,6.930956064352955]]}},{"type":"Feature","id":"557075223","properties":{"id":"557075223","name":null,"names":{},"highway":"service","tags":{"highway":"service","service":"parking_aisle","surface":"compacted"},"width_m":4,"width_source":"Estimated from road class and direction","direction":"both","direction_source":"Default assumption; no direction tag","access":null,"base_graph_eligible":true,"bridge":false,"tunnel":false,"layer":0,"lanes":null,"maxspeed":null,"length_m":107.67,"surface_layer":"roads"},"geometry":{"type":"LineString","coordinates":[[79.8476559,6.9322484],[79.8476711,6.932214499999999],[79.84769400000002,6.932154100000002],[79.8477182,6.9321221999999985],[79.8477313,6.932102999999996],[79.8477638,6.932055600000001],[79.8477933,6.9319811],[79.8477998,6.931955099999998],[79.8478121,6.931906500000002],[79.8478094,6.931823999999999],[79.8477638,6.9317867],[79.8476914,6.9317760999999996],[79.8473158,6.931720100000001]]}},{"type":"Feature","id":"557075224","properties":{"id":"557075224","name":null,"names":{},"highway":"trunk_link","tags":{"access":"yes","bridge":"no","highway":"trunk_link","lanes":"1","lit":"yes","maxspeed":"40","motor_vehicle":"yes","oneway":"yes","operator":"Road Development Authority","sidewalk":"right","surface":"asphalt"},"width_m":3.2,"width_source":"Estimated: mapped lanes × 3.2 m","direction":"forward","direction_source":"OSM tag","access":"yes","base_graph_eligible":true,"bridge":false,"tunnel":false,"layer":0,"lanes":1,"maxspeed":"40","length_m":27.45,"surface_layer":"roads"},"geometry":{"type":"LineString","coordinates":[[79.8468934,6.933767],[79.8468711,6.9337809],[79.8468504,6.9337957999999995],[79.8468237,6.9338175],[79.8468108,6.9338389000000005],[79.84680430000002,6.933868900000002],[79.8468069,6.933893],[79.8468151,6.933913499999998],[79.8468286,6.933931600000001],[79.84685,6.933962400000001]]}},{"type":"Feature","id":"558444289","properties":{"id":"558444289","name":null,"names":{},"highway":"service","tags":{"highway":"service","service":"parking_aisle","surface":"paving_stones"},"width_m":4,"width_source":"Estimated from road class and direction","direction":"both","direction_source":"Default assumption; no direction tag","access":null,"base_graph_eligible":true,"bridge":false,"tunnel":false,"layer":0,"lanes":null,"maxspeed":null,"length_m":232.99,"surface_layer":"roads"},"geometry":{"type":"LineString","coordinates":[[79.8541702,6.9338435999999986],[79.85608939999999,6.933217799999999],[79.85611579999998,6.933303299999999]]}},{"type":"Feature","id":"610562568","properties":{"id":"610562568","name":null,"names":{},"highway":"service","tags":{"highway":"service"},"width_m":4,"width_source":"Estimated from road class and direction","direction":"both","direction_source":"Default assumption; no direction tag","access":null,"base_graph_eligible":true,"bridge":false,"tunnel":false,"layer":0,"lanes":null,"maxspeed":null,"length_m":112.35,"surface_layer":"roads"},"geometry":{"type":"LineString","coordinates":[[79.86185559999998,6.926376700000002],[79.8620874,6.926388099999999],[79.8623705,6.926335199999999],[79.8626031,6.9262950000000005],[79.86276039999998,6.9262524],[79.86284437533618,6.9262028383874075]]}},{"type":"Feature","id":"610562569","properties":{"id":"610562569","name":null,"names":{},"highway":"service","tags":{"highway":"service"},"width_m":4,"width_source":"Estimated from road class and direction","direction":"both","direction_source":"Default assumption; no direction tag","access":null,"base_graph_eligible":true,"bridge":false,"tunnel":false,"layer":0,"lanes":null,"maxspeed":null,"length_m":112.93,"surface_layer":"roads"},"geometry":{"type":"LineString","coordinates":[[79.8618606,6.926825299999999],[79.86207950000001,6.926765699999998],[79.86284437863448,6.926548944604221]]}},{"type":"Feature","id":"610938422","properties":{"id":"610938422","name":"Trace Lane","names":{},"highway":"residential","tags":{"highway":"residential","name":"Trace Lane","surface":"asphalt"},"width_m":6,"width_source":"Estimated from road class and direction","direction":"both","direction_source":"Default assumption; no direction tag","access":null,"base_graph_eligible":true,"bridge":false,"tunnel":false,"layer":0,"lanes":null,"maxspeed":null,"length_m":8.62,"surface_layer":"roads"},"geometry":{"type":"LineString","coordinates":[[79.85900620000001,6.931852299999998],[79.8589606,6.931915499999999]]}},{"type":"Feature","id":"625113313","properties":{"id":"625113313","name":null,"names":{},"highway":"service","tags":{"access":"no","highway":"service"},"width_m":4,"width_source":"Estimated from road class and direction","direction":"both","direction_source":"Default assumption; no direction tag","access":"no","base_graph_eligible":false,"bridge":false,"tunnel":false,"layer":0,"lanes":null,"maxspeed":null,"length_m":35.64,"surface_layer":"restricted_roads"},"geometry":{"type":"LineString","coordinates":[[79.8616258,6.9363164000000035],[79.8614823,6.936027799999998]]}},{"type":"Feature","id":"625113314","properties":{"id":"625113314","name":null,"names":{},"highway":"service","tags":{"access":"no","highway":"service"},"width_m":4,"width_source":"Estimated from road class and direction","direction":"both","direction_source":"Default assumption; no direction tag","access":"no","base_graph_eligible":false,"bridge":false,"tunnel":false,"layer":0,"lanes":null,"maxspeed":null,"length_m":36.92,"surface_layer":"restricted_roads"},"geometry":{"type":"LineString","coordinates":[[79.86182480000001,6.9358718999999995],[79.86188230000002,6.9358924],[79.8619285,6.935952300000001],[79.8620018,6.9361353999999995]]}},{"type":"Feature","id":"625113315","properties":{"id":"625113315","name":null,"names":{},"highway":"service","tags":{"access":"no","highway":"service"},"width_m":4,"width_source":"Estimated from road class and direction","direction":"both","direction_source":"Default assumption; no direction tag","access":"no","base_graph_eligible":false,"bridge":false,"tunnel":false,"layer":0,"lanes":null,"maxspeed":null,"length_m":31.81,"surface_layer":"restricted_roads"},"geometry":{"type":"LineString","coordinates":[[79.8614823,6.936027799999998],[79.8613398,6.935777900000002]]}},{"type":"Feature","id":"625113316","properties":{"id":"625113316","name":null,"names":{},"highway":"service","tags":{"access":"no","highway":"service"},"width_m":4,"width_source":"Estimated from road class and direction","direction":"both","direction_source":"Default assumption; no direction tag","access":"no","base_graph_eligible":false,"bridge":false,"tunnel":false,"layer":0,"lanes":null,"maxspeed":null,"length_m":41.59,"surface_layer":"restricted_roads"},"geometry":{"type":"LineString","coordinates":[[79.8614823,6.936027799999998],[79.86182480000001,6.9358718999999995]]}},{"type":"Feature","id":"625320319","properties":{"id":"625320319","name":"Main Street","names":{"name:zh":"主街"},"highway":"primary","tags":{"highway":"primary","is_in":"Pettah, Colombo, Western Province, Sri Lanka","lanes":"2","lit":"yes","maxspeed":"50","name":"Main Street","name:zh":"主街","note":"Road declared in Gazette 06-06-1989 as A17-Main Street. No one may alter this trace unless redefined and issued in a new Gazette.","oneway":"yes","ref":"AC17","surface":"asphalt"},"width_m":6.4,"width_source":"Estimated: mapped lanes × 3.2 m","direction":"forward","direction_source":"OSM tag","access":null,"base_graph_eligible":true,"bridge":false,"tunnel":false,"layer":0,"lanes":2,"maxspeed":"50","length_m":436.33,"surface_layer":"roads"},"geometry":{"type":"LineString","coordinates":[[79.852836,6.938581],[79.8528352,6.938528099999998],[79.8528192,6.938501500000002],[79.8528044,6.938485499999999],[79.8527919,6.9384713],[79.8527739,6.938450799999998],[79.852751,6.938432699999998],[79.8527286,6.938413299999999],[79.8525274,6.938314599999998],[79.8522605,6.938182800000002],[79.8517325,6.937924500000001],[79.8516437,6.937881],[79.8507327,6.9374524],[79.8506618,6.9374146],[79.8505861,6.937375900000001],[79.8498704,6.9370165],[79.8497976,6.9369826],[79.84973180000001,6.936956800000002],[79.8496651,6.936930000000002],[79.8496118,6.936917599999999],[79.8495282,6.9369103],[79.8494561,6.936916200000002],[79.8494072,6.9369364],[79.8493474,6.9369704]]}},{"type":"Feature","id":"625320324","properties":{"id":"625320324","name":"Main Street","names":{"name:zh":"主街"},"highway":"primary","tags":{"highway":"primary","is_in":"Pettah, Colombo, Western Province, Sri Lanka","lanes":"2","lit":"yes","maxspeed":"50","name":"Main Street","name:zh":"主街","note":"Road declared in Gazette 06-06-1989 as A17-Main Street. No one may alter this trace unless redefined and issued in a new Gazette.","oneway":"yes","ref":"AC17","surface":"asphalt"},"width_m":6.4,"width_source":"Estimated: mapped lanes × 3.2 m","direction":"forward","direction_source":"OSM tag","access":null,"base_graph_eligible":true,"bridge":false,"tunnel":false,"layer":0,"lanes":2,"maxspeed":"50","length_m":31.09,"surface_layer":"roads"},"geometry":{"type":"LineString","coordinates":[[79.852836,6.938581],[79.8528732,6.9385601],[79.8528997,6.9385524],[79.8529301,6.938557000000001],[79.852968,6.9385721999999985],[79.8530028,6.938591399999999],[79.8530976,6.938622200000003]]}},{"type":"Feature","id":"625320328","properties":{"id":"625320328","name":"Main Street","names":{},"highway":"primary","tags":{"highway":"primary","lit":"yes","name":"Main Street","oneway":"yes","ref":"AC17","surface":"asphalt"},"width_m":7.0,"width_source":"Estimated from road class and direction","direction":"forward","direction_source":"OSM tag","access":null,"base_graph_eligible":true,"bridge":false,"tunnel":false,"layer":0,"lanes":null,"maxspeed":null,"length_m":27.94,"surface_layer":"roads"},"geometry":{"type":"LineString","coordinates":[[79.8541142,6.939004099999999],[79.8539859,6.9389847],[79.8540832,6.93906]]}},{"type":"Feature","id":"665953582","properties":{"id":"665953582","name":"T. B. Jayah Mawatha","names":{},"highway":"secondary","tags":{"alt_name":"Darley Road","highway":"secondary","lanes":"2","lit":"yes","maxspeed":"50","name":"T. B. Jayah Mawatha","oneway":"yes","sidewalk":"left","surface":"asphalt"},"width_m":6.4,"width_source":"Estimated: mapped lanes × 3.2 m","direction":"forward","direction_source":"OSM tag","access":null,"base_graph_eligible":true,"bridge":false,"tunnel":false,"layer":0,"lanes":2,"maxspeed":"50","length_m":448.75,"surface_layer":"roads"},"geometry":{"type":"LineString","coordinates":[[79.8618888,6.927002800000002],[79.8618819,6.926975400000002],[79.8618606,6.926825299999999],[79.8618516,6.9265971],[79.86185559999998,6.926376700000002],[79.8618772,6.9255137000000015],[79.8619016,6.9248415],[79.8619154,6.924401500000001],[79.8619275,6.924002999999998],[79.861954,6.923644400000001],[79.86207390000001,6.922986899999999],[79.8620784422195,6.922960916555404]]}},{"type":"Feature","id":"668305821","properties":{"id":"668305821","name":null,"names":{},"highway":"tertiary","tags":{"highway":"tertiary","lit":"yes","oneway":"yes","sidewalk":"left","surface":"asphalt"},"width_m":4.5,"width_source":"Estimated from road class and direction","direction":"forward","direction_source":"OSM tag","access":null,"base_graph_eligible":true,"bridge":false,"tunnel":false,"layer":0,"lanes":null,"maxspeed":null,"length_m":36.77,"surface_layer":"roads"},"geometry":{"type":"LineString","coordinates":[[79.85236199999999,6.923229999999998],[79.8524684,6.923245699999998],[79.85255619999998,6.923282900000001],[79.85265269999998,6.923369599999998]]}},{"type":"Feature","id":"668305823","properties":{"id":"668305823","name":"Zaviya Road","names":{},"highway":"tertiary","tags":{"highway":"tertiary","lit":"yes","maxspeed":"40","name":"Zaviya Road","oneway":"yes","sidewalk":"left","surface":"asphalt"},"width_m":4.5,"width_source":"Estimated from road class and direction","direction":"forward","direction_source":"OSM tag","access":null,"base_graph_eligible":true,"bridge":false,"tunnel":false,"layer":0,"lanes":null,"maxspeed":"40","length_m":40.78,"surface_layer":"roads"},"geometry":{"type":"LineString","coordinates":[[79.85265269999998,6.923369599999998],[79.85260109999999,6.923203099999999],[79.8525363,6.9230198]]}},{"type":"Feature","id":"668305827","properties":{"id":"668305827","name":null,"names":{},"highway":"tertiary","tags":{"highway":"tertiary","lit":"yes","oneway":"yes","sidewalk":"left","surface":"asphalt"},"width_m":4.5,"width_source":"Estimated from road class and direction","direction":"forward","direction_source":"OSM tag","access":null,"base_graph_eligible":true,"bridge":false,"tunnel":false,"layer":0,"lanes":null,"maxspeed":null,"length_m":16.17,"surface_layer":"roads"},"geometry":{"type":"LineString","coordinates":[[79.85207955256993,6.9229608904590405],[79.85218839999999,6.923058599999999]]}},{"type":"Feature","id":"668305829","properties":{"id":"668305829","name":null,"names":{},"highway":"trunk_link","tags":{"highway":"trunk_link","lit":"yes","oneway":"yes","surface":"asphalt"},"width_m":8.0,"width_source":"Estimated from road class and direction","direction":"forward","direction_source":"OSM tag","access":null,"base_graph_eligible":true,"bridge":false,"tunnel":false,"layer":0,"lanes":null,"maxspeed":null,"length_m":27.43,"surface_layer":"roads"},"geometry":{"type":"LineString","coordinates":[[79.85237069999998,6.923204399999999],[79.85248179999999,6.9230852],[79.8525363,6.9230198]]}},{"type":"Feature","id":"668305831","properties":{"id":"668305831","name":null,"names":{},"highway":"trunk_link","tags":{"highway":"trunk_link","lit":"yes","oneway":"yes","surface":"asphalt"},"width_m":8.0,"width_source":"Estimated from road class and direction","direction":"forward","direction_source":"OSM tag","access":null,"base_graph_eligible":true,"bridge":false,"tunnel":false,"layer":0,"lanes":null,"maxspeed":null,"length_m":29.14,"surface_layer":"roads"},"geometry":{"type":"LineString","coordinates":[[79.85227275143947,6.922960892955358],[79.85218839999999,6.923058599999999],[79.85210179999999,6.9231615]]}},{"type":"Feature","id":"668323372","properties":{"id":"668323372","name":"Slave Island Police Round About","names":{},"highway":"trunk","tags":{"highway":"trunk","lanes":"2","lit":"yes","maxspeed":"40","name":"Slave Island Police Round About","note":"This is a round about called Slave Island Police Round About","oneway":"yes","surface":"asphalt"},"width_m":6.4,"width_source":"Estimated: mapped lanes × 3.2 m","direction":"forward","direction_source":"OSM tag","access":null,"base_graph_eligible":true,"bridge":false,"tunnel":false,"layer":0,"lanes":2,"maxspeed":"40","length_m":39.1,"surface_layer":"roads"},"geometry":{"type":"LineString","coordinates":[[79.8496488,6.927458400000001],[79.8496268,6.9275098],[79.84962349999999,6.927553600000001],[79.8496283,6.927582599999999],[79.84964,6.927613000000001],[79.8496562,6.9276382],[79.8496804,6.9276626],[79.8497019,6.9276771],[79.849744,6.927693199999999],[79.84980050000001,6.927695299999999]]}},{"type":"Feature","id":"668323376","properties":{"id":"668323376","name":"Slave Island Police Round About","names":{},"highway":"trunk","tags":{"highway":"trunk","lanes":"2","lit":"yes","maxspeed":"60","name":"Slave Island Police Round About","note":"This is a round about called Slave Island  Police Round About","oneway":"yes","sidewalk":"left","surface":"asphalt"},"width_m":6.4,"width_source":"Estimated: mapped lanes × 3.2 m","direction":"forward","direction_source":"OSM tag","access":null,"base_graph_eligible":true,"bridge":false,"tunnel":false,"layer":0,"lanes":2,"maxspeed":"60","length_m":10.56,"surface_layer":"roads"},"geometry":{"type":"LineString","coordinates":[[79.84972219999999,6.9273996],[79.8497036,6.9274082],[79.84969070000001,6.9274161],[79.84967630000001,6.9274271999999995],[79.84966230000002,6.9274407999999985],[79.8496488,6.927458400000001]]}},{"type":"Feature","id":"668323379","properties":{"id":"668323379","name":"Slave Island Police Round About","names":{},"highway":"trunk","tags":{"highway":"trunk","lanes":"2","lit":"yes","maxspeed":"60","name":"Slave Island Police Round About","note":"This is a round about called Slave Island  Police Round About","oneway":"yes","sidewalk":"left","surface":"asphalt"},"width_m":6.4,"width_source":"Estimated: mapped lanes × 3.2 m","direction":"forward","direction_source":"OSM tag","access":null,"base_graph_eligible":true,"bridge":false,"tunnel":false,"layer":0,"lanes":2,"maxspeed":"60","length_m":12.32,"surface_layer":"roads"},"geometry":{"type":"LineString","coordinates":[[79.84980050000001,6.927695299999999],[79.84983670000001,6.927685499999999],[79.8498565,6.927675799999999],[79.8498801,6.927658900000001],[79.8498962,6.9276427]]}},{"type":"Feature","id":"670342426","properties":{"id":"670342426","name":null,"names":{},"highway":"secondary_link","tags":{"highway":"secondary_link","lit":"yes","oneway":"yes","sidewalk":"both","surface":"asphalt"},"width_m":5.5,"width_source":"Estimated from road class and direction","direction":"forward","direction_source":"OSM tag","access":null,"base_graph_eligible":true,"bridge":false,"tunnel":false,"layer":0,"lanes":null,"maxspeed":null,"length_m":56.33,"surface_layer":"roads"},"geometry":{"type":"LineString","coordinates":[[79.85586879999998,6.934720600000003],[79.85595389999999,6.934374799999999],[79.85598269999998,6.934304799999999],[79.85602569999999,6.934240200000001]]}},{"type":"Feature","id":"687601385","properties":{"id":"687601385","name":null,"names":{},"highway":"living_street","tags":{"highway":"living_street"},"width_m":5,"width_source":"Estimated from road class and direction","direction":"both","direction_source":"Default assumption; no direction tag","access":null,"base_graph_eligible":true,"bridge":false,"tunnel":false,"layer":0,"lanes":null,"maxspeed":null,"length_m":143.08,"surface_layer":"roads"},"geometry":{"type":"LineString","coordinates":[[79.8523365,6.9256575],[79.8526534,6.9259769],[79.8530397,6.926402899999999],[79.8530531,6.926501399999998],[79.85295119999999,6.9266372]]}},{"type":"Feature","id":"687601494","properties":{"id":"687601494","name":null,"names":{},"highway":"living_street","tags":{"highway":"living_street"},"width_m":5,"width_source":"Estimated from road class and direction","direction":"both","direction_source":"Default assumption; no direction tag","access":null,"base_graph_eligible":true,"bridge":false,"tunnel":false,"layer":0,"lanes":null,"maxspeed":null,"length_m":40.53,"surface_layer":"roads"},"geometry":{"type":"LineString","coordinates":[[79.8526534,6.9259769],[79.8523906,6.926232499999999]]}},{"type":"Feature","id":"691942396","properties":{"id":"691942396","name":null,"names":{},"highway":"residential","tags":{"highway":"residential"},"width_m":6,"width_source":"Estimated from road class and direction","direction":"both","direction_source":"Default assumption; no direction tag","access":null,"base_graph_eligible":true,"bridge":false,"tunnel":false,"layer":0,"lanes":null,"maxspeed":null,"length_m":121.13,"surface_layer":"roads"},"geometry":{"type":"LineString","coordinates":[[79.8524614,6.9253106],[79.8527784,6.925544799999999],[79.852957,6.9256402],[79.8530871,6.925708099999998],[79.8532257,6.925780400000001],[79.8532518,6.925794799999999],[79.8533974,6.9258752999999995]]}},{"type":"Feature","id":"692274649","properties":{"id":"692274649","name":null,"names":{},"highway":"primary_link","tags":{"highway":"primary_link","lane_markings":"no","lit":"yes","oneway":"yes","surface":"asphalt"},"width_m":7.0,"width_source":"Estimated from road class and direction","direction":"forward","direction_source":"OSM tag","access":null,"base_graph_eligible":true,"bridge":false,"tunnel":false,"layer":0,"lanes":null,"maxspeed":null,"length_m":11.69,"surface_layer":"roads"},"geometry":{"type":"LineString","coordinates":[[79.84698390000001,6.936557399999999],[79.8469756,6.936662800000001]]}},{"type":"Feature","id":"692274650","properties":{"id":"692274650","name":"Lotus Road","names":{"name:en":"Lotus Road","name:zh":"莲花路","name:zh-Hans":"莲花路","name:zh-Hant":"蓮花路"},"highway":"primary","tags":{"highway":"primary","lane_markings":"no","lit":"yes","maxspeed":"40","name":"Lotus Road","name:en":"Lotus Road","name:zh":"莲花路","name:zh-Hans":"莲花路","name:zh-Hant":"蓮花路","note":"Road declared in Gazette 06-06-1989 as AC15 Lotus Road. Starts at CTO Junction and ending on the Main Street. No one may alter this trace unless redefined and issued in a new Gazette.","ref":"AC15","surface":"asphalt"},"width_m":14,"width_source":"Estimated from road class and direction","direction":"both","direction_source":"Default assumption; no direction tag","access":null,"base_graph_eligible":true,"bridge":false,"tunnel":false,"layer":0,"lanes":null,"maxspeed":"40","length_m":30.97,"surface_layer":"roads"},"geometry":{"type":"LineString","coordinates":[[79.8469829,6.9362774],[79.84698150000001,6.936379900000003],[79.84698390000001,6.936557399999999]]}},{"type":"Feature","id":"696159676","properties":{"id":"696159676","name":null,"names":{},"highway":"trunk_link","tags":{"highway":"trunk_link","lit":"yes","oneway":"yes","sidewalk":"right","surface":"asphalt"},"width_m":8.0,"width_source":"Estimated from road class and direction","direction":"forward","direction_source":"OSM tag","access":null,"base_graph_eligible":true,"bridge":false,"tunnel":false,"layer":0,"lanes":null,"maxspeed":null,"length_m":56.62,"surface_layer":"roads"},"geometry":{"type":"LineString","coordinates":[[79.8499152,6.927223400000001],[79.8499223,6.927286200000001],[79.8499443,6.927350499999999],[79.84997620000001,6.927394199999999],[79.85001330000001,6.927416599999998],[79.8500664,6.927429499999999],[79.85015519999999,6.927434299999999],[79.85029520000002,6.927434899999999]]}},{"type":"Feature","id":"696167086","properties":{"id":"696167086","name":"Sri Uttarananda Mawatha","names":{},"highway":"primary","tags":{"highway":"primary","lit":"yes","name":"Sri Uttarananda Mawatha","oneway":"yes","sidewalk":"left","surface":"asphalt"},"width_m":7.0,"width_source":"Estimated from road class and direction","direction":"forward","direction_source":"OSM tag","access":null,"base_graph_eligible":true,"bridge":false,"tunnel":false,"layer":0,"lanes":null,"maxspeed":null,"length_m":59.56,"surface_layer":"roads"},"geometry":{"type":"LineString","coordinates":[[79.84837393150464,6.922960827386556],[79.8483222,6.923176199999997],[79.8483143,6.923208999999996],[79.8482896,6.923270499999999],[79.8482628,6.923302100000002],[79.8482317,6.923326100000001],[79.8481089,6.923385700000001]]}},{"type":"Feature","id":"696167087","properties":{"id":"696167087","name":"Sri Uttarananda Mawatha","names":{},"highway":"primary","tags":{"highway":"primary","lit":"yes","name":"Sri Uttarananda Mawatha","oneway":"yes","sidewalk":"left","surface":"asphalt"},"width_m":7.0,"width_source":"Estimated from road class and direction","direction":"forward","direction_source":"OSM tag","access":null,"base_graph_eligible":true,"bridge":false,"tunnel":false,"layer":0,"lanes":null,"maxspeed":null,"length_m":69.28,"surface_layer":"roads"},"geometry":{"type":"LineString","coordinates":[[79.8481217,6.9234347000000005],[79.84821880000001,6.923422899999998],[79.84825049999999,6.9234108],[79.8482899,6.9233720000000005],[79.8483139,6.923332699999997],[79.8483572,6.923264999999998],[79.848375,6.923192399999997],[79.84843178648967,6.922960828593206]]}},{"type":"Feature","id":"697806034","properties":{"id":"697806034","name":null,"names":{},"highway":"service","tags":{"highway":"service"},"width_m":4,"width_source":"Estimated from road class and direction","direction":"both","direction_source":"Default assumption; no direction tag","access":null,"base_graph_eligible":true,"bridge":false,"tunnel":false,"layer":0,"lanes":null,"maxspeed":null,"length_m":130.38,"surface_layer":"roads"},"geometry":{"type":"LineString","coordinates":[[79.8565451,6.938330299999999],[79.85760769999999,6.9378181]]}},{"type":"Feature","id":"698210794","properties":{"id":"698210794","name":null,"names":{},"highway":"secondary_link","tags":{"highway":"secondary_link","maxspeed":"50","motor_vehicle":"designated","oneway":"yes"},"width_m":5.5,"width_source":"Estimated from road class and direction","direction":"forward","direction_source":"OSM tag","access":"designated","base_graph_eligible":true,"bridge":false,"tunnel":false,"layer":0,"lanes":null,"maxspeed":"50","length_m":22.22,"surface_layer":"roads"},"geometry":{"type":"LineString","coordinates":[[79.8492056,6.9378518],[79.8492229,6.938051999999999]]}},{"type":"Feature","id":"698210795","properties":{"id":"698210795","name":null,"names":{},"highway":"secondary_link","tags":{"highway":"secondary_link","layer":"-1","maxspeed":"50","motor_vehicle":"designated","oneway":"yes","tunnel":"building_passage"},"width_m":5.5,"width_source":"Estimated from road class and direction","direction":"forward","direction_source":"OSM tag","access":"designated","base_graph_eligible":true,"bridge":false,"tunnel":true,"layer":-1,"lanes":null,"maxspeed":"50","length_m":15.07,"surface_layer":null},"geometry":{"type":"LineString","coordinates":[[79.8492423,6.937721],[79.8492225,6.9377729],[79.8492056,6.9378518]]}},{"type":"Feature","id":"698210796","properties":{"id":"698210796","name":null,"names":{},"highway":"secondary_link","tags":{"highway":"secondary_link","maxspeed":"50","motor_vehicle":"designated","oneway":"yes"},"width_m":5.5,"width_source":"Estimated from road class and direction","direction":"forward","direction_source":"OSM tag","access":"designated","base_graph_eligible":true,"bridge":false,"tunnel":false,"layer":0,"lanes":null,"maxspeed":"50","length_m":14.31,"surface_layer":"roads"},"geometry":{"type":"LineString","coordinates":[[79.8494883,6.937809400000001],[79.8495594,6.9377011999999985]]}},{"type":"Feature","id":"698210797","properties":{"id":"698210797","name":null,"names":{},"highway":"secondary_link","tags":{"highway":"secondary_link","maxspeed":"50","motor_vehicle":"designated","oneway":"yes"},"width_m":5.5,"width_source":"Estimated from road class and direction","direction":"forward","direction_source":"OSM tag","access":"designated","base_graph_eligible":true,"bridge":false,"tunnel":false,"layer":0,"lanes":null,"maxspeed":"50","length_m":21.35,"surface_layer":"roads"},"geometry":{"type":"LineString","coordinates":[[79.8494011,6.9380857],[79.8494227,6.9379571],[79.849441,6.9378972]]}},{"type":"Feature","id":"700206711","properties":{"id":"700206711","name":"G. O. B. A. Avenue","names":{},"highway":"residential","tags":{"highway":"residential","name":"G. O. B. A. Avenue","surface":"asphalt"},"width_m":6,"width_source":"Estimated from road class and direction","direction":"both","direction_source":"Default assumption; no direction tag","access":null,"base_graph_eligible":true,"bridge":false,"tunnel":false,"layer":0,"lanes":null,"maxspeed":null,"length_m":168.16,"surface_layer":"roads"},"geometry":{"type":"LineString","coordinates":[[79.8473628,6.930443399999999],[79.8477986,6.9306909999999995],[79.8478416,6.930697699999999],[79.8478724,6.9306764],[79.84831089999999,6.9301505],[79.8484732,6.929954799999999]]}},{"type":"Feature","id":"713886113","properties":{"id":"713886113","name":null,"names":{},"highway":"service","tags":{"highway":"service","maxspeed":"10","surface":"asphalt"},"width_m":4,"width_source":"Estimated from road class and direction","direction":"both","direction_source":"Default assumption; no direction tag","access":null,"base_graph_eligible":true,"bridge":false,"tunnel":false,"layer":0,"lanes":null,"maxspeed":"10","length_m":4.39,"surface_layer":"roads"},"geometry":{"type":"LineString","coordinates":[[79.8544436,6.935190800000002],[79.8544411,6.935151199999998]]}},{"type":"Feature","id":"713886114","properties":{"id":"713886114","name":null,"names":{},"highway":"service","tags":{"highway":"service","maxspeed":"10","surface":"asphalt"},"width_m":4,"width_source":"Estimated from road class and direction","direction":"both","direction_source":"Default assumption; no direction tag","access":null,"base_graph_eligible":true,"bridge":false,"tunnel":false,"layer":0,"lanes":null,"maxspeed":"10","length_m":33.39,"surface_layer":"roads"},"geometry":{"type":"LineString","coordinates":[[79.8544628,6.935492099999998],[79.8544436,6.935190800000002]]}},{"type":"Feature","id":"713886115","properties":{"id":"713886115","name":null,"names":{},"highway":"service","tags":{"highway":"service","lit":"yes","maxspeed":"10","surface":"asphalt"},"width_m":4,"width_source":"Estimated from road class and direction","direction":"both","direction_source":"Default assumption; no direction tag","access":null,"base_graph_eligible":true,"bridge":false,"tunnel":false,"layer":0,"lanes":null,"maxspeed":"10","length_m":75.89,"surface_layer":"roads"},"geometry":{"type":"LineString","coordinates":[[79.8544349,6.935052299999999],[79.854423,6.934865200000001],[79.8544704,6.934793700000001],[79.8548214,6.934575599999999]]}},{"type":"Feature","id":"713886116","properties":{"id":"713886116","name":null,"names":{},"highway":"service","tags":{"highway":"service","maxspeed":"10","surface":"asphalt"},"width_m":4,"width_source":"Estimated from road class and direction","direction":"both","direction_source":"Default assumption; no direction tag","access":null,"base_graph_eligible":true,"bridge":false,"tunnel":false,"layer":0,"lanes":null,"maxspeed":"10","length_m":106.24,"surface_layer":"roads"},"geometry":{"type":"LineString","coordinates":[[79.8542068,6.9351171],[79.8541821,6.934878399999999],[79.8541973,6.934840800000001],[79.8548015,6.934527600000002]]}},{"type":"Feature","id":"713886117","properties":{"id":"713886117","name":"Approach Road to Central Bus Station","names":{},"highway":"tertiary","tags":{"highway":"tertiary","maxspeed":"10","name":"Approach Road to Central Bus Station","ref":"AC10","surface":"asphalt"},"width_m":9,"width_source":"Estimated from road class and direction","direction":"both","direction_source":"Default assumption; no direction tag","access":null,"base_graph_eligible":true,"bridge":false,"tunnel":false,"layer":0,"lanes":null,"maxspeed":"10","length_m":139.3,"surface_layer":"roads"},"geometry":{"type":"LineString","coordinates":[[79.8541994,6.9356108],[79.8542558,6.935589700000002],[79.8544628,6.935492099999998],[79.8547025,6.935385599999998],[79.8547411,6.9353308],[79.8547393,6.935290900000001],[79.8547266,6.935231400000001],[79.8547127,6.935157499999999],[79.8547136,6.9350838999999995],[79.8547234,6.935015699999999],[79.8547396,6.934947300000001],[79.8547646,6.934893299999998],[79.8547995,6.934847800000002],[79.8548395,6.934810500000001],[79.8548914,6.9347479000000005]]}},{"type":"Feature","id":"713886118","properties":{"id":"713886118","name":"Olcott Mawatha","names":{},"highway":"trunk","tags":{"access":"yes","description":"Road declared in Gazette 06-06-1989 as A1 CMB–KDY. Starts at Chatham St Clock Tower; runs via Chatham St, Olcott, Sangaraja, Pradeepa, Saddharma Mw, Baseline to Kelani Bridge. No one may alter this trace unless redefined and issued in a new Gazette.","highway":"trunk","int_ref":"AH43","lanes":"2","lit":"yes","maxspeed":"60","motor_vehicle":"yes","name":"Olcott Mawatha","nat_name":"Colombo-Kandy Road","network":"SL:national","official_name":"Olcott Mawatha","old_name":"Norris Road","oneway":"yes","operator":"Road Development Authority","ref":"A1","sidewalk":"left","surface":"asphalt"},"width_m":6.4,"width_source":"Estimated: mapped lanes × 3.2 m","direction":"forward","direction_source":"OSM tag","access":"yes","base_graph_eligible":true,"bridge":false,"tunnel":false,"layer":0,"lanes":2,"maxspeed":"60","length_m":109.25,"surface_layer":"roads"},"geometry":{"type":"LineString","coordinates":[[79.8548312,6.9343148],[79.8547258,6.934352799999998],[79.8546349,6.934389099999999],[79.8545191,6.9344406],[79.8543743,6.934515299999999],[79.8542512,6.9345906],[79.8541558,6.934652499999999],[79.8540199,6.934739499999999],[79.8539603,6.9347750999999995]]}},{"type":"Feature","id":"713886119","properties":{"id":"713886119","name":"Olcott Mawatha","names":{},"highway":"trunk","tags":{"access":"yes","description":"Road declared in Gazette 06-06-1989 as A1 CMB–KDY. Starts at Chatham St Clock Tower; runs via Chatham St, Olcott, Sangaraja, Pradeepa, Saddharma Mw, Baseline to Kelani Bridge. No one may alter this trace unless redefined and issued in a new Gazette.","highway":"trunk","int_ref":"AH43","lanes":"2","lit":"yes","maxspeed":"60","motor_vehicle":"yes","name":"Olcott Mawatha","nat_name":"Colombo-Kandy Road","network":"SL:national","official_name":"Olcott Mawatha","old_name":"Norris Road","oneway":"yes","operator":"Road Development Authority","ref":"A1","sidewalk":"left","surface":"asphalt"},"width_m":6.4,"width_source":"Estimated: mapped lanes × 3.2 m","direction":"forward","direction_source":"OSM tag","access":"yes","base_graph_eligible":true,"bridge":false,"tunnel":false,"layer":0,"lanes":2,"maxspeed":"60","length_m":101.0,"surface_layer":"roads"},"geometry":{"type":"LineString","coordinates":[[79.853958,6.934870400000001],[79.8540315,6.934829399999998],[79.8540662,6.934810099999999],[79.8541526,6.9347590000000014],[79.8542687,6.934683899999997],[79.8543823,6.934614500000002],[79.8545523,6.9345285],[79.8547602,6.9344358]]}},{"type":"Feature","id":"740126086","properties":{"id":"740126086","name":"New Moor Street","names":{},"highway":"secondary","tags":{"highway":"secondary","lane_markings":"no","maxspeed":"40","name":"New Moor Street","note":"Road Type Updated.","surface":"asphalt"},"width_m":11,"width_source":"Estimated from road class and direction","direction":"both","direction_source":"Default assumption; no direction tag","access":null,"base_graph_eligible":true,"bridge":false,"tunnel":false,"layer":0,"lanes":null,"maxspeed":"40","length_m":6.08,"surface_layer":"roads"},"geometry":{"type":"LineString","coordinates":[[79.85550446734236,6.93923719325899],[79.8554517,6.9392216000000015]]}},{"type":"Feature","id":"741860833","properties":{"id":"741860833","name":null,"names":{},"highway":"service","tags":{"highway":"service"},"width_m":4,"width_source":"Estimated from road class and direction","direction":"both","direction_source":"Default assumption; no direction tag","access":null,"base_graph_eligible":true,"bridge":false,"tunnel":false,"layer":0,"lanes":null,"maxspeed":null,"length_m":59.6,"surface_layer":"roads"},"geometry":{"type":"LineString","coordinates":[[79.8486373,6.932615000000002],[79.8486411,6.9324221],[79.8486361,6.9323998999999965],[79.8486233,6.9323873],[79.8486068,6.932379300000001],[79.8485909,6.932369300000001],[79.84858450000002,6.932353499999998],[79.8485829,6.9323381],[79.8485904,6.9322009],[79.8485958,6.932102799999999]]}},{"type":"Feature","id":"741999610","properties":{"id":"741999610","name":null,"names":{},"highway":"residential","tags":{"highway":"residential"},"width_m":6,"width_source":"Estimated from road class and direction","direction":"both","direction_source":"Default assumption; no direction tag","access":null,"base_graph_eligible":true,"bridge":false,"tunnel":false,"layer":0,"lanes":null,"maxspeed":null,"length_m":42.87,"surface_layer":"roads"},"geometry":{"type":"LineString","coordinates":[[79.8623181,6.937397699999999],[79.8622233,6.937021799999999]]}},{"type":"Feature","id":"749015601","properties":{"id":"749015601","name":"New Baladaksha Mawatha","names":{"name:zh":"童心路"},"highway":"primary","tags":{"access":"yes","highway":"primary","lanes":"2","lit":"yes","maxspeed":"60","name":"New Baladaksha Mawatha","name:zh":"童心路","note":"Road connecting Galle Face and Start of Sri Uttaranadna Mawatha is called New Baladaksha Mawatha as shown in the Name Board erected on the road side.","shoulder":"no","sidewalk":"both","sidewalk:both:surface":"paving_stones","surface":"asphalt"},"width_m":6.4,"width_source":"Estimated: mapped lanes × 3.2 m","direction":"both","direction_source":"Default assumption; no direction tag","access":"yes","base_graph_eligible":true,"bridge":false,"tunnel":false,"layer":0,"lanes":2,"maxspeed":"60","length_m":268.25,"surface_layer":"roads"},"geometry":{"type":"MultiLineString","coordinates":[[[79.84655658678803,6.92770964808003],[79.8467846,6.927294999999998],[79.8468342,6.927188899999998],[79.8468731,6.9270774],[79.8468824,6.9270156],[79.8468889,6.926953699999999],[79.8468876,6.9268957],[79.84687380000001,6.926807399999999],[79.8468217,6.9266757],[79.84675859999999,6.9265941],[79.84655661929133,6.926397920691377]],[[79.84655667345237,6.924211775704352],[79.84658719999999,6.924178399999998],[79.8467246,6.9240325],[79.8469114,6.923890599999999],[79.8471879,6.9237162],[79.8472831,6.9236567]]]}},{"type":"Feature","id":"766187734","properties":{"id":"766187734","name":null,"names":{},"highway":"service","tags":{"highway":"service"},"width_m":4,"width_source":"Estimated from road class and direction","direction":"both","direction_source":"Default assumption; no direction tag","access":null,"base_graph_eligible":true,"bridge":false,"tunnel":false,"layer":0,"lanes":null,"maxspeed":null,"length_m":39.08,"surface_layer":"roads"},"geometry":{"type":"LineString","coordinates":[[79.8526157,6.924596400000001],[79.8527257,6.924613000000002],[79.8527667,6.924609000000001],[79.8527895,6.9245722999999995],[79.8528101,6.924522500000001],[79.8528578,6.924430099999999]]}},{"type":"Feature","id":"794272081","properties":{"id":"794272081","name":null,"names":{},"highway":"service","tags":{"highway":"service"},"width_m":4,"width_source":"Estimated from road class and direction","direction":"both","direction_source":"Default assumption; no direction tag","access":null,"base_graph_eligible":true,"bridge":false,"tunnel":false,"layer":0,"lanes":null,"maxspeed":null,"length_m":30.06,"surface_layer":"roads"},"geometry":{"type":"LineString","coordinates":[[79.8489957,6.928918399999998],[79.84926609999998,6.928947900000001]]}},{"type":"Feature","id":"794272082","properties":{"id":"794272082","name":null,"names":{},"highway":"service","tags":{"highway":"service"},"width_m":4,"width_source":"Estimated from road class and direction","direction":"both","direction_source":"Default assumption; no direction tag","access":null,"base_graph_eligible":true,"bridge":false,"tunnel":false,"layer":0,"lanes":null,"maxspeed":null,"length_m":26.33,"surface_layer":"roads"},"geometry":{"type":"LineString","coordinates":[[79.8491769,6.928787199999998],[79.8492434,6.928779600000001],[79.8492842,6.9287924],[79.8493015,6.9288225999999975],[79.8493017,6.9289163]]}},{"type":"Feature","id":"795135436","properties":{"id":"795135436","name":null,"names":{},"highway":"service","tags":{"highway":"service"},"width_m":4,"width_source":"Estimated from road class and direction","direction":"both","direction_source":"Default assumption; no direction tag","access":null,"base_graph_eligible":true,"bridge":false,"tunnel":false,"layer":0,"lanes":null,"maxspeed":null,"length_m":204.86,"surface_layer":"roads"},"geometry":{"type":"LineString","coordinates":[[79.8618637,6.924002199999999],[79.8614231,6.923975099999997],[79.8613905,6.923965799999998],[79.8613478,6.9239465],[79.8613102,6.923932200000001],[79.8612829,6.923919500000001],[79.8612424,6.9239118],[79.8607357,6.9238642],[79.86067390000001,6.923863399999999],[79.8606184,6.923864299999999],[79.8605802,6.923865399999999],[79.8605163,6.9238646999999975],[79.8600268,6.9238195]]}},{"type":"Feature","id":"796856970","properties":{"id":"796856970","name":null,"names":{},"highway":"service","tags":{"highway":"service"},"width_m":4,"width_source":"Estimated from road class and direction","direction":"both","direction_source":"Default assumption; no direction tag","access":null,"base_graph_eligible":true,"bridge":false,"tunnel":false,"layer":0,"lanes":null,"maxspeed":null,"length_m":182.95,"surface_layer":"roads"},"geometry":{"type":"LineString","coordinates":[[79.85381359999998,6.9234171999999985],[79.854012,6.923761500000002],[79.8541756,6.924082400000001],[79.8541903,6.924134299999999],[79.8541796,6.924176900000001],[79.8541434,6.9242049],[79.8539463,6.924286099999999],[79.8539034,6.924287399999999],[79.85386850000002,6.924280799999998],[79.853792,6.924247499999999],[79.8536995,6.9241862],[79.8536673,6.924175599999999],[79.8535922,6.9241703],[79.8535326,6.9241869000000005],[79.8534395,6.924212800000001]]}},{"type":"Feature","id":"797290752","properties":{"id":"797290752","name":null,"names":{},"highway":"service","tags":{"highway":"service"},"width_m":4,"width_source":"Estimated from road class and direction","direction":"both","direction_source":"Default assumption; no direction tag","access":null,"base_graph_eligible":true,"bridge":false,"tunnel":false,"layer":0,"lanes":null,"maxspeed":null,"length_m":69.29,"surface_layer":"roads"},"geometry":{"type":"MultiLineString","coordinates":[[[79.8560201,6.9233996000000015],[79.8560625,6.9231218000000005],[79.85608406068441,6.922960926152239]],[[79.8562531788912,6.922960926917416],[79.85622580000002,6.923142099999999]]]}},{"type":"Feature","id":"797297698","properties":{"id":"797297698","name":null,"names":{},"highway":"service","tags":{"highway":"service"},"width_m":4,"width_source":"Estimated from road class and direction","direction":"both","direction_source":"Default assumption; no direction tag","access":null,"base_graph_eligible":true,"bridge":false,"tunnel":false,"layer":0,"lanes":null,"maxspeed":null,"length_m":47.03,"surface_layer":"roads"},"geometry":{"type":"LineString","coordinates":[[79.85686131267856,6.9229609291718965],[79.8569305,6.923159200000001],[79.8570014,6.9233625000000005]]}},{"type":"Feature","id":"797353231","properties":{"id":"797353231","name":null,"names":{},"highway":"residential","tags":{"highway":"residential"},"width_m":6,"width_source":"Estimated from road class and direction","direction":"both","direction_source":"Default assumption; no direction tag","access":null,"base_graph_eligible":true,"bridge":false,"tunnel":false,"layer":0,"lanes":null,"maxspeed":null,"length_m":125.23,"surface_layer":"roads"},"geometry":{"type":"LineString","coordinates":[[79.8546892,6.924834599999999],[79.8547066,6.924917200000002],[79.8543102,6.925555300000001],[79.8541533,6.925807400000003]]}},{"type":"Feature","id":"797814909","properties":{"id":"797814909","name":null,"names":{},"highway":"service","tags":{"highway":"service","surface":"asphalt"},"width_m":4,"width_source":"Estimated from road class and direction","direction":"both","direction_source":"Default assumption; no direction tag","access":null,"base_graph_eligible":true,"bridge":false,"tunnel":false,"layer":0,"lanes":null,"maxspeed":null,"length_m":103.07,"surface_layer":"roads"},"geometry":{"type":"LineString","coordinates":[[79.8595223,6.934071999999999],[79.85998660000001,6.9342177000000005],[79.86009390000001,6.934281599999999],[79.86014220000001,6.934342799999999],[79.86023070000002,6.9345691]]}},{"type":"Feature","id":"1007151487","properties":{"id":"1007151487","name":"St. Sebastian Hill","names":{},"highway":"secondary","tags":{"highway":"secondary","lit":"yes","maxspeed":"50","name":"St. Sebastian Hill","note":"Road Name Spelling Corrected.","oneway":"yes","surface":"asphalt"},"width_m":5.5,"width_source":"Estimated from road class and direction","direction":"forward","direction_source":"OSM tag","access":null,"base_graph_eligible":true,"bridge":false,"tunnel":false,"layer":0,"lanes":null,"maxspeed":"50","length_m":24.13,"surface_layer":"roads"},"geometry":{"type":"LineString","coordinates":[[79.8596518,6.933634900000002],[79.8596835,6.933560299999999],[79.8596966,6.9335034],[79.85969820000001,6.933452900000001],[79.8596996,6.933424699999999]]}},{"type":"Feature","id":"1007151488","properties":{"id":"1007151488","name":null,"names":{},"highway":"secondary","tags":{"highway":"secondary","junction":"roundabout","lit":"yes","maxspeed":"50","surface":"asphalt"},"width_m":5.5,"width_source":"Estimated from road class and direction","direction":"forward","direction_source":"Implied by OSM road type","access":null,"base_graph_eligible":true,"bridge":false,"tunnel":false,"layer":0,"lanes":null,"maxspeed":"50","length_m":49.46,"surface_layer":"roads"},"geometry":{"type":"LineString","coordinates":[[79.8595875,6.9337384],[79.8596104,6.9337351],[79.8596195,6.933730500000002],[79.85963110000002,6.933724699999999],[79.8596473,6.9337083],[79.8596575,6.9336877],[79.8596605,6.9336649],[79.8596561,6.9336423],[79.8596518,6.933634900000002],[79.8596446,6.933622299999999],[79.8596264,6.9336064],[79.8596039,6.9335975],[79.8595851,6.933596700000001],[79.8595796,6.933596499999999],[79.8595564,6.933603499999999],[79.8595369,6.9336179],[79.8595233,6.9336378],[79.8595172,6.933661200000001],[79.8595193,6.933685199999998],[79.8595287,6.9337062],[79.8595444,6.9337231],[79.8595647,6.933734300000001],[79.8595875,6.9337384]]}},{"type":"Feature","id":"1027260954","properties":{"id":"1027260954","name":null,"names":{},"highway":"service","tags":{"highway":"service","oneway":"yes","service":"driveway","surface":"asphalt"},"width_m":3.5,"width_source":"Estimated from road class and direction","direction":"forward","direction_source":"OSM tag","access":null,"base_graph_eligible":true,"bridge":false,"tunnel":false,"layer":0,"lanes":null,"maxspeed":null,"length_m":16.23,"surface_layer":"roads"},"geometry":{"type":"LineString","coordinates":[[79.8478657,6.9235532],[79.8478615,6.923652499999999],[79.8478595,6.9236998000000005]]}},{"type":"Feature","id":"1027260955","properties":{"id":"1027260955","name":null,"names":{},"highway":"service","tags":{"highway":"service","layer":"2","oneway":"yes","service":"driveway","surface":"asphalt"},"width_m":3.5,"width_source":"Estimated from road class and direction","direction":"forward","direction_source":"OSM tag","access":null,"base_graph_eligible":true,"bridge":false,"tunnel":false,"layer":2,"lanes":null,"maxspeed":null,"length_m":74.66,"surface_layer":"roads"},"geometry":{"type":"LineString","coordinates":[[79.84784969999998,6.9248807],[79.84793619999999,6.924840299999999],[79.8479628,6.924411399999999],[79.8479142,6.924332099999997],[79.8479175,6.924275199999999]]}},{"type":"Feature","id":"1028602808","properties":{"id":"1028602808","name":"Approach Road to Central Bus Station","names":{},"highway":"tertiary","tags":{"highway":"tertiary","lit":"yes","maxspeed":"10","name":"Approach Road to Central Bus Station","ref":"AC10","surface":"asphalt"},"width_m":9,"width_source":"Estimated from road class and direction","direction":"both","direction_source":"Default assumption; no direction tag","access":null,"base_graph_eligible":true,"bridge":false,"tunnel":false,"layer":0,"lanes":null,"maxspeed":"10","length_m":26.37,"surface_layer":"roads"},"geometry":{"type":"LineString","coordinates":[[79.854855,6.934654599999999],[79.8548214,6.934575599999999],[79.8548015,6.934527600000002],[79.8547602,6.9344358]]}},{"type":"Feature","id":"1028868109","properties":{"id":"1028868109","name":null,"names":{},"highway":"service","tags":{"highway":"service"},"width_m":4,"width_source":"Estimated from road class and direction","direction":"both","direction_source":"Default assumption; no direction tag","access":null,"base_graph_eligible":true,"bridge":false,"tunnel":false,"layer":0,"lanes":null,"maxspeed":null,"length_m":248.31,"surface_layer":"roads"},"geometry":{"type":"LineString","coordinates":[[79.85016829999999,6.927767099999999],[79.8501948,6.927757799999999],[79.8503114,6.9277165000000025],[79.8504335,6.927677900000002],[79.8504563,6.927672599999999],[79.8504724,6.9276805],[79.85049250000002,6.9276859],[79.8505223,6.9277018],[79.85056959999999,6.927809700000001],[79.8506257,6.927925199999999],[79.850644,6.9279641],[79.8507915,6.9282916],[79.8507674,6.928318199999999],[79.85074059999998,6.9283355],[79.850459,6.928458000000001],[79.8504375,6.928458000000002],[79.8503034,6.928287599999999],[79.8501612,6.928054599999999],[79.8500834,6.927866900000001],[79.85008880000001,6.927853600000001],[79.8501009,6.9278442999999985],[79.8501411,6.927804399999999],[79.8501518,6.9277878],[79.85016829999999,6.927767099999999]]}},{"type":"Feature","id":"1028868110","properties":{"id":"1028868110","name":null,"names":{},"highway":"service","tags":{"highway":"service"},"width_m":4,"width_source":"Estimated from road class and direction","direction":"both","direction_source":"Default assumption; no direction tag","access":null,"base_graph_eligible":true,"bridge":false,"tunnel":false,"layer":0,"lanes":null,"maxspeed":null,"length_m":37.31,"surface_layer":"roads"},"geometry":{"type":"LineString","coordinates":[[79.8504724,6.9276805],[79.8504536,6.927633899999998],[79.8504281,6.927608700000002],[79.8502245,6.927461199999999]]}},{"type":"Feature","id":"1028868111","properties":{"id":"1028868111","name":null,"names":{},"highway":"service","tags":{"highway":"service","layer":"-1"},"width_m":4,"width_source":"Estimated from road class and direction","direction":"both","direction_source":"Default assumption; no direction tag","access":null,"base_graph_eligible":true,"bridge":false,"tunnel":false,"layer":-1,"lanes":null,"maxspeed":null,"length_m":61.95,"surface_layer":"roads"},"geometry":{"type":"LineString","coordinates":[[79.8506165,6.927365900000002],[79.85058370000002,6.927464899999999],[79.85056619999999,6.9275155],[79.8505662,6.927554099999999],[79.8505703,6.927595299999999],[79.85066479999999,6.927830300000003],[79.8506809,6.9278636],[79.8506973,6.9278911999999995]]}},{"type":"Feature","id":"1028868133","properties":{"id":"1028868133","name":null,"names":{},"highway":"tertiary","tags":{"highway":"tertiary","oneway":"yes"},"width_m":4.5,"width_source":"Estimated from road class and direction","direction":"forward","direction_source":"OSM tag","access":null,"base_graph_eligible":true,"bridge":false,"tunnel":false,"layer":0,"lanes":null,"maxspeed":null,"length_m":27.61,"surface_layer":"roads"},"geometry":{"type":"LineString","coordinates":[[79.8529181,6.923836599999997],[79.8529118,6.923819000000001],[79.8529,6.923804099999999],[79.85288379999999,6.923793699999998],[79.85286489999999,6.9237891000000005],[79.8528455,6.923791200000002],[79.85282789999998,6.923799199999999],[79.85281389999999,6.923812599999996],[79.85280520000002,6.923829800000001],[79.8528026,6.923849000000001],[79.85280649999999,6.9238678999999985],[79.8528164,6.9238845],[79.852831,6.9238966],[79.85284849999998,6.923903599999999]]}},{"type":"Feature","id":"1038620200","properties":{"id":"1038620200","name":null,"names":{},"highway":"tertiary","tags":{"highway":"tertiary","oneway":"yes"},"width_m":4.5,"width_source":"Estimated from road class and direction","direction":"forward","direction_source":"OSM tag","access":null,"base_graph_eligible":true,"bridge":false,"tunnel":false,"layer":0,"lanes":null,"maxspeed":null,"length_m":12.57,"surface_layer":"roads"},"geometry":{"type":"LineString","coordinates":[[79.85284849999998,6.923903599999999],[79.8528675,6.9239045],[79.8528797,6.9239022],[79.85289339999999,6.923894099999998],[79.85290139999998,6.9238885],[79.8529127,6.923873500000001],[79.8529185,6.923855499999997],[79.8529181,6.923836599999997]]}},{"type":"Feature","id":"1060532518","properties":{"id":"1060532518","name":null,"names":{},"highway":"residential","tags":{"highway":"residential","lit":"yes","surface":"asphalt"},"width_m":6,"width_source":"Estimated from road class and direction","direction":"both","direction_source":"Default assumption; no direction tag","access":null,"base_graph_eligible":true,"bridge":false,"tunnel":false,"layer":0,"lanes":null,"maxspeed":null,"length_m":45.84,"surface_layer":"roads"},"geometry":{"type":"LineString","coordinates":[[79.84874019999998,6.9233196],[79.8488648,6.923123800000001],[79.8489372,6.922993399999999],[79.84894416858586,6.922960838972483]]}},{"type":"Feature","id":"1060532523","properties":{"id":"1060532523","name":"Justice Akbar Mawatha","names":{},"highway":"primary","tags":{"bridge":"yes","highway":"primary","layer":"2","loc_name":"Bridge Street","name":"Justice Akbar Mawatha","note":"Road Type Updated.","oneway":"yes"},"width_m":7.0,"width_source":"Estimated from road class and direction","direction":"forward","direction_source":"OSM tag","access":null,"base_graph_eligible":true,"bridge":true,"tunnel":false,"layer":2,"lanes":null,"maxspeed":null,"length_m":39.46,"surface_layer":"bridges"},"geometry":{"type":"LineString","coordinates":[[79.84863369999998,6.923583200000001],[79.84851260000002,6.923558299999996],[79.848285,6.9235066]]}},{"type":"Feature","id":"1065915643","properties":{"id":"1065915643","name":"Barracks Lane","names":{},"highway":"residential","tags":{"highway":"residential","maxspeed":"30","name":"Barracks Lane","surface":"asphalt"},"width_m":6,"width_source":"Estimated from road class and direction","direction":"both","direction_source":"Default assumption; no direction tag","access":null,"base_graph_eligible":true,"bridge":false,"tunnel":false,"layer":0,"lanes":null,"maxspeed":"30","length_m":78.41,"surface_layer":"roads"},"geometry":{"type":"LineString","coordinates":[[79.851774,6.925231799999997],[79.8517894,6.925237899999998],[79.8524384,6.9254805]]}},{"type":"Feature","id":"1089605503","properties":{"id":"1089605503","name":"T. B. Jayah Mawatha","names":{},"highway":"secondary","tags":{"alt_name":"Darley Road","highway":"secondary","lanes":"2","lit":"yes","maxspeed":"50","name":"T. B. Jayah Mawatha","oneway":"yes","sidewalk":"left","smoothness":"good","surface":"asphalt"},"width_m":6.4,"width_source":"Estimated: mapped lanes × 3.2 m","direction":"forward","direction_source":"OSM tag","access":null,"base_graph_eligible":true,"bridge":false,"tunnel":false,"layer":0,"lanes":2,"maxspeed":"50","length_m":387.38,"surface_layer":"roads"},"geometry":{"type":"LineString","coordinates":[[79.86201093677728,6.922960917084194],[79.8620081,6.9229768],[79.8618919,6.9235927],[79.8618637,6.924002199999999],[79.8618595,6.924299899999998],[79.8618573,6.924401600000001],[79.861848,6.924840399999999],[79.8618286,6.925509599999999],[79.8618268,6.925569000000001],[79.8618221,6.9258108],[79.8618019,6.926450899999999]]}},{"type":"Feature","id":"1092867702","properties":{"id":"1092867702","name":null,"names":{},"highway":"service","tags":{"highway":"service"},"width_m":4,"width_source":"Estimated from road class and direction","direction":"both","direction_source":"Default assumption; no direction tag","access":null,"base_graph_eligible":true,"bridge":false,"tunnel":false,"layer":0,"lanes":null,"maxspeed":null,"length_m":202.11,"surface_layer":"roads"},"geometry":{"type":"LineString","coordinates":[[79.8543887,6.937809699999999],[79.8557913,6.937740100000001],[79.8560679,6.9377218],[79.8562126,6.9376941]]}},{"type":"Feature","id":"1105825430","properties":{"id":"1105825430","name":"New Baladaksha Mawatha","names":{"name:zh":"童心路"},"highway":"primary","tags":{"highway":"primary","lit":"yes","maxspeed":"60","name":"New Baladaksha Mawatha","name:zh":"童心路","note":"Road connecting Galle Face and Start of Sri Uttaranadna Mawatha is called New Baladaksha Mawatha as shown in the Name Board erected on the road side.","oneway":"yes","sidewalk":"left","surface":"asphalt"},"width_m":7.0,"width_source":"Estimated from road class and direction","direction":"forward","direction_source":"OSM tag","access":null,"base_graph_eligible":true,"bridge":false,"tunnel":false,"layer":0,"lanes":null,"maxspeed":"60","length_m":62.23,"surface_layer":"roads"},"geometry":{"type":"LineString","coordinates":[[79.8472831,6.9236567],[79.84763779999999,6.923579400000002],[79.8478341,6.9235406]]}},{"type":"Feature","id":"1112992467","properties":{"id":"1112992467","name":"Trace Lane","names":{},"highway":"residential","tags":{"highway":"residential","name":"Trace Lane","surface":"asphalt","width":"9"},"width_m":9.0,"width_source":"OSM width","direction":"both","direction_source":"Default assumption; no direction tag","access":null,"base_graph_eligible":true,"bridge":false,"tunnel":false,"layer":0,"lanes":null,"maxspeed":null,"length_m":5.23,"surface_layer":"roads"},"geometry":{"type":"LineString","coordinates":[[79.86284440784907,6.929614043074462],[79.8628137,6.929650000000002]]}},{"type":"Feature","id":"1112992468","properties":{"id":"1112992468","name":null,"names":{},"highway":"residential","tags":{"highway":"residential"},"width_m":6,"width_source":"Estimated from road class and direction","direction":"both","direction_source":"Default assumption; no direction tag","access":null,"base_graph_eligible":true,"bridge":false,"tunnel":false,"layer":0,"lanes":null,"maxspeed":null,"length_m":371.35,"surface_layer":"roads"},"geometry":{"type":"LineString","coordinates":[[79.8627463,6.9296599000000025],[79.86193130000001,6.9289827],[79.8618592,6.928953599999998],[79.8617849,6.928956099999999],[79.861684,6.9289819],[79.8615169,6.929043299999998],[79.861511,6.929097799999999],[79.8615261,6.9291319],[79.8615555,6.9291662],[79.8616282,6.9292264],[79.861695,6.9292796999999995],[79.8625269,6.929962599999998],[79.8625493,6.929975099999999],[79.8625717,6.929978899999998],[79.8625912,6.929972899999999],[79.8626132,6.929959000000003],[79.862763,6.9298157],[79.8627823,6.929776599999999],[79.8627828,6.9297407],[79.8627778,6.9297154],[79.8627672,6.929688800000001],[79.8627579,6.929672099999998],[79.8627463,6.9296599000000025]]}},{"type":"Feature","id":"1112992469","properties":{"id":"1112992469","name":null,"names":{},"highway":"residential","tags":{"highway":"residential"},"width_m":6,"width_source":"Estimated from road class and direction","direction":"both","direction_source":"Default assumption; no direction tag","access":null,"base_graph_eligible":true,"bridge":false,"tunnel":false,"layer":0,"lanes":null,"maxspeed":null,"length_m":6.84,"surface_layer":"roads"},"geometry":{"type":"LineString","coordinates":[[79.8628137,6.929650000000002],[79.8627963,6.929663000000001],[79.86277720000001,6.929671300000002],[79.8627579,6.929672099999998]]}},{"type":"Feature","id":"1112992470","properties":{"id":"1112992470","name":null,"names":{},"highway":"residential","tags":{"highway":"residential"},"width_m":6,"width_source":"Estimated from road class and direction","direction":"both","direction_source":"Default assumption; no direction tag","access":null,"base_graph_eligible":true,"bridge":false,"tunnel":false,"layer":0,"lanes":null,"maxspeed":null,"length_m":9.61,"surface_layer":"roads"},"geometry":{"type":"LineString","coordinates":[[79.8614345,6.929071100000002],[79.8615169,6.929043299999998]]}},{"type":"Feature","id":"1113372503","properties":{"id":"1113372503","name":"Sir Mohamed Macan Markar Mawatha","names":{},"highway":"primary","tags":{"highway":"primary","lit":"yes","maxspeed":"60","name":"Sir Mohamed Macan Markar Mawatha","oneway":"yes","sidewalk":"no","surface":"asphalt"},"width_m":7.0,"width_source":"Estimated from road class and direction","direction":"forward","direction_source":"OSM tag","access":null,"base_graph_eligible":true,"bridge":false,"tunnel":false,"layer":0,"lanes":null,"maxspeed":"60","length_m":38.46,"surface_layer":"roads"},"geometry":{"type":"LineString","coordinates":[[79.8478341,6.9235406],[79.8478657,6.9235532],[79.84792939999998,6.923565999999999],[79.8479664,6.923566399999999],[79.8480319,6.9235547],[79.8480596,6.923544399999998],[79.8480976,6.9235123000000005],[79.84811219999999,6.9234869],[79.84812129999999,6.923451200000001]]}},{"type":"Feature","id":"1113372504","properties":{"id":"1113372504","name":"Sir Mohamed Macan Markar Mawatha","names":{},"highway":"primary","tags":{"highway":"primary","lit":"yes","maxspeed":"60","name":"Sir Mohamed Macan Markar Mawatha","oneway":"yes","sidewalk":"right","surface":"asphalt"},"width_m":7.0,"width_source":"Estimated from road class and direction","direction":"forward","direction_source":"OSM tag","access":null,"base_graph_eligible":true,"bridge":false,"tunnel":false,"layer":0,"lanes":null,"maxspeed":"60","length_m":20.39,"surface_layer":"roads"},"geometry":{"type":"LineString","coordinates":[[79.8477428,6.923397],[79.84774110000001,6.923430900000001],[79.8477539,6.923472800000002],[79.8477703,6.923496199999999],[79.8478031,6.923523399999999],[79.8478341,6.9235406]]}},{"type":"Feature","id":"1113372505","properties":{"id":"1113372505","name":"Sir Mohamed Macan Markar Mawatha","names":{},"highway":"primary","tags":{"highway":"primary","lit":"yes","maxspeed":"60","name":"Sir Mohamed Macan Markar Mawatha","oneway":"yes","sidewalk":"left","surface":"asphalt"},"width_m":7.0,"width_source":"Estimated from road class and direction","direction":"forward","direction_source":"OSM tag","access":null,"base_graph_eligible":true,"bridge":false,"tunnel":false,"layer":0,"lanes":null,"maxspeed":"60","length_m":47.15,"surface_layer":"roads"},"geometry":{"type":"LineString","coordinates":[[79.84812129999999,6.923451200000001],[79.8481217,6.9234347000000005],[79.84811799999999,6.923409699999997],[79.8481089,6.923385700000001],[79.8480904,6.923358799999998],[79.84805219999998,6.923334199999999],[79.8479826,6.9233054],[79.8479261,6.923296999999998],[79.8478759,6.9232994],[79.8478334,6.923308899999999],[79.8477829,6.9233302000000005]]}},{"type":"Feature","id":"1119772194","properties":{"id":"1119772194","name":null,"names":{},"highway":"service","tags":{"highway":"service","surface":"asphalt"},"width_m":4,"width_source":"Estimated from road class and direction","direction":"both","direction_source":"Default assumption; no direction tag","access":null,"base_graph_eligible":true,"bridge":false,"tunnel":false,"layer":0,"lanes":null,"maxspeed":null,"length_m":60.85,"surface_layer":"roads"},"geometry":{"type":"LineString","coordinates":[[79.86032320000001,6.934951200000001],[79.86038630000002,6.934864700000001],[79.86041170000001,6.934836700000001],[79.86043990000002,6.934826100000002],[79.86056060000001,6.934874000000003],[79.86062360000001,6.934864600000001],[79.8606981,6.9348134],[79.8607744,6.934762799999999]]}},{"type":"Feature","id":"1119772195","properties":{"id":"1119772195","name":null,"names":{},"highway":"service","tags":{"highway":"service","surface":"concrete:plates"},"width_m":4,"width_source":"Estimated from road class and direction","direction":"both","direction_source":"Default assumption; no direction tag","access":null,"base_graph_eligible":true,"bridge":false,"tunnel":false,"layer":0,"lanes":null,"maxspeed":null,"length_m":62.48,"surface_layer":"roads"},"geometry":{"type":"LineString","coordinates":[[79.86040720000001,6.9352122],[79.86040230000002,6.935309299999999],[79.8604064,6.935513],[79.8603956,6.9355809],[79.8604225,6.9356794],[79.86045330000002,6.9357673]]}},{"type":"Feature","id":"1119772196","properties":{"id":"1119772196","name":null,"names":{},"highway":"service","tags":{"highway":"service","surface":"concrete:plates"},"width_m":4,"width_source":"Estimated from road class and direction","direction":"both","direction_source":"Default assumption; no direction tag","access":null,"base_graph_eligible":true,"bridge":false,"tunnel":false,"layer":0,"lanes":null,"maxspeed":null,"length_m":51.95,"surface_layer":"roads"},"geometry":{"type":"LineString","coordinates":[[79.86040720000001,6.9352122],[79.8605788,6.935291499999999],[79.8606209,6.935291399999999],[79.8606491,6.935265500000001],[79.860745,6.935117900000001],[79.8607429,6.935093499999996]]}},{"type":"Feature","id":"1119772197","properties":{"id":"1119772197","name":null,"names":{},"highway":"service","tags":{"highway":"service","surface":"asphalt"},"width_m":4,"width_source":"Estimated from road class and direction","direction":"both","direction_source":"Default assumption; no direction tag","access":null,"base_graph_eligible":true,"bridge":false,"tunnel":false,"layer":0,"lanes":null,"maxspeed":null,"length_m":46.52,"surface_layer":"roads"},"geometry":{"type":"LineString","coordinates":[[79.86004640000002,6.934885900000002],[79.86022800000002,6.934917900000001],[79.86032320000001,6.934951200000001],[79.86045300000002,6.9349906]]}},{"type":"Feature","id":"1119772198","properties":{"id":"1119772198","name":null,"names":{},"highway":"service","tags":{"highway":"service","surface":"asphalt"},"width_m":4,"width_source":"Estimated from road class and direction","direction":"both","direction_source":"Default assumption; no direction tag","access":null,"base_graph_eligible":true,"bridge":false,"tunnel":false,"layer":0,"lanes":null,"maxspeed":null,"length_m":66.56,"surface_layer":"roads"},"geometry":{"type":"LineString","coordinates":[[79.8602643,6.935885599999999],[79.86013680000002,6.935839200000001],[79.86008050000001,6.935789899999999],[79.85999870000002,6.935699400000001],[79.85982840000001,6.9354904]]}},{"type":"Feature","id":"1119772199","properties":{"id":"1119772199","name":null,"names":{},"highway":"residential","tags":{"highway":"residential"},"width_m":6,"width_source":"Estimated from road class and direction","direction":"both","direction_source":"Default assumption; no direction tag","access":null,"base_graph_eligible":true,"bridge":false,"tunnel":false,"layer":0,"lanes":null,"maxspeed":null,"length_m":87.15,"surface_layer":"roads"},"geometry":{"type":"LineString","coordinates":[[79.8622799,6.933254899999999],[79.8623671,6.9335427],[79.862367,6.933777],[79.8623231,6.9340262]]}},{"type":"Feature","id":"1122213702","properties":{"id":"1122213702","name":null,"names":{},"highway":"residential","tags":{"highway":"residential"},"width_m":6,"width_source":"Estimated from road class and direction","direction":"both","direction_source":"Default assumption; no direction tag","access":null,"base_graph_eligible":true,"bridge":false,"tunnel":false,"layer":0,"lanes":null,"maxspeed":null,"length_m":181.95,"surface_layer":"roads"},"geometry":{"type":"LineString","coordinates":[[79.8567981,6.9331465],[79.8570845,6.9333816],[79.8574144,6.93356],[79.8578023,6.933831],[79.8578428,6.9338542],[79.8578891,6.933866199999999],[79.8582195,6.9339068]]}},{"type":"Feature","id":"1122213703","properties":{"id":"1122213703","name":null,"names":{},"highway":"service","tags":{"highway":"service","surface":"asphalt"},"width_m":4,"width_source":"Estimated from road class and direction","direction":"both","direction_source":"Default assumption; no direction tag","access":null,"base_graph_eligible":true,"bridge":false,"tunnel":false,"layer":0,"lanes":null,"maxspeed":null,"length_m":100.46,"surface_layer":"roads"},"geometry":{"type":"LineString","coordinates":[[79.8564112,6.9294476],[79.8561132,6.9298639999999985],[79.8561054,6.929896499999999],[79.8561071,6.9299289],[79.8561204,6.929954200000001],[79.8562853,6.930131800000001],[79.856326,6.930175599999999]]}},{"type":"Feature","id":"1122816959","properties":{"id":"1122816959","name":"Chatham Street","names":{},"highway":"trunk","tags":{"access":"yes","bridge":"no","description":"Road declared in Gazette 06-06-1989 as A1 CMB–KDY. Starts at Chatham St Clock Tower; runs via Chatham St, Olcott, Sangaraja, Pradeepa, Saddharma Mw, Baseline to Kelani Bridge. No one may alter this trace unless redefined and issued in a new Gazette.","highway":"trunk","int_ref":"AH43","lanes":"2","lit":"yes","maxspeed":"60","motor_vehicle":"yes","name":"Chatham Street","nat_name":"Colombo-Kandy Road","network":"SL:national","official_name":"Chatham Street","old_name":"Chatham Street","oneway":"yes","operator":"Road Development Authority","ref":"A1","sidewalk":"left","surface":"asphalt"},"width_m":6.4,"width_source":"Estimated: mapped lanes × 3.2 m","direction":"forward","direction_source":"OSM tag","access":"yes","base_graph_eligible":true,"bridge":false,"tunnel":false,"layer":0,"lanes":2,"maxspeed":"60","length_m":33.0,"surface_layer":"roads"},"geometry":{"type":"LineString","coordinates":[[79.84655643049025,6.934014913985569],[79.8466826,6.9339931],[79.8467951,6.933967400000001],[79.84685,6.933962400000001]]}},{"type":"Feature","id":"1122816960","properties":{"id":"1122816960","name":"Olcott Mawatha","names":{},"highway":"trunk","tags":{"access":"yes","description":"Road declared in Gazette 06-06-1989 as A1 CMB–KDY. Starts at Chatham St Clock Tower; runs via Chatham St, Olcott, Sangaraja, Pradeepa, Saddharma Mw, Baseline to Kelani Bridge. No one may alter this trace unless redefined and issued in a new Gazette.","highway":"trunk","int_ref":"AH43","lanes":"2","lit":"yes","maxspeed":"60","motor_vehicle":"yes","name":"Olcott Mawatha","nat_name":"Colombo-Kandy Road","network":"SL:national","official_name":"Olcott Mawatha","old_name":"Norris Road","oneway":"yes","operator":"Road Development Authority","ref":"A1","sidewalk":"left","surface":"asphalt"},"width_m":6.4,"width_source":"Estimated: mapped lanes × 3.2 m","direction":"forward","direction_source":"OSM tag","access":"yes","base_graph_eligible":true,"bridge":false,"tunnel":false,"layer":0,"lanes":2,"maxspeed":"60","length_m":57.11,"surface_layer":"roads"},"geometry":{"type":"LineString","coordinates":[[79.8471276,6.934035599999998],[79.8472273,6.934063499999998],[79.8473113,6.934081000000002],[79.8474592,6.934109400000001],[79.84763330000001,6.934140400000001]]}},{"type":"Feature","id":"1122816961","properties":{"id":"1122816961","name":"Olcott Mawatha","names":{},"highway":"trunk","tags":{"access":"yes","description":"Road declared in Gazette 06-06-1989 as A1 CMB–KDY. Starts at Chatham St Clock Tower; runs via Chatham St, Olcott, Sangaraja, Pradeepa, Saddharma Mw, Baseline to Kelani Bridge. No one may alter this trace unless redefined and issued in a new Gazette.","highway":"trunk","int_ref":"AH43","lanes":"2","lit":"yes","maxspeed":"60","motor_vehicle":"yes","name":"Olcott Mawatha","nat_name":"Colombo-Kandy Road","network":"SL:national","official_name":"Olcott Mawatha","old_name":"Norris Road","oneway":"yes","operator":"Road Development Authority","ref":"A1","sidewalk":"left","surface":"asphalt","turn:lanes":"left|through|through"},"width_m":6.4,"width_source":"Estimated: mapped lanes × 3.2 m","direction":"forward","direction_source":"OSM tag","access":"yes","base_graph_eligible":true,"bridge":false,"tunnel":false,"layer":0,"lanes":2,"maxspeed":"60","length_m":57.75,"surface_layer":"roads"},"geometry":{"type":"LineString","coordinates":[[79.8548697,6.934393400000001],[79.8549807,6.934359099999998],[79.8551479,6.934308099999998],[79.8553721,6.934250099999999]]}},{"type":"Feature","id":"1122816962","properties":{"id":"1122816962","name":"Olcott Mawatha","names":{},"highway":"trunk","tags":{"access":"yes","description":"Road declared in Gazette 06-06-1989 as A1 CMB–KDY. Starts at Chatham St Clock Tower; runs via Chatham St, Olcott, Sangaraja, Pradeepa, Saddharma Mw, Baseline to Kelani Bridge. No one may alter this trace unless redefined and issued in a new Gazette.","highway":"trunk","int_ref":"AH43","lanes":"2","lit":"yes","maxspeed":"60","motor_vehicle":"yes","name":"Olcott Mawatha","nat_name":"Colombo-Kandy Road","network":"SL:national","official_name":"Olcott Mawatha","old_name":"Norris Road","oneway":"yes","operator":"Road Development Authority","ref":"A1","sidewalk":"no","surface":"asphalt","turn:lanes":"left|through|through"},"width_m":6.4,"width_source":"Estimated: mapped lanes × 3.2 m","direction":"forward","direction_source":"OSM tag","access":"yes","base_graph_eligible":true,"bridge":false,"tunnel":false,"layer":0,"lanes":2,"maxspeed":"60","length_m":69.79,"surface_layer":"roads"},"geometry":{"type":"LineString","coordinates":[[79.8553721,6.934250099999999],[79.8555316,6.934213800000002],[79.85560229999999,6.9341935],[79.85567419999998,6.934172],[79.8557162,6.934157100000001],[79.85581359999999,6.9341065],[79.85586859999998,6.934071399999998],[79.8559477,6.934010699999998]]}},{"type":"Feature","id":"1122816963","properties":{"id":"1122816963","name":"Mihindu Mawatha","names":{},"highway":"secondary","tags":{"foot":"no","highway":"secondary","lit":"yes","maxspeed":"50","name":"Mihindu Mawatha","oneway":"yes","sidewalk":"no","surface":"asphalt"},"width_m":5.5,"width_source":"Estimated from road class and direction","direction":"forward","direction_source":"OSM tag","access":null,"base_graph_eligible":true,"bridge":false,"tunnel":false,"layer":0,"lanes":null,"maxspeed":"50","length_m":19.26,"surface_layer":"roads"},"geometry":{"type":"LineString","coordinates":[[79.8555316,6.934213800000002],[79.85560629999999,6.9342060000000005],[79.85570549999998,6.934205700000001]]}},{"type":"Feature","id":"1122816964","properties":{"id":"1122816964","name":null,"names":{},"highway":"tertiary","tags":{"highway":"tertiary","lit":"yes","oneway":"yes","sidewalk":"left","surface":"asphalt"},"width_m":4.5,"width_source":"Estimated from road class and direction","direction":"forward","direction_source":"OSM tag","access":null,"base_graph_eligible":true,"bridge":false,"tunnel":false,"layer":0,"lanes":null,"maxspeed":null,"length_m":27.75,"surface_layer":"roads"},"geometry":{"type":"LineString","coordinates":[[79.85580249999998,6.934213299999998],[79.85582569999998,6.9341598],[79.8559477,6.934010699999998]]}},{"type":"Feature","id":"1122816965","properties":{"id":"1122816965","name":"Saunders Place","names":{},"highway":"tertiary","tags":{"foot":"no","highway":"tertiary","lit":"yes","maxspeed":"40","name":"Saunders Place","oneway":"yes","sidewalk":"no","surface":"asphalt"},"width_m":4.5,"width_source":"Estimated from road class and direction","direction":"forward","direction_source":"OSM tag","access":null,"base_graph_eligible":true,"bridge":false,"tunnel":false,"layer":0,"lanes":null,"maxspeed":"40","length_m":41.17,"surface_layer":"roads"},"geometry":{"type":"LineString","coordinates":[[79.85570549999998,6.934205700000001],[79.85570149999998,6.934295900000002],[79.85571449999999,6.9343507],[79.85583579999998,6.934541000000001]]}},{"type":"Feature","id":"1122816966","properties":{"id":"1122816966","name":"Mihindu Mawatha","names":{},"highway":"secondary","tags":{"foot":"no","highway":"secondary","lit":"yes","maxspeed":"50","name":"Mihindu Mawatha","oneway":"yes","surface":"asphalt"},"width_m":5.5,"width_source":"Estimated from road class and direction","direction":"forward","direction_source":"OSM tag","access":null,"base_graph_eligible":true,"bridge":false,"tunnel":false,"layer":0,"lanes":null,"maxspeed":"50","length_m":10.75,"surface_layer":"roads"},"geometry":{"type":"LineString","coordinates":[[79.85570549999998,6.934205700000001],[79.85580249999998,6.934213299999998]]}},{"type":"Feature","id":"1122816967","properties":{"id":"1122816967","name":"Olcott Mawatha","names":{},"highway":"trunk","tags":{"access":"yes","bridge":"no","description":"Road declared in Gazette 06-06-1989 as A1 CMB–KDY. Starts at Chatham St Clock Tower; runs via Chatham St, Olcott, Sangaraja, Pradeepa, Saddharma Mw, Baseline to Kelani Bridge. No one may alter this trace unless redefined and issued in a new Gazette.","highway":"trunk","int_ref":"AH43","lanes":"2","layer":"0","lit":"yes","maxspeed":"60","motor_vehicle":"yes","name":"Olcott Mawatha","nat_name":"Colombo-Kandy Road","network":"SL:national","official_name":"Olcott Mawatha","old_name":"Norris Road","oneway":"yes","operator":"Road Development Authority","ref":"A1","sidewalk":"no","surface":"asphalt"},"width_m":6.4,"width_source":"Estimated: mapped lanes × 3.2 m","direction":"forward","direction_source":"OSM tag","access":"yes","base_graph_eligible":true,"bridge":false,"tunnel":false,"layer":0,"lanes":2,"maxspeed":"60","length_m":12.21,"surface_layer":"roads"},"geometry":{"type":"LineString","coordinates":[[79.860376,6.932287600000002],[79.8604276,6.9323058],[79.8604813,6.932320699999998]]}},{"type":"Feature","id":"1122816971","properties":{"id":"1122816971","name":"St. Sebastian Hill","names":{},"highway":"secondary","tags":{"highway":"secondary","lit":"yes","maxspeed":"50","name":"St. Sebastian Hill","note":"Road Name Spelling Corrected.","oneway":"yes","surface":"asphalt"},"width_m":5.5,"width_source":"Estimated from road class and direction","direction":"forward","direction_source":"OSM tag","access":null,"base_graph_eligible":true,"bridge":false,"tunnel":false,"layer":0,"lanes":null,"maxspeed":"50","length_m":66.83,"surface_layer":"roads"},"geometry":{"type":"LineString","coordinates":[[79.8601669,6.9326988],[79.8602337,6.932670599999999],[79.8602728,6.9326294],[79.8603345,6.9325655],[79.8603829,6.932511500000001],[79.8604581,6.932428100000001],[79.8605019,6.932396700000002],[79.8605501,6.932379100000001],[79.8605966,6.932367199999998],[79.8606448,6.932362099999998]]}},{"type":"Feature","id":"1122816972","properties":{"id":"1122816972","name":"Sri Sangaraja Mawatha","names":{},"highway":"trunk","tags":{"access":"yes","bridge":"no","description":"Road declared in Gazette 06-06-1989 as A1 CMB–KDY. Starts at Chatham St Clock Tower; runs via Chatham St, Olcott, Sangaraja, Pradeepa, Saddharma Mw, Baseline to Kelani Bridge. No one may alter this trace unless redefined and issued in a new Gazette.","highway":"trunk","int_ref":"AH43","lanes":"4","layer":"0","lit":"yes","maxspeed":"60","motor_vehicle":"yes","name":"Sri Sangaraja Mawatha","nat_name":"Colombo-Kandy Road","network":"SL:national","official_name":"Sri Sangaraja Mawatha","old_name":"Skinner's Road South","oneway":"yes","operator":"Road Development Authority","ref":"A1","sidewalk":"both","surface":"asphalt"},"width_m":12.8,"width_source":"Estimated: mapped lanes × 3.2 m","direction":"forward","direction_source":"OSM tag","access":"yes","base_graph_eligible":true,"bridge":false,"tunnel":false,"layer":0,"lanes":4,"maxspeed":"60","length_m":13.44,"surface_layer":"roads"},"geometry":{"type":"LineString","coordinates":[[79.8609442,6.932395199999998],[79.86106500000001,6.9324093]]}},{"type":"Feature","id":"1122816980","properties":{"id":"1122816980","name":"Sanchi Arachchi Garden","names":{},"highway":"tertiary","tags":{"highway":"tertiary","lit":"yes","maxspeed":"50","name":"Sanchi Arachchi Garden","oneway":"yes","sidewalk":"no","surface":"asphalt"},"width_m":4.5,"width_source":"Estimated from road class and direction","direction":"forward","direction_source":"OSM tag","access":null,"base_graph_eligible":true,"bridge":false,"tunnel":false,"layer":0,"lanes":null,"maxspeed":"50","length_m":14.2,"surface_layer":"roads"},"geometry":{"type":"LineString","coordinates":[[79.8573046,6.9326214],[79.8571761,6.9326226]]}},{"type":"Feature","id":"1122816986","properties":{"id":"1122816986","name":"Sanchi Arachchi Garden","names":{},"highway":"tertiary","tags":{"highway":"tertiary","lit":"yes","maxspeed":"50","name":"Sanchi Arachchi Garden","oneway":"yes","sidewalk":"right","surface":"asphalt"},"width_m":4.5,"width_source":"Estimated from road class and direction","direction":"forward","direction_source":"OSM tag","access":null,"base_graph_eligible":true,"bridge":false,"tunnel":false,"layer":0,"lanes":null,"maxspeed":"50","length_m":33.74,"surface_layer":"roads"},"geometry":{"type":"LineString","coordinates":[[79.8576086,6.932649600000003],[79.8574489,6.9326326],[79.8573046,6.9326214]]}},{"type":"Feature","id":"1122816987","properties":{"id":"1122816987","name":"Sanchi Arachchi Garden","names":{},"highway":"tertiary","tags":{"highway":"tertiary","lit":"yes","maxspeed":"50","name":"Sanchi Arachchi Garden","oneway":"yes","sidewalk":"left","surface":"asphalt"},"width_m":4.5,"width_source":"Estimated from road class and direction","direction":"forward","direction_source":"OSM tag","access":null,"base_graph_eligible":true,"bridge":false,"tunnel":false,"layer":0,"lanes":null,"maxspeed":"50","length_m":27.86,"surface_layer":"roads"},"geometry":{"type":"LineString","coordinates":[[79.8576086,6.932649600000003],[79.8575489,6.932524599999998],[79.8575004,6.932422099999999]]}},{"type":"Feature","id":"1122816988","properties":{"id":"1122816988","name":"Olcott Mawatha","names":{},"highway":"trunk","tags":{"access":"yes","description":"Road declared in Gazette 06-06-1989 as A1 CMB–KDY. Starts at Chatham St Clock Tower; runs via Chatham St, Olcott, Sangaraja, Pradeepa, Saddharma Mw, Baseline to Kelani Bridge. No one may alter this trace unless redefined and issued in a new Gazette.","highway":"trunk","int_ref":"AH43","lanes":"2","lit":"yes","maxspeed":"60","motor_vehicle":"yes","name":"Olcott Mawatha","nat_name":"Colombo-Kandy Road","network":"SL:national","official_name":"Olcott Mawatha","old_name":"Norris Road","oneway":"yes","operator":"Road Development Authority","ref":"A1","surface":"asphalt"},"width_m":6.4,"width_source":"Estimated: mapped lanes × 3.2 m","direction":"forward","direction_source":"OSM tag","access":"yes","base_graph_eligible":true,"bridge":false,"tunnel":false,"layer":0,"lanes":2,"maxspeed":"60","length_m":6.86,"surface_layer":"roads"},"geometry":{"type":"LineString","coordinates":[[79.8575004,6.932422099999999],[79.8575427,6.932376700000001]]}},{"type":"Feature","id":"1122817083","properties":{"id":"1122817083","name":"Mihindu Mawatha","names":{},"highway":"secondary","tags":{"highway":"secondary","lanes":"2","lit":"yes","maxspeed":"50","name":"Mihindu Mawatha","oneway":"yes","sidewalk":"both","surface":"asphalt"},"width_m":6.4,"width_source":"Estimated: mapped lanes × 3.2 m","direction":"forward","direction_source":"OSM tag","access":null,"base_graph_eligible":true,"bridge":false,"tunnel":false,"layer":0,"lanes":2,"maxspeed":"50","length_m":270.23,"surface_layer":"roads"},"geometry":{"type":"LineString","coordinates":[[79.85602569999999,6.934240200000001],[79.85657289999999,6.934308699999999],[79.8573366,6.934404399999999],[79.8579976,6.9344744999999985],[79.8581238,6.9344879],[79.8584563,6.9344871999999995]]}},{"type":"Feature","id":"1122818089","properties":{"id":"1122818089","name":null,"names":{},"highway":"trunk_link","tags":{"highway":"trunk_link","lit":"yes","oneway":"yes","sidewalk":"left","surface":"asphalt"},"width_m":8.0,"width_source":"Estimated from road class and direction","direction":"forward","direction_source":"OSM tag","access":null,"base_graph_eligible":true,"bridge":false,"tunnel":false,"layer":0,"lanes":null,"maxspeed":null,"length_m":8.97,"surface_layer":"roads"},"geometry":{"type":"LineString","coordinates":[[79.8525363,6.9230198],[79.8525920513391,6.922960896908957]]}},{"type":"Feature","id":"1122818090","properties":{"id":"1122818090","name":"Kumaran Ratnam Road","names":{},"highway":"trunk","tags":{"foot":"permissive","highway":"trunk","lanes":"4","lit":"yes","maxspeed":"60","name":"Kumaran Ratnam Road","note":"Road declared in Gazette 06-06-1989 as A4 Colombo-Ratnapura-Wellawaya-Batticaloa Road. Starts at CTO RB; runs via Chittampalam Gardener, Ratnam, Thummulla Jct, Havelock Road. No one may alter this trace unless redefined and issued in a new Gazette.","oneway":"yes","ref":"A4","surface":"asphalt"},"width_m":12.8,"width_source":"Estimated: mapped lanes × 3.2 m","direction":"forward","direction_source":"OSM tag","access":null,"base_graph_eligible":true,"bridge":false,"tunnel":false,"layer":0,"lanes":4,"maxspeed":"60","length_m":28.47,"surface_layer":"roads"},"geometry":{"type":"LineString","coordinates":[[79.85237069999998,6.923204399999999],[79.85245420711577,6.922960895228462]]}},{"type":"Feature","id":"1122818091","properties":{"id":"1122818091","name":"Justice Akbar Mawatha","names":{},"highway":"primary","tags":{"highway":"primary","lit":"yes","loc_name":"Rifle Street","maxspeed":"40","name":"Justice Akbar Mawatha","note":"Road Type Updated.","oneway":"yes","surface":"asphalt"},"width_m":7.0,"width_source":"Estimated from road class and direction","direction":"forward","direction_source":"OSM tag","access":null,"base_graph_eligible":true,"bridge":false,"tunnel":false,"layer":0,"lanes":null,"maxspeed":"40","length_m":44.48,"surface_layer":"roads"},"geometry":{"type":"LineString","coordinates":[[79.85245043540198,6.922960895181919],[79.85232699999999,6.923035900000001],[79.85214159999998,6.923142300000001],[79.85210179999999,6.9231615]]}},{"type":"Feature","id":"1122818092","properties":{"id":"1122818092","name":null,"names":{},"highway":"trunk_link","tags":{"highway":"trunk_link","oneway":"yes","sidewalk":"right","surface":"asphalt"},"width_m":8.0,"width_source":"Estimated from road class and direction","direction":"forward","direction_source":"OSM tag","access":null,"base_graph_eligible":true,"bridge":false,"tunnel":false,"layer":0,"lanes":null,"maxspeed":null,"length_m":37.14,"surface_layer":"roads"},"geometry":{"type":"LineString","coordinates":[[79.8523233,6.923346399999998],[79.8523141,6.923316600000001],[79.85228939999999,6.9232365],[79.85225369999999,6.923184],[79.85222079999998,6.9231655000000005],[79.85215349999999,6.923156999999997],[79.85210179999999,6.9231615]]}},{"type":"Feature","id":"1122818094","properties":{"id":"1122818094","name":"Kumaran Ratnam Road","names":{},"highway":"trunk","tags":{"foot":"permissive","highway":"trunk","lanes":"4","lit":"yes","maxspeed":"60","name":"Kumaran Ratnam Road","note":"Road declared in Gazette 06-06-1989 as A4 Colombo-Ratnapura-Wellawaya-Batticaloa Road. Starts at CTO RB; runs via Chittampalam Gardener, Ratnam, Thummulla Jct, Havelock Road. No one may alter this trace unless redefined and issued in a new Gazette.","oneway":"yes","ref":"A4","surface":"asphalt"},"width_m":12.8,"width_source":"Estimated: mapped lanes × 3.2 m","direction":"forward","direction_source":"OSM tag","access":null,"base_graph_eligible":true,"bridge":false,"tunnel":false,"layer":0,"lanes":4,"maxspeed":"60","length_m":2.99,"surface_layer":"roads"},"geometry":{"type":"LineString","coordinates":[[79.85236199999999,6.923229999999998],[79.85237069999998,6.923204399999999]]}},{"type":"Feature","id":"1122818095","properties":{"id":"1122818095","name":"Glenie Street","names":{},"highway":"residential","tags":{"highway":"residential","maxspeed":"30","name":"Glenie Street","surface":"asphalt"},"width_m":6,"width_source":"Estimated from road class and direction","direction":"both","direction_source":"Default assumption; no direction tag","access":null,"base_graph_eligible":true,"bridge":false,"tunnel":false,"layer":0,"lanes":null,"maxspeed":"30","length_m":97.43,"surface_layer":"roads"},"geometry":{"type":"LineString","coordinates":[[79.8493209,6.925164300000002],[79.8492313,6.925106700000001],[79.84919639999998,6.925087999999999],[79.84912649999998,6.925055799999999],[79.849053,6.925033300000002],[79.8486958,6.924916500000001],[79.8485597,6.9248945],[79.84852689999998,6.9249038],[79.8485057,6.9249301999999995]]}},{"type":"Feature","id":"1122818096","properties":{"id":"1122818096","name":null,"names":{},"highway":"residential","tags":{"highway":"residential","surface":"asphalt"},"width_m":6,"width_source":"Estimated from road class and direction","direction":"both","direction_source":"Default assumption; no direction tag","access":null,"base_graph_eligible":true,"bridge":false,"tunnel":false,"layer":0,"lanes":null,"maxspeed":null,"length_m":132.78,"surface_layer":"roads"},"geometry":{"type":"LineString","coordinates":[[79.84920199999999,6.925438299999998],[79.8492453,6.925448499999998],[79.8502358,6.925659100000001],[79.8503766,6.9256909]]}},{"type":"Feature","id":"1122818115","properties":{"id":"1122818115","name":"Malay Street","names":{},"highway":"tertiary","tags":{"highway":"tertiary","lit":"yes","maxspeed":"60","name":"Malay Street","note":"Road Type Updated.","oneway":"yes","sidewalk":"left","surface":"asphalt"},"width_m":4.5,"width_source":"Estimated from road class and direction","direction":"forward","direction_source":"OSM tag","access":null,"base_graph_eligible":true,"bridge":false,"tunnel":false,"layer":0,"lanes":null,"maxspeed":"60","length_m":28.89,"surface_layer":"roads"},"geometry":{"type":"LineString","coordinates":[[79.8499152,6.927223400000001],[79.84972219999999,6.9273996]]}},{"type":"Feature","id":"1140689828","properties":{"id":"1140689828","name":"Olcott Mawatha","names":{},"highway":"trunk","tags":{"access":"yes","description":"Road declared in Gazette 06-06-1989 as A1 CMB–KDY. Starts at Chatham St Clock Tower; runs via Chatham St, Olcott, Sangaraja, Pradeepa, Saddharma Mw, Baseline to Kelani Bridge. No one may alter this trace unless redefined and issued in a new Gazette.","highway":"trunk","int_ref":"AH43","lanes":"2","lit":"yes","maxspeed":"60","motor_vehicle":"yes","name":"Olcott Mawatha","nat_name":"Colombo-Kandy Road","network":"SL:national","official_name":"Olcott Mawatha","old_name":"Norris Road","oneway":"yes","operator":"Road Development Authority","ref":"A1","sidewalk":"left","surface":"asphalt"},"width_m":6.4,"width_source":"Estimated: mapped lanes × 3.2 m","direction":"forward","direction_source":"OSM tag","access":"yes","base_graph_eligible":true,"bridge":false,"tunnel":false,"layer":0,"lanes":2,"maxspeed":"60","length_m":33.49,"surface_layer":"roads"},"geometry":{"type":"LineString","coordinates":[[79.8564821,6.933471000000002],[79.85653269999999,6.9334188999999995],[79.8566929,6.9332535]]}},{"type":"Feature","id":"1141512427","properties":{"id":"1141512427","name":"Approach Road to Central Bus Station","names":{},"highway":"tertiary","tags":{"highway":"tertiary","lit":"yes","maxspeed":"10","name":"Approach Road to Central Bus Station","ref":"AC10","surface":"asphalt"},"width_m":9,"width_source":"Estimated from road class and direction","direction":"both","direction_source":"Default assumption; no direction tag","access":null,"base_graph_eligible":true,"bridge":false,"tunnel":false,"layer":0,"lanes":null,"maxspeed":"10","length_m":11.07,"surface_layer":"roads"},"geometry":{"type":"LineString","coordinates":[[79.8548914,6.9347479000000005],[79.854855,6.934654599999999]]}},{"type":"Feature","id":"1141512428","properties":{"id":"1141512428","name":"Olcott Mawatha","names":{},"highway":"trunk","tags":{"access":"yes","description":"Road declared in Gazette 06-06-1989 as A1 CMB–KDY. Starts at Chatham St Clock Tower; runs via Chatham St, Olcott, Sangaraja, Pradeepa, Saddharma Mw, Baseline to Kelani Bridge. No one may alter this trace unless redefined and issued in a new Gazette.","highway":"trunk","int_ref":"AH43","lanes":"2","lit":"yes","maxspeed":"60","motor_vehicle":"yes","name":"Olcott Mawatha","nat_name":"Colombo-Kandy Road","network":"SL:national","official_name":"Olcott Mawatha","old_name":"Norris Road","oneway":"yes","operator":"Road Development Authority","ref":"A1","sidewalk":"left","surface":"asphalt"},"width_m":6.4,"width_source":"Estimated: mapped lanes × 3.2 m","direction":"forward","direction_source":"OSM tag","access":"yes","base_graph_eligible":true,"bridge":false,"tunnel":false,"layer":0,"lanes":2,"maxspeed":"60","length_m":12.98,"surface_layer":"roads"},"geometry":{"type":"LineString","coordinates":[[79.8547602,6.9344358],[79.8548697,6.934393400000001]]}},{"type":"Feature","id":"1141512429","properties":{"id":"1141512429","name":null,"names":{},"highway":"tertiary","tags":{"highway":"tertiary","oneway":"yes","surface":"asphalt"},"width_m":4.5,"width_source":"Estimated from road class and direction","direction":"forward","direction_source":"OSM tag","access":null,"base_graph_eligible":true,"bridge":false,"tunnel":false,"layer":0,"lanes":null,"maxspeed":null,"length_m":18.55,"surface_layer":"roads"},"geometry":{"type":"LineString","coordinates":[[79.851208,6.934165799999999],[79.8512447,6.934329499999998]]}},{"type":"Feature","id":"1141512430","properties":{"id":"1141512430","name":"Olcott Mawatha","names":{},"highway":"trunk","tags":{"access":"yes","description":"Road declared in Gazette 06-06-1989 as A1 CMB–KDY. Starts at Chatham St Clock Tower; runs via Chatham St, Olcott, Sangaraja, Pradeepa, Saddharma Mw, Baseline to Kelani Bridge. No one may alter this trace unless redefined and issued in a new Gazette.","highway":"trunk","int_ref":"AH43","lanes":"2","lit":"yes","maxspeed":"60","motor_vehicle":"yes","name":"Olcott Mawatha","nat_name":"Colombo-Kandy Road","network":"SL:national","official_name":"Olcott Mawatha","old_name":"Norris Road","oneway":"yes","operator":"Road Development Authority","ref":"A1","sidewalk":"left","surface":"asphalt"},"width_m":6.4,"width_source":"Estimated: mapped lanes × 3.2 m","direction":"forward","direction_source":"OSM tag","access":"yes","base_graph_eligible":true,"bridge":false,"tunnel":false,"layer":0,"lanes":2,"maxspeed":"60","length_m":32.69,"surface_layer":"roads"},"geometry":{"type":"LineString","coordinates":[[79.8512447,6.934329499999998],[79.8511544,6.934299900000001],[79.8509631,6.934239100000001]]}},{"type":"Feature","id":"1141512431","properties":{"id":"1141512431","name":"Bastian Mawatha","names":{},"highway":"tertiary","tags":{"highway":"tertiary","lane_markings":"no","lit":"yes","maxspeed":"50","name":"Bastian Mawatha","oneway":"yes","surface":"asphalt"},"width_m":4.5,"width_source":"Estimated from road class and direction","direction":"forward","direction_source":"OSM tag","access":null,"base_graph_eligible":true,"bridge":false,"tunnel":false,"layer":0,"lanes":null,"maxspeed":"50","length_m":28.26,"surface_layer":"roads"},"geometry":{"type":"LineString","coordinates":[[79.851208,6.934165799999999],[79.8511188,6.934190299999998],[79.8509631,6.934239100000001]]}},{"type":"Feature","id":"1141512432","properties":{"id":"1141512432","name":"1st Cross Street","names":{},"highway":"residential","tags":{"highway":"residential","is_in":"Pettah, Colombo, Western Province, Sri Lanka","maxspeed":"30","name":"1st Cross Street","oneway":"yes","surface":"asphalt"},"width_m":3.5,"width_source":"Estimated from road class and direction","direction":"forward","direction_source":"OSM tag","access":null,"base_graph_eligible":true,"bridge":false,"tunnel":false,"layer":0,"lanes":null,"maxspeed":"30","length_m":11.24,"surface_layer":"roads"},"geometry":{"type":"LineString","coordinates":[[79.8512287,6.934429899999998],[79.8512447,6.934329499999998]]}},{"type":"Feature","id":"1141512433","properties":{"id":"1141512433","name":"Olcott Mawatha","names":{},"highway":"trunk","tags":{"access":"yes","description":"Road declared in Gazette 06-06-1989 as A1 CMB–KDY. Starts at Chatham St Clock Tower; runs via Chatham St, Olcott, Sangaraja, Pradeepa, Saddharma Mw, Baseline to Kelani Bridge. No one may alter this trace unless redefined and issued in a new Gazette.","highway":"trunk","int_ref":"AH43","lanes":"2","lit":"yes","maxspeed":"60","motor_vehicle":"yes","name":"Olcott Mawatha","nat_name":"Colombo-Kandy Road","network":"SL:national","official_name":"Olcott Mawatha","old_name":"Norris Road","oneway":"yes","operator":"Road Development Authority","ref":"A1","sidewalk":"left","surface":"asphalt"},"width_m":6.4,"width_source":"Estimated: mapped lanes × 3.2 m","direction":"forward","direction_source":"OSM tag","access":"yes","base_graph_eligible":true,"bridge":false,"tunnel":false,"layer":0,"lanes":2,"maxspeed":"60","length_m":314.45,"surface_layer":"roads"},"geometry":{"type":"LineString","coordinates":[[79.8512287,6.934429899999998],[79.85134120000001,6.9344657000000005],[79.8517928,6.934610500000001],[79.8522265,6.934748600000002],[79.852448,6.934820500000001],[79.8526083,6.9348723],[79.8528387,6.934942100000001],[79.8528805,6.9349534],[79.8530117,6.934991000000001],[79.8530999,6.935010199999999],[79.8531673,6.935020799999998],[79.8532741,6.935029600000003],[79.8533936,6.9350255],[79.8534861,6.935018900000004],[79.85356310000002,6.9350101],[79.8536063,6.934999799999998],[79.85363180000002,6.934994300000001],[79.8537048,6.9349742],[79.8537659,6.934953899999998],[79.8538392,6.9349288],[79.8538935,6.934902300000002],[79.853958,6.934870400000001]]}},{"type":"Feature","id":"1148196159","properties":{"id":"1148196159","name":null,"names":{},"highway":"service","tags":{"highway":"service"},"width_m":4,"width_source":"Estimated from road class and direction","direction":"both","direction_source":"Default assumption; no direction tag","access":null,"base_graph_eligible":true,"bridge":false,"tunnel":false,"layer":0,"lanes":null,"maxspeed":null,"length_m":106.92,"surface_layer":"roads"},"geometry":{"type":"LineString","coordinates":[[79.8547482,6.936251900000002],[79.8557153,6.936224799999999]]}},{"type":"Feature","id":"1148196160","properties":{"id":"1148196160","name":null,"names":{},"highway":"service","tags":{"highway":"service"},"width_m":4,"width_source":"Estimated from road class and direction","direction":"both","direction_source":"Default assumption; no direction tag","access":null,"base_graph_eligible":true,"bridge":false,"tunnel":false,"layer":0,"lanes":null,"maxspeed":null,"length_m":145.34,"surface_layer":"roads"},"geometry":{"type":"LineString","coordinates":[[79.8550674,6.937042599999999],[79.8546504,6.937093299999999],[79.8544961,6.9371199],[79.854472,6.937170499999997],[79.8544747,6.937245000000002],[79.8545176,6.937279600000001],[79.8548394,6.937239699999999],[79.8550661,6.937211699999999]]}},{"type":"Feature","id":"1148196161","properties":{"id":"1148196161","name":null,"names":{},"highway":"service","tags":{"highway":"service"},"width_m":4,"width_source":"Estimated from road class and direction","direction":"both","direction_source":"Default assumption; no direction tag","access":null,"base_graph_eligible":true,"bridge":false,"tunnel":false,"layer":0,"lanes":null,"maxspeed":null,"length_m":76.24,"surface_layer":"roads"},"geometry":{"type":"LineString","coordinates":[[79.8545283,6.9375406],[79.8550406,6.937497999999996],[79.8550782,6.9374687],[79.8550782,6.9374047999999995],[79.8550594,6.9373435]]}},{"type":"Feature","id":"1148196162","properties":{"id":"1148196162","name":null,"names":{},"highway":"service","tags":{"highway":"service"},"width_m":4,"width_source":"Estimated from road class and direction","direction":"both","direction_source":"Default assumption; no direction tag","access":null,"base_graph_eligible":true,"bridge":false,"tunnel":false,"layer":0,"lanes":null,"maxspeed":null,"length_m":114.87,"surface_layer":"roads"},"geometry":{"type":"LineString","coordinates":[[79.8543339,6.9374434],[79.8549923,6.937380799999999],[79.8550594,6.9373435],[79.8550661,6.937211699999999],[79.8550674,6.937042599999999]]}},{"type":"Feature","id":"1148196163","properties":{"id":"1148196163","name":null,"names":{},"highway":"service","tags":{"highway":"service"},"width_m":4,"width_source":"Estimated from road class and direction","direction":"both","direction_source":"Default assumption; no direction tag","access":null,"base_graph_eligible":true,"bridge":false,"tunnel":false,"layer":0,"lanes":null,"maxspeed":null,"length_m":148.25,"surface_layer":"roads"},"geometry":{"type":"LineString","coordinates":[[79.8554483,6.936425800000001],[79.85545100000002,6.9367391000000005],[79.85549120000002,6.9368802],[79.8556656,6.9371944],[79.8557755,6.937399399999999],[79.8558158,6.9374287],[79.8558775,6.9374314],[79.8560425,6.9373667]]}},{"type":"Feature","id":"1148196164","properties":{"id":"1148196164","name":null,"names":{},"highway":"service","tags":{"highway":"service"},"width_m":4,"width_source":"Estimated from road class and direction","direction":"both","direction_source":"Default assumption; no direction tag","access":null,"base_graph_eligible":true,"bridge":false,"tunnel":false,"layer":0,"lanes":null,"maxspeed":null,"length_m":61.76,"surface_layer":"roads"},"geometry":{"type":"LineString","coordinates":[[79.8552391,6.93575],[79.8554148,6.935734],[79.8555046,6.935732700000002],[79.8556347,6.935745999999998],[79.85579180000002,6.935785000000002]]}},{"type":"Feature","id":"1148196165","properties":{"id":"1148196165","name":null,"names":{},"highway":"residential","tags":{"highway":"residential"},"width_m":6,"width_source":"Estimated from road class and direction","direction":"both","direction_source":"Default assumption; no direction tag","access":null,"base_graph_eligible":true,"bridge":false,"tunnel":false,"layer":0,"lanes":null,"maxspeed":null,"length_m":30.59,"surface_layer":"roads"},"geometry":{"type":"LineString","coordinates":[[79.85640529999999,6.9348744999999985],[79.85612959999999,6.934850000000001]]}},{"type":"Feature","id":"1148196166","properties":{"id":"1148196166","name":null,"names":{},"highway":"service","tags":{"highway":"service"},"width_m":4,"width_source":"Estimated from road class and direction","direction":"both","direction_source":"Default assumption; no direction tag","access":null,"base_graph_eligible":true,"bridge":false,"tunnel":false,"layer":0,"lanes":null,"maxspeed":null,"length_m":88.21,"surface_layer":"roads"},"geometry":{"type":"LineString","coordinates":[[79.8550755,6.934952500000001],[79.8556709,6.934899299999999],[79.8558684,6.934864999999999]]}},{"type":"Feature","id":"1161603513","properties":{"id":"1161603513","name":null,"names":{},"highway":"service","tags":{"highway":"service"},"width_m":4,"width_source":"Estimated from road class and direction","direction":"both","direction_source":"Default assumption; no direction tag","access":null,"base_graph_eligible":true,"bridge":false,"tunnel":false,"layer":0,"lanes":null,"maxspeed":null,"length_m":45.34,"surface_layer":"roads"},"geometry":{"type":"LineString","coordinates":[[79.8506484,6.936618000000002],[79.8506002,6.936740400000001],[79.8505907,6.936745100000001],[79.8505808,6.936744299999998],[79.8505184,6.9367245],[79.8503414,6.936648600000002]]}},{"type":"Feature","id":"1163785906","properties":{"id":"1163785906","name":null,"names":{},"highway":"service","tags":{"highway":"service"},"width_m":4,"width_source":"Estimated from road class and direction","direction":"both","direction_source":"Default assumption; no direction tag","access":null,"base_graph_eligible":true,"bridge":false,"tunnel":false,"layer":0,"lanes":null,"maxspeed":null,"length_m":68.21,"surface_layer":"roads"},"geometry":{"type":"LineString","coordinates":[[79.8615181,6.9350317000000015],[79.8614665,6.9351076],[79.8614356,6.9351503],[79.8613974,6.935156200000001],[79.8613653,6.935109600000001],[79.861372,6.935053700000001],[79.8614531,6.934945199999999],[79.8614739,6.9348886],[79.8614746,6.934838699999999],[79.8614437,6.934770100000001]]}},{"type":"Feature","id":"1163785907","properties":{"id":"1163785907","name":null,"names":{},"highway":"service","tags":{"highway":"service"},"width_m":4,"width_source":"Estimated from road class and direction","direction":"both","direction_source":"Default assumption; no direction tag","access":null,"base_graph_eligible":true,"bridge":false,"tunnel":false,"layer":0,"lanes":null,"maxspeed":null,"length_m":20.11,"surface_layer":"roads"},"geometry":{"type":"LineString","coordinates":[[79.8615335,6.934616300000003],[79.8614511,6.934726200000001],[79.8614437,6.934770100000001]]}},{"type":"Feature","id":"1163785909","properties":{"id":"1163785909","name":null,"names":{},"highway":"service","tags":{"highway":"service","surface":"concrete:plates"},"width_m":4,"width_source":"Estimated from road class and direction","direction":"both","direction_source":"Default assumption; no direction tag","access":null,"base_graph_eligible":true,"bridge":false,"tunnel":false,"layer":0,"lanes":null,"maxspeed":null,"length_m":59.56,"surface_layer":"roads"},"geometry":{"type":"LineString","coordinates":[[79.8607429,6.935093499999996],[79.8607306,6.935077500000001],[79.86056590000001,6.9350112999999975],[79.86045300000002,6.9349906],[79.86040720000001,6.9352122]]}},{"type":"Feature","id":"1163785910","properties":{"id":"1163785910","name":null,"names":{},"highway":"service","tags":{"highway":"service"},"width_m":4,"width_source":"Estimated from road class and direction","direction":"both","direction_source":"Default assumption; no direction tag","access":null,"base_graph_eligible":true,"bridge":false,"tunnel":false,"layer":0,"lanes":null,"maxspeed":null,"length_m":95.61,"surface_layer":"roads"},"geometry":{"type":"LineString","coordinates":[[79.8614883,6.934568700000001],[79.8615335,6.934616300000003],[79.8617503,6.9347577],[79.8618467,6.934917900000001],[79.8621511,6.935097599999999]]}},{"type":"Feature","id":"1163785911","properties":{"id":"1163785911","name":null,"names":{},"highway":"service","tags":{"highway":"service","surface":"compacted"},"width_m":4,"width_source":"Estimated from road class and direction","direction":"both","direction_source":"Default assumption; no direction tag","access":null,"base_graph_eligible":true,"bridge":false,"tunnel":false,"layer":0,"lanes":null,"maxspeed":null,"length_m":53.07,"surface_layer":"roads"},"geometry":{"type":"LineString","coordinates":[[79.85970900000001,6.934435300000001],[79.85995110000002,6.934632999999999],[79.85996780000002,6.9346523],[79.85998460000002,6.9346889],[79.85998610000001,6.9347906]]}},{"type":"Feature","id":"1163785912","properties":{"id":"1163785912","name":null,"names":{},"highway":"service","tags":{"highway":"service"},"width_m":4,"width_source":"Estimated from road class and direction","direction":"both","direction_source":"Default assumption; no direction tag","access":null,"base_graph_eligible":true,"bridge":false,"tunnel":false,"layer":0,"lanes":null,"maxspeed":null,"length_m":49.04,"surface_layer":"roads"},"geometry":{"type":"LineString","coordinates":[[79.8598981,6.9387127],[79.859465,6.9386159]]}},{"type":"Feature","id":"1163785913","properties":{"id":"1163785913","name":null,"names":{},"highway":"service","tags":{"highway":"service","surface":"asphalt"},"width_m":4,"width_source":"Estimated from road class and direction","direction":"both","direction_source":"Default assumption; no direction tag","access":null,"base_graph_eligible":true,"bridge":false,"tunnel":false,"layer":0,"lanes":null,"maxspeed":null,"length_m":27.91,"surface_layer":"roads"},"geometry":{"type":"LineString","coordinates":[[79.8607233,6.9363708],[79.860822,6.936603099999999]]}},{"type":"Feature","id":"1163785914","properties":{"id":"1163785914","name":null,"names":{},"highway":"service","tags":{"highway":"service","surface":"asphalt"},"width_m":4,"width_source":"Estimated from road class and direction","direction":"both","direction_source":"Default assumption; no direction tag","access":null,"base_graph_eligible":true,"bridge":false,"tunnel":false,"layer":0,"lanes":null,"maxspeed":null,"length_m":42.44,"surface_layer":"roads"},"geometry":{"type":"LineString","coordinates":[[79.8610535,6.936510100000001],[79.860822,6.936603099999999],[79.8607007,6.936661300000001]]}},{"type":"Feature","id":"1163785915","properties":{"id":"1163785915","name":null,"names":{},"highway":"service","tags":{"highway":"service","surface":"asphalt"},"width_m":4,"width_source":"Estimated from road class and direction","direction":"both","direction_source":"Default assumption; no direction tag","access":null,"base_graph_eligible":true,"bridge":false,"tunnel":false,"layer":0,"lanes":null,"maxspeed":null,"length_m":40.46,"surface_layer":"roads"},"geometry":{"type":"LineString","coordinates":[[79.8609214,6.936283799999998],[79.8607233,6.9363708],[79.8605862,6.936430999999999]]}},{"type":"Feature","id":"1163785916","properties":{"id":"1163785916","name":null,"names":{},"highway":"service","tags":{"highway":"service","surface":"concrete:plates"},"width_m":4,"width_source":"Estimated from road class and direction","direction":"both","direction_source":"Default assumption; no direction tag","access":null,"base_graph_eligible":true,"bridge":false,"tunnel":false,"layer":0,"lanes":null,"maxspeed":null,"length_m":93.56,"surface_layer":"roads"},"geometry":{"type":"LineString","coordinates":[[79.860691,6.935996899999999],[79.8607477,6.935927],[79.8608235,6.935863099999999],[79.8608717,6.935835200000001],[79.8608878,6.935812499999998],[79.8608744,6.935784600000001],[79.8608369,6.935748599999998],[79.86073020000002,6.9356933000000005],[79.8604064,6.935513]]}},{"type":"Feature","id":"1164305308","properties":{"id":"1164305308","name":null,"names":{},"highway":"service","tags":{"highway":"service"},"width_m":4,"width_source":"Estimated from road class and direction","direction":"both","direction_source":"Default assumption; no direction tag","access":null,"base_graph_eligible":true,"bridge":false,"tunnel":false,"layer":0,"lanes":null,"maxspeed":null,"length_m":57.01,"surface_layer":"roads"},"geometry":{"type":"LineString","coordinates":[[79.8545337,6.9367058],[79.85499770000001,6.936677900000001],[79.8550473,6.9366899]]}},{"type":"Feature","id":"1164305310","properties":{"id":"1164305310","name":null,"names":{},"highway":"service","tags":{"highway":"service"},"width_m":4,"width_source":"Estimated from road class and direction","direction":"both","direction_source":"Default assumption; no direction tag","access":null,"base_graph_eligible":true,"bridge":false,"tunnel":false,"layer":0,"lanes":null,"maxspeed":null,"length_m":39.28,"surface_layer":"roads"},"geometry":{"type":"LineString","coordinates":[[79.8550674,6.937042599999999],[79.8550684,6.936945300000001],[79.8550647,6.936751100000001],[79.8550473,6.9366899]]}},{"type":"Feature","id":"1168192376","properties":{"id":"1168192376","name":null,"names":{},"highway":"service","tags":{"highway":"service","surface":"paving_stones"},"width_m":4,"width_source":"Estimated from road class and direction","direction":"both","direction_source":"Default assumption; no direction tag","access":null,"base_graph_eligible":true,"bridge":false,"tunnel":false,"layer":0,"lanes":null,"maxspeed":null,"length_m":103.73,"surface_layer":"roads"},"geometry":{"type":"LineString","coordinates":[[79.84927119999999,6.9258038],[79.84920679999999,6.926130000000002],[79.849184,6.926152600000001],[79.84904990000001,6.926138000000003],[79.8490204,6.9261232999999995],[79.8491029,6.925726099999999]]}},{"type":"Feature","id":"1207956081","properties":{"id":"1207956081","name":"Sucharitha Mawatha","names":{},"highway":"residential","tags":{"highway":"residential","maxspeed":"30","name":"Sucharitha Mawatha"},"width_m":6,"width_source":"Estimated from road class and direction","direction":"both","direction_source":"Default assumption; no direction tag","access":null,"base_graph_eligible":true,"bridge":false,"tunnel":false,"layer":0,"lanes":null,"maxspeed":"30","length_m":68.91,"surface_layer":"roads"},"geometry":{"type":"LineString","coordinates":[[79.8590893,6.9362966],[79.8590147,6.9362884000000005],[79.8589498,6.9363364],[79.8589228,6.9364092],[79.8589001,6.9365211],[79.858856,6.936626999999999],[79.8587198,6.936712899999999]]}},{"type":"Feature","id":"1209651498","properties":{"id":"1209651498","name":null,"names":{},"highway":"service","tags":{"highway":"service"},"width_m":4,"width_source":"Estimated from road class and direction","direction":"both","direction_source":"Default assumption; no direction tag","access":null,"base_graph_eligible":true,"bridge":false,"tunnel":false,"layer":0,"lanes":null,"maxspeed":null,"length_m":61.43,"surface_layer":"roads"},"geometry":{"type":"LineString","coordinates":[[79.8526181,6.932135799999999],[79.85263760000001,6.9322279],[79.8526896,6.9324379],[79.8527079,6.932464499999998],[79.8528894,6.932575600000001]]}},{"type":"Feature","id":"1209651499","properties":{"id":"1209651499","name":null,"names":{},"highway":"service","tags":{"highway":"service"},"width_m":4,"width_source":"Estimated from road class and direction","direction":"both","direction_source":"Default assumption; no direction tag","access":null,"base_graph_eligible":true,"bridge":false,"tunnel":false,"layer":0,"lanes":null,"maxspeed":null,"length_m":97.44,"surface_layer":"roads"},"geometry":{"type":"LineString","coordinates":[[79.8555441,6.934660099999999],[79.8554144,6.934427200000002],[79.8553968,6.934421400000001],[79.855376,6.934421400000001],[79.8548214,6.934575599999999]]}},{"type":"Feature","id":"1209651500","properties":{"id":"1209651500","name":null,"names":{},"highway":"service","tags":{"highway":"service"},"width_m":4,"width_source":"Estimated from road class and direction","direction":"both","direction_source":"Default assumption; no direction tag","access":null,"base_graph_eligible":true,"bridge":false,"tunnel":false,"layer":0,"lanes":null,"maxspeed":null,"length_m":36.59,"surface_layer":"roads"},"geometry":{"type":"LineString","coordinates":[[79.85374,6.933727699999998],[79.853819,6.933747099999998],[79.8540615,6.933806799999999]]}},{"type":"Feature","id":"1234520893","properties":{"id":"1234520893","name":null,"names":{},"highway":"service","tags":{"highway":"service"},"width_m":4,"width_source":"Estimated from road class and direction","direction":"both","direction_source":"Default assumption; no direction tag","access":null,"base_graph_eligible":true,"bridge":false,"tunnel":false,"layer":0,"lanes":null,"maxspeed":null,"length_m":89.66,"surface_layer":"roads"},"geometry":{"type":"LineString","coordinates":[[79.8557674,6.9359486],[79.8549561,6.935950999999999]]}},{"type":"Feature","id":"1242101642","properties":{"id":"1242101642","name":null,"names":{},"highway":"service","tags":{"highway":"service"},"width_m":4,"width_source":"Estimated from road class and direction","direction":"both","direction_source":"Default assumption; no direction tag","access":null,"base_graph_eligible":true,"bridge":false,"tunnel":false,"layer":0,"lanes":null,"maxspeed":null,"length_m":86.85,"surface_layer":"roads"},"geometry":{"type":"LineString","coordinates":[[79.8612917,6.923829900000002],[79.8606551,6.923766400000001],[79.8606321,6.923767899999998],[79.8606047,6.9237772000000035],[79.86059,6.923796899999998],[79.8605838,6.9238194],[79.8605818,6.923834600000001],[79.860581,6.923849099999999],[79.8605802,6.923865399999999]]}},{"type":"Feature","id":"1242101643","properties":{"id":"1242101643","name":null,"names":{},"highway":"service","tags":{"highway":"service"},"width_m":4,"width_source":"Estimated from road class and direction","direction":"both","direction_source":"Default assumption; no direction tag","access":null,"base_graph_eligible":true,"bridge":false,"tunnel":false,"layer":0,"lanes":null,"maxspeed":null,"length_m":115.8,"surface_layer":"roads"},"geometry":{"type":"LineString","coordinates":[[79.8601274,6.923091899999999],[79.8606773,6.9231478],[79.8611708,6.923187699999997]]}},{"type":"Feature","id":"1242101644","properties":{"id":"1242101644","name":null,"names":{},"highway":"service","tags":{"highway":"service"},"width_m":4,"width_source":"Estimated from road class and direction","direction":"both","direction_source":"Default assumption; no direction tag","access":null,"base_graph_eligible":true,"bridge":false,"tunnel":false,"layer":0,"lanes":null,"maxspeed":null,"length_m":32.97,"surface_layer":"roads"},"geometry":{"type":"LineString","coordinates":[[79.8606345,6.923442800000001],[79.8606773,6.9231478]]}},{"type":"Feature","id":"1242101645","properties":{"id":"1242101645","name":null,"names":{},"highway":"residential","tags":{"highway":"residential"},"width_m":6,"width_source":"Estimated from road class and direction","direction":"both","direction_source":"Default assumption; no direction tag","access":null,"base_graph_eligible":true,"bridge":false,"tunnel":false,"layer":0,"lanes":null,"maxspeed":null,"length_m":61.36,"surface_layer":"roads"},"geometry":{"type":"LineString","coordinates":[[79.86284434899451,6.923438254223655],[79.8627989,6.923424700000001],[79.8627372,6.9233988],[79.8627178,6.923373500000001],[79.8627117,6.9233448],[79.86272710000001,6.9232996],[79.86282600000001,6.9229831]]}},{"type":"Feature","id":"1242101646","properties":{"id":"1242101646","name":null,"names":{},"highway":"residential","tags":{"highway":"residential"},"width_m":6,"width_source":"Estimated from road class and direction","direction":"both","direction_source":"Default assumption; no direction tag","access":null,"base_graph_eligible":true,"bridge":false,"tunnel":false,"layer":0,"lanes":null,"maxspeed":null,"length_m":22.82,"surface_layer":"roads"},"geometry":{"type":"LineString","coordinates":[[79.86284435268657,6.923825785418535],[79.862638,6.9238321]]}},{"type":"Feature","id":"1244835672","properties":{"id":"1244835672","name":null,"names":{},"highway":"residential","tags":{"highway":"residential"},"width_m":6,"width_source":"Estimated from road class and direction","direction":"both","direction_source":"Default assumption; no direction tag","access":null,"base_graph_eligible":true,"bridge":false,"tunnel":false,"layer":0,"lanes":null,"maxspeed":null,"length_m":60.55,"surface_layer":"roads"},"geometry":{"type":"LineString","coordinates":[[79.8607656,6.9246102],[79.8605382,6.924605099999999],[79.8605129,6.9245999],[79.8602663,6.9244810999999995],[79.8602459,6.924477000000002]]}},{"type":"Feature","id":"1245419337","properties":{"id":"1245419337","name":null,"names":{},"highway":"service","tags":{"highway":"service"},"width_m":4,"width_source":"Estimated from road class and direction","direction":"both","direction_source":"Default assumption; no direction tag","access":null,"base_graph_eligible":true,"bridge":false,"tunnel":false,"layer":0,"lanes":null,"maxspeed":null,"length_m":51.46,"surface_layer":"roads"},"geometry":{"type":"LineString","coordinates":[[79.8470216,6.935218499999999],[79.84655640012238,6.935239534166681]]}},{"type":"Feature","id":"1245419530","properties":{"id":"1245419530","name":null,"names":{},"highway":"service","tags":{"highway":"service","service":"parking_aisle","surface":"compacted"},"width_m":4,"width_source":"Estimated from road class and direction","direction":"both","direction_source":"Default assumption; no direction tag","access":null,"base_graph_eligible":true,"bridge":false,"tunnel":false,"layer":0,"lanes":null,"maxspeed":null,"length_m":113.78,"surface_layer":"roads"},"geometry":{"type":"LineString","coordinates":[[79.8476559,6.9322484],[79.8475636,6.9322219],[79.8473715,6.932176799999998],[79.8472622,6.932152799999999],[79.8472173,6.932150100000001],[79.8471844,6.932156800000001],[79.8471656,6.932177399999999],[79.8471663,6.932196100000001],[79.8471777,6.9322114],[79.8472039,6.932226],[79.8472977,6.932254],[79.8476414,6.932330399999998]]}},{"type":"Feature","id":"1245419531","properties":{"id":"1245419531","name":null,"names":{},"highway":"service","tags":{"highway":"service","service":"parking_aisle","surface":"compacted"},"width_m":4,"width_source":"Estimated from road class and direction","direction":"both","direction_source":"Default assumption; no direction tag","access":null,"base_graph_eligible":true,"bridge":false,"tunnel":false,"layer":0,"lanes":null,"maxspeed":null,"length_m":33.78,"surface_layer":"roads"},"geometry":{"type":"LineString","coordinates":[[79.8477313,6.932102999999996],[79.8474365,6.932022299999999]]}},{"type":"Feature","id":"1245419532","properties":{"id":"1245419532","name":null,"names":{},"highway":"service","tags":{"highway":"service","service":"parking_aisle","surface":"compacted"},"width_m":4,"width_source":"Estimated from road class and direction","direction":"both","direction_source":"Default assumption; no direction tag","access":null,"base_graph_eligible":true,"bridge":false,"tunnel":false,"layer":0,"lanes":null,"maxspeed":null,"length_m":24.85,"surface_layer":"roads"},"geometry":{"type":"LineString","coordinates":[[79.8477998,6.931955099999998],[79.84758,6.931907799999999]]}},{"type":"Feature","id":"1245423326","properties":{"id":"1245423326","name":null,"names":{},"highway":"service","tags":{"highway":"service","surface":"asphalt"},"width_m":4,"width_source":"Estimated from road class and direction","direction":"both","direction_source":"Default assumption; no direction tag","access":null,"base_graph_eligible":true,"bridge":false,"tunnel":false,"layer":0,"lanes":null,"maxspeed":null,"length_m":113.61,"surface_layer":"roads"},"geometry":{"type":"LineString","coordinates":[[79.84876829999999,6.9244192],[79.8488407,6.924467099999998],[79.84888229999999,6.924484500000001],[79.84896269999999,6.9244911],[79.84903919999999,6.9244964],[79.8491532,6.9245031],[79.84920139999998,6.924517699999997],[79.84923899999998,6.924554999999999],[79.84924969999999,6.924594999999998],[79.84924839999998,6.924650899999999],[79.84917329999999,6.924938399999999],[79.84912649999998,6.925055799999999]]}},{"type":"Feature","id":"1245423505","properties":{"id":"1245423505","name":null,"names":{},"highway":"service","tags":{"highway":"service"},"width_m":4,"width_source":"Estimated from road class and direction","direction":"both","direction_source":"Default assumption; no direction tag","access":null,"base_graph_eligible":true,"bridge":false,"tunnel":false,"layer":0,"lanes":null,"maxspeed":null,"length_m":33.0,"surface_layer":"roads"},"geometry":{"type":"LineString","coordinates":[[79.8510344,6.932447900000001],[79.8510385,6.9324900000000005],[79.8510448,6.9325385],[79.8510527,6.932597900000002],[79.8510553,6.932620599999999],[79.8510635,6.932679900000002],[79.8510719,6.932743900000002]]}},{"type":"Feature","id":"1245423506","properties":{"id":"1245423506","name":null,"names":{},"highway":"service","tags":{"highway":"service"},"width_m":4,"width_source":"Estimated from road class and direction","direction":"both","direction_source":"Default assumption; no direction tag","access":null,"base_graph_eligible":true,"bridge":false,"tunnel":false,"layer":0,"lanes":null,"maxspeed":null,"length_m":262.85,"surface_layer":"roads"},"geometry":{"type":"LineString","coordinates":[[79.852023,6.932194199999999],[79.8520391,6.932280400000002],[79.85207140000001,6.932460299999996],[79.8520968,6.9326161],[79.8520936,6.932646000000001],[79.8520854,6.932661300000002],[79.852066,6.9326793],[79.8520318,6.932688700000002],[79.8512533,6.932793800000001],[79.8512124,6.932793899999998],[79.8511842,6.932781200000001],[79.851148,6.932758599999999],[79.8511065,6.932746499999998],[79.8510719,6.932743900000002],[79.8510414,6.932746399999998],[79.8509136,6.932761299999998],[79.8506994,6.932791200000002],[79.8504413,6.932835800000001],[79.85022,6.9328764000000005]]}},{"type":"Feature","id":"1245423943","properties":{"id":"1245423943","name":null,"names":{},"highway":"service","tags":{"highway":"service"},"width_m":4,"width_source":"Estimated from road class and direction","direction":"both","direction_source":"Default assumption; no direction tag","access":null,"base_graph_eligible":true,"bridge":false,"tunnel":false,"layer":0,"lanes":null,"maxspeed":null,"length_m":103.13,"surface_layer":"roads"},"geometry":{"type":"LineString","coordinates":[[79.8612472,6.931605700000001],[79.861553,6.9319318],[79.86162410000001,6.932034300000001],[79.86169380000001,6.932150100000001],[79.86174210000001,6.932266],[79.86177560000002,6.9323605000000015]]}},{"type":"Feature","id":"1247298917","properties":{"id":"1247298917","name":"Justice Akbar Mawatha","names":{},"highway":"residential","tags":{"highway":"residential","lit":"yes","maxspeed":"60","name":"Justice Akbar Mawatha","surface":"asphalt"},"width_m":6,"width_source":"Estimated from road class and direction","direction":"both","direction_source":"Default assumption; no direction tag","access":null,"base_graph_eligible":true,"bridge":false,"tunnel":false,"layer":0,"lanes":null,"maxspeed":"60","length_m":25.83,"surface_layer":"roads"},"geometry":{"type":"LineString","coordinates":[[79.84874019999998,6.9233196],[79.8486127,6.9235153999999985]]}},{"type":"Feature","id":"1295712227","properties":{"id":"1295712227","name":null,"names":{},"highway":"residential","tags":{"highway":"residential"},"width_m":6,"width_source":"Estimated from road class and direction","direction":"both","direction_source":"Default assumption; no direction tag","access":null,"base_graph_eligible":true,"bridge":false,"tunnel":false,"layer":0,"lanes":null,"maxspeed":null,"length_m":106.17,"surface_layer":"roads"},"geometry":{"type":"LineString","coordinates":[[79.8618164,6.931041099999999],[79.8620311,6.9312647999999975],[79.86224030000001,6.9315184000000025],[79.862304,6.931618999999998],[79.86239050000002,6.931802]]}},{"type":"Feature","id":"1295712228","properties":{"id":"1295712228","name":null,"names":{},"highway":"residential","tags":{"highway":"residential"},"width_m":6,"width_source":"Estimated from road class and direction","direction":"both","direction_source":"Default assumption; no direction tag","access":null,"base_graph_eligible":true,"bridge":false,"tunnel":false,"layer":0,"lanes":null,"maxspeed":null,"length_m":53.87,"surface_layer":"roads"},"geometry":{"type":"LineString","coordinates":[[79.86270650000002,6.9311843],[79.8623805,6.931546400000001]]}},{"type":"Feature","id":"1299316854","properties":{"id":"1299316854","name":null,"names":{},"highway":"residential","tags":{"highway":"residential"},"width_m":6,"width_source":"Estimated from road class and direction","direction":"both","direction_source":"Default assumption; no direction tag","access":null,"base_graph_eligible":true,"bridge":false,"tunnel":false,"layer":0,"lanes":null,"maxspeed":null,"length_m":70.53,"surface_layer":"roads"},"geometry":{"type":"LineString","coordinates":[[79.8624775,6.939143999999999],[79.8626688,6.9386934],[79.8627144,6.938552299999999]]}},{"type":"Feature","id":"1306282658","properties":{"id":"1306282658","name":null,"names":{},"highway":"service","tags":{"highway":"service"},"width_m":4,"width_source":"Estimated from road class and direction","direction":"both","direction_source":"Default assumption; no direction tag","access":null,"base_graph_eligible":true,"bridge":false,"tunnel":false,"layer":0,"lanes":null,"maxspeed":null,"length_m":28.32,"surface_layer":"roads"},"geometry":{"type":"LineString","coordinates":[[79.8540133,6.934055899999998],[79.8540113,6.933998699999999],[79.8540234,6.9339268],[79.8540615,6.933806799999999]]}},{"type":"Feature","id":"1328043426","properties":{"id":"1328043426","name":null,"names":{},"highway":"service","tags":{"highway":"service","oneway":"yes","service":"driveway"},"width_m":3.5,"width_source":"Estimated from road class and direction","direction":"forward","direction_source":"OSM tag","access":null,"base_graph_eligible":true,"bridge":false,"tunnel":false,"layer":0,"lanes":null,"maxspeed":null,"length_m":3.89,"surface_layer":"roads"},"geometry":{"type":"LineString","coordinates":[[79.84796609999998,6.924236300000001],[79.84798639999998,6.924207599999997]]}},{"type":"Feature","id":"1328043427","properties":{"id":"1328043427","name":null,"names":{},"highway":"service","tags":{"bridge":"yes","highway":"service","layer":"1","oneway":"yes","service":"driveway","surface":"asphalt"},"width_m":3.5,"width_source":"Estimated from road class and direction","direction":"forward","direction_source":"OSM tag","access":null,"base_graph_eligible":true,"bridge":true,"tunnel":false,"layer":1,"lanes":null,"maxspeed":null,"length_m":57.81,"surface_layer":"bridges"},"geometry":{"type":"LineString","coordinates":[[79.84798639999998,6.924207599999997],[79.8480176,6.9236858]]}},{"type":"Feature","id":"1328043428","properties":{"id":"1328043428","name":null,"names":{},"highway":"service","tags":{"highway":"service","oneway":"yes","service":"driveway"},"width_m":3.5,"width_source":"Estimated from road class and direction","direction":"forward","direction_source":"OSM tag","access":null,"base_graph_eligible":true,"bridge":false,"tunnel":false,"layer":0,"lanes":null,"maxspeed":null,"length_m":2.54,"surface_layer":"roads"},"geometry":{"type":"LineString","coordinates":[[79.84783189999999,6.924245199999999],[79.84783149999998,6.924268200000001]]}},{"type":"Feature","id":"1328043429","properties":{"id":"1328043429","name":null,"names":{},"highway":"service","tags":{"bridge":"yes","highway":"service","layer":"1","oneway":"yes","service":"driveway","surface":"asphalt"},"width_m":3.5,"width_source":"Estimated from road class and direction","direction":"forward","direction_source":"OSM tag","access":null,"base_graph_eligible":true,"bridge":true,"tunnel":false,"layer":1,"lanes":null,"maxspeed":null,"length_m":60.39,"surface_layer":"bridges"},"geometry":{"type":"LineString","coordinates":[[79.8478595,6.9236998000000005],[79.84784239999999,6.9240575],[79.84783189999999,6.924245199999999]]}},{"type":"Feature","id":"1328043430","properties":{"id":"1328043430","name":"Justice Akbar Mawatha","names":{},"highway":"primary","tags":{"bridge":"yes","highway":"primary","layer":"1","lit":"yes","loc_name":"Bridge Street","maxspeed":"60","name":"Justice Akbar Mawatha","note":"Road Type Updated.","oneway":"yes","surface":"asphalt"},"width_m":7.0,"width_source":"Estimated from road class and direction","direction":"forward","direction_source":"OSM tag","access":null,"base_graph_eligible":true,"bridge":true,"tunnel":false,"layer":1,"lanes":null,"maxspeed":"60","length_m":29.78,"surface_layer":"bridges"},"geometry":{"type":"LineString","coordinates":[[79.84829909999999,6.923574800000001],[79.8485641,6.923623700000001]]}},{"type":"Feature","id":"1328043431","properties":{"id":"1328043431","name":"Sir Mohamed Macan Makar Mawatha","names":{},"highway":"primary","tags":{"highway":"primary","lit":"yes","loc_name":"Church Road","maxspeed":"60","name":"Sir Mohamed Macan Makar Mawatha","note":"Road name spelling corrected and road type updated.","oneway":"yes","sidewalk":"both","surface":"asphalt"},"width_m":7.0,"width_source":"Estimated from road class and direction","direction":"forward","direction_source":"OSM tag","access":null,"base_graph_eligible":true,"bridge":false,"tunnel":false,"layer":0,"lanes":null,"maxspeed":"60","length_m":42.27,"surface_layer":"roads"},"geometry":{"type":"LineString","coordinates":[[79.8479826,6.9233054],[79.84789,6.9231167],[79.8478213,6.9229697],[79.84781714228306,6.922960815413998]]}},{"type":"Feature","id":"1328043432","properties":{"id":"1328043432","name":"Sir Mohamed Macan Makar Mawatha","names":{},"highway":"primary","tags":{"highway":"primary","lit":"yes","loc_name":"Church Road","maxspeed":"60","name":"Sir Mohamed Macan Makar Mawatha","note":"Road name spelling corrected and road type updated.","oneway":"yes","sidewalk":"both","surface":"asphalt"},"width_m":7.0,"width_source":"Estimated from road class and direction","direction":"forward","direction_source":"OSM tag","access":null,"base_graph_eligible":true,"bridge":false,"tunnel":false,"layer":0,"lanes":null,"maxspeed":"60","length_m":41.06,"surface_layer":"roads"},"geometry":{"type":"LineString","coordinates":[[79.84778494936232,6.9229608147018205],[79.8477864,6.922978700000002],[79.8478012,6.923160199999999],[79.8477972,6.923242999999999],[79.8477829,6.9233302000000005]]}},{"type":"Feature","id":"1328043433","properties":{"id":"1328043433","name":"Justice Akbar Mawatha","names":{},"highway":"primary","tags":{"highway":"primary","loc_name":"Bridge Street","name":"Justice Akbar Mawatha","note":"Road Type Updated.","oneway":"yes"},"width_m":7.0,"width_source":"Estimated from road class and direction","direction":"forward","direction_source":"OSM tag","access":null,"base_graph_eligible":true,"bridge":false,"tunnel":false,"layer":0,"lanes":null,"maxspeed":null,"length_m":19.37,"surface_layer":"roads"},"geometry":{"type":"LineString","coordinates":[[79.848285,6.9235066],[79.8481807,6.923457299999997],[79.8481554,6.923452599999997],[79.84812129999999,6.923451200000001]]}},{"type":"Feature","id":"1328043434","properties":{"id":"1328043434","name":"Sir Mohamed Macan Markar Mawatha","names":{},"highway":"primary","tags":{"highway":"primary","lit":"yes","maxspeed":"60","name":"Sir Mohamed Macan Markar Mawatha","oneway":"yes","sidewalk":"both","surface":"asphalt"},"width_m":7.0,"width_source":"Estimated from road class and direction","direction":"forward","direction_source":"OSM tag","access":null,"base_graph_eligible":true,"bridge":false,"tunnel":false,"layer":0,"lanes":null,"maxspeed":"60","length_m":8.74,"surface_layer":"roads"},"geometry":{"type":"LineString","coordinates":[[79.8477829,6.9233302000000005],[79.84775990000001,6.923355699999998],[79.8477428,6.923397]]}},{"type":"Feature","id":"1328043435","properties":{"id":"1328043435","name":"Justice Akbar Mawatha","names":{"name:zh":"童心路"},"highway":"primary","tags":{"highway":"primary","lit":"yes","loc_name":"Bridge Street","maxspeed":"60","name":"Justice Akbar Mawatha","name:zh":"童心路","note":"Road Type Updated.","oneway":"yes","sidewalk":"left","surface":"asphalt"},"width_m":7.0,"width_source":"Estimated from road class and direction","direction":"forward","direction_source":"OSM tag","access":null,"base_graph_eligible":true,"bridge":false,"tunnel":false,"layer":0,"lanes":null,"maxspeed":"60","length_m":26.69,"surface_layer":"roads"},"geometry":{"type":"LineString","coordinates":[[79.8480596,6.923544399999998],[79.8481714,6.923561999999996],[79.84829909999999,6.923574800000001]]}},{"type":"Feature","id":"1328043436","properties":{"id":"1328043436","name":"Justice Akbar Mawatha","names":{},"highway":"primary","tags":{"highway":"primary","lit":"yes","loc_name":"Bridge Street","maxspeed":"60","name":"Justice Akbar Mawatha","note":"Road Type Updated.","oneway":"yes","surface":"asphalt"},"width_m":7.0,"width_source":"Estimated from road class and direction","direction":"forward","direction_source":"OSM tag","access":null,"base_graph_eligible":true,"bridge":false,"tunnel":false,"layer":0,"lanes":null,"maxspeed":"60","length_m":239.55,"surface_layer":"roads"},"geometry":{"type":"LineString","coordinates":[[79.8485641,6.923623700000001],[79.8486314,6.9236353],[79.84891659999998,6.923694299999999],[79.84949859999999,6.9238009],[79.8495417,6.923809199999999],[79.84964299999999,6.923828399999999],[79.84996129999999,6.9238764],[79.85012429999999,6.923894200000001],[79.85028599999998,6.923905300000001],[79.85051099999998,6.923906],[79.85057269999999,6.9239099999999985],[79.8506089,6.923940600000001],[79.85064589999999,6.9240195]]}},{"type":"Feature","id":"1328043437","properties":{"id":"1328043437","name":"Justice Akbar Mawatha","names":{},"highway":"primary","tags":{"highway":"primary","lit":"yes","loc_name":"Bridge Street","maxspeed":"60","name":"Justice Akbar Mawatha","note":"Road Type Updated.","oneway":"yes","surface":"asphalt"},"width_m":7.0,"width_source":"Estimated from road class and direction","direction":"forward","direction_source":"OSM tag","access":null,"base_graph_eligible":true,"bridge":false,"tunnel":false,"layer":0,"lanes":null,"maxspeed":"60","length_m":36.08,"surface_layer":"roads"},"geometry":{"type":"LineString","coordinates":[[79.85079609999998,6.923806299999998],[79.85047409999999,6.9238601]]}},{"type":"Feature","id":"1328043438","properties":{"id":"1328043438","name":"Justice Akbar Mawatha","names":{},"highway":"primary","tags":{"bridge":"yes","highway":"primary","layer":"2","lit":"yes","loc_name":"Bridge Street","maxspeed":"60","name":"Justice Akbar Mawatha","note":"Road Type Updated.","oneway":"yes","surface":"asphalt"},"width_m":7.0,"width_source":"Estimated from road class and direction","direction":"forward","direction_source":"OSM tag","access":null,"base_graph_eligible":true,"bridge":true,"tunnel":false,"layer":2,"lanes":null,"maxspeed":"60","length_m":83.58,"surface_layer":"bridges"},"geometry":{"type":"LineString","coordinates":[[79.8493781,6.9237164],[79.84891579999999,6.923637599999999],[79.84863369999998,6.923583200000001]]}},{"type":"Feature","id":"1346629311","properties":{"id":"1346629311","name":null,"names":{},"highway":"service","tags":{"highway":"service","service":"parking_aisle","surface":"concrete"},"width_m":4,"width_source":"Estimated from road class and direction","direction":"both","direction_source":"Default assumption; no direction tag","access":null,"base_graph_eligible":true,"bridge":false,"tunnel":false,"layer":0,"lanes":null,"maxspeed":null,"length_m":28.45,"surface_layer":"roads"},"geometry":{"type":"LineString","coordinates":[[79.847611,6.9325017],[79.8476414,6.932330399999998],[79.8476559,6.9322484]]}},{"type":"Feature","id":"1348762681","properties":{"id":"1348762681","name":null,"names":{},"highway":"service","tags":{"bridge":"yes","highway":"service","layer":"2","oneway":"yes","service":"driveway","surface":"asphalt"},"width_m":3.5,"width_source":"Estimated from road class and direction","direction":"forward","direction_source":"OSM tag","access":null,"base_graph_eligible":true,"bridge":true,"tunnel":false,"layer":2,"lanes":null,"maxspeed":null,"length_m":48.47,"surface_layer":"bridges"},"geometry":{"type":"LineString","coordinates":[[79.84790999999998,6.923841599999999],[79.84788709999998,6.9242793]]}},{"type":"Feature","id":"1348762682","properties":{"id":"1348762682","name":null,"names":{},"highway":"service","tags":{"highway":"service","oneway":"yes","service":"driveway","surface":"asphalt"},"width_m":3.5,"width_source":"Estimated from road class and direction","direction":"forward","direction_source":"OSM tag","access":null,"base_graph_eligible":true,"bridge":false,"tunnel":false,"layer":0,"lanes":null,"maxspeed":null,"length_m":14.58,"surface_layer":"roads"},"geometry":{"type":"LineString","coordinates":[[79.8480176,6.9236858],[79.8480319,6.9235547]]}},{"type":"Feature","id":"1348762683","properties":{"id":"1348762683","name":null,"names":{},"highway":"service","tags":{"highway":"service","oneway":"yes","service":"driveway","surface":"asphalt"},"width_m":3.5,"width_source":"Estimated from road class and direction","direction":"forward","direction_source":"OSM tag","access":null,"base_graph_eligible":true,"bridge":false,"tunnel":false,"layer":0,"lanes":null,"maxspeed":null,"length_m":16.37,"surface_layer":"roads"},"geometry":{"type":"LineString","coordinates":[[79.8478657,6.9235532],[79.84790580000002,6.923695699999997]]}},{"type":"Feature","id":"1348762685","properties":{"id":"1348762685","name":null,"names":{},"highway":"service","tags":{"bridge":"yes","highway":"service","layer":"1","oneway":"yes","service":"driveway","surface":"asphalt"},"width_m":3.5,"width_source":"Estimated from road class and direction","direction":"forward","direction_source":"OSM tag","access":null,"base_graph_eligible":true,"bridge":true,"tunnel":false,"layer":1,"lanes":null,"maxspeed":null,"length_m":16.15,"surface_layer":"bridges"},"geometry":{"type":"LineString","coordinates":[[79.84790580000002,6.923695699999997],[79.84790949999999,6.923762699999999],[79.84790999999998,6.923841599999999]]}},{"type":"Feature","id":"1348762686","properties":{"id":"1348762686","name":null,"names":{},"highway":"service","tags":{"highway":"service","oneway":"yes","service":"driveway","surface":"asphalt"},"width_m":3.5,"width_source":"Estimated from road class and direction","direction":"forward","direction_source":"OSM tag","access":null,"base_graph_eligible":true,"bridge":false,"tunnel":false,"layer":0,"lanes":null,"maxspeed":null,"length_m":16.39,"surface_layer":"roads"},"geometry":{"type":"LineString","coordinates":[[79.84797119999999,6.9236899],[79.8480319,6.9235547]]}},{"type":"Feature","id":"1348762687","properties":{"id":"1348762687","name":null,"names":{},"highway":"service","tags":{"bridge":"yes","highway":"service","layer":"1","oneway":"yes","service":"driveway","surface":"asphalt"},"width_m":3.5,"width_source":"Estimated from road class and direction","direction":"forward","direction_source":"OSM tag","access":null,"base_graph_eligible":true,"bridge":true,"tunnel":false,"layer":1,"lanes":null,"maxspeed":null,"length_m":17.15,"surface_layer":"bridges"},"geometry":{"type":"LineString","coordinates":[[79.8479412,6.923841699999999],[79.8479501,6.923768599999999],[79.84797119999999,6.9236899]]}},{"type":"Feature","id":"1348762688","properties":{"id":"1348762688","name":null,"names":{},"highway":"service","tags":{"highway":"service","layer":"2","oneway":"yes","service":"driveway","surface":"asphalt"},"width_m":3.5,"width_source":"Estimated from road class and direction","direction":"forward","direction_source":"OSM tag","access":null,"base_graph_eligible":true,"bridge":false,"tunnel":false,"layer":2,"lanes":null,"maxspeed":null,"length_m":72.82,"surface_layer":"roads"},"geometry":{"type":"LineString","coordinates":[[79.84788709999998,6.9242793],[79.8478834,6.9243307000000005],[79.84782689999999,6.9244055000000015],[79.84778089999999,6.924831899999998],[79.84784969999998,6.9248807]]}},{"type":"Feature","id":"1348762689","properties":{"id":"1348762689","name":null,"names":{},"highway":"service","tags":{"bridge":"yes","highway":"service","layer":"2","oneway":"yes","service":"driveway","surface":"asphalt"},"width_m":3.5,"width_source":"Estimated from road class and direction","direction":"forward","direction_source":"OSM tag","access":null,"base_graph_eligible":true,"bridge":true,"tunnel":false,"layer":2,"lanes":null,"maxspeed":null,"length_m":48.01,"surface_layer":"bridges"},"geometry":{"type":"LineString","coordinates":[[79.8479175,6.924275199999999],[79.8479412,6.923841699999999]]}},{"type":"Feature","id":"1348762691","properties":{"id":"1348762691","name":null,"names":{},"highway":"service","tags":{"highway":"service","layer":"1","service":"driveway"},"width_m":4,"width_source":"Estimated from road class and direction","direction":"both","direction_source":"Default assumption; no direction tag","access":null,"base_graph_eligible":true,"bridge":false,"tunnel":false,"layer":1,"lanes":null,"maxspeed":null,"length_m":56.41,"surface_layer":"roads"},"geometry":{"type":"LineString","coordinates":[[79.84796609999998,6.924236300000001],[79.84783149999998,6.924268200000001],[79.84746939999998,6.924353899999998]]}},{"type":"Feature","id":"1348846194","properties":{"id":"1348846194","name":null,"names":{},"highway":"primary_link","tags":{"bridge":"yes","highway":"primary_link","layer":"2","oneway":"yes"},"width_m":7.0,"width_source":"Estimated from road class and direction","direction":"forward","direction_source":"OSM tag","access":null,"base_graph_eligible":true,"bridge":true,"tunnel":false,"layer":2,"lanes":null,"maxspeed":null,"length_m":147.93,"surface_layer":"bridges"},"geometry":{"type":"LineString","coordinates":[[79.8493781,6.9237164],[79.8492772,6.923655000000003],[79.84919199999999,6.923611099999997],[79.84870789999998,6.9234806],[79.8486114,6.923437999999996],[79.8485335,6.923354800000001],[79.8484994,6.9232616],[79.848498,6.9231132],[79.8485067,6.923079199999999],[79.84852994228909,6.922960830624293]]}},{"type":"Feature","id":"1348853550","properties":{"id":"1348853550","name":null,"names":{},"highway":"service","tags":{"highway":"service","surface":"asphalt"},"width_m":4,"width_source":"Estimated from road class and direction","direction":"both","direction_source":"Default assumption; no direction tag","access":null,"base_graph_eligible":true,"bridge":false,"tunnel":false,"layer":0,"lanes":null,"maxspeed":null,"length_m":81.9,"surface_layer":"roads"},"geometry":{"type":"LineString","coordinates":[[79.84876829999999,6.9244192],[79.84877239999999,6.924353999999999],[79.84891659999998,6.923694299999999]]}},{"type":"Feature","id":"1348853551","properties":{"id":"1348853551","name":null,"names":{},"highway":"primary","tags":{"bridge":"yes","highway":"primary","layer":"1","oneway":"yes"},"width_m":7.0,"width_source":"Estimated from road class and direction","direction":"forward","direction_source":"OSM tag","access":null,"base_graph_eligible":true,"bridge":true,"tunnel":false,"layer":1,"lanes":null,"maxspeed":null,"length_m":280.38,"surface_layer":"bridges"},"geometry":{"type":"LineString","coordinates":[[79.84687380000001,6.926807399999999],[79.8476995,6.926634700000001],[79.8478337,6.926615299999999],[79.8479675,6.9266144],[79.8480834,6.926621400000002],[79.8482146,6.926641699999999],[79.8483394,6.926670399999999],[79.8486463,6.9267587000000015],[79.84928320000002,6.926936099999999],[79.8493443,6.9269627]]}},{"type":"Feature","id":"1348853553","properties":{"id":"1348853553","name":"Glenie Street","names":{},"highway":"residential","tags":{"highway":"residential","maxspeed":"30","name":"Glenie Street","surface":"asphalt"},"width_m":6,"width_source":"Estimated from road class and direction","direction":"both","direction_source":"Default assumption; no direction tag","access":null,"base_graph_eligible":true,"bridge":false,"tunnel":false,"layer":0,"lanes":null,"maxspeed":"30","length_m":213.51,"surface_layer":"roads"},"geometry":{"type":"LineString","coordinates":[[79.8485057,6.9249301999999995],[79.8483227,6.925724199999999],[79.8483642,6.925848499999998],[79.84846039999998,6.926136499999999],[79.8484661,6.926299900000001],[79.8484378,6.9264177],[79.84827859999999,6.926780900000001]]}},{"type":"Feature","id":"1389766237","properties":{"id":"1389766237","name":null,"names":{},"highway":"service","tags":{"highway":"service"},"width_m":4,"width_source":"Estimated from road class and direction","direction":"both","direction_source":"Default assumption; no direction tag","access":null,"base_graph_eligible":true,"bridge":false,"tunnel":false,"layer":0,"lanes":null,"maxspeed":null,"length_m":113.77,"surface_layer":"roads"},"geometry":{"type":"LineString","coordinates":[[79.8535686,6.934293199999998],[79.8527567,6.9344926],[79.8527171,6.934517200000001],[79.8527037,6.9345758],[79.8527125,6.934611699999999],[79.8527487,6.934645700000003]]}},{"type":"Feature","id":"1389766238","properties":{"id":"1389766238","name":null,"names":{},"highway":"service","tags":{"highway":"service"},"width_m":4,"width_source":"Estimated from road class and direction","direction":"both","direction_source":"Default assumption; no direction tag","access":null,"base_graph_eligible":true,"bridge":false,"tunnel":false,"layer":0,"lanes":null,"maxspeed":null,"length_m":45.26,"surface_layer":"roads"},"geometry":{"type":"LineString","coordinates":[[79.8520707,6.934409999999999],[79.8524704,6.934320799999999]]}},{"type":"Feature","id":"1389766239","properties":{"id":"1389766239","name":null,"names":{},"highway":"service","tags":{"highway":"service"},"width_m":4,"width_source":"Estimated from road class and direction","direction":"both","direction_source":"Default assumption; no direction tag","access":null,"base_graph_eligible":true,"bridge":false,"tunnel":false,"layer":0,"lanes":null,"maxspeed":null,"length_m":19.87,"surface_layer":"roads"},"geometry":{"type":"LineString","coordinates":[[79.8518375,6.934521000000004],[79.8519252,6.934364100000001]]}},{"type":"Feature","id":"1389766241","properties":{"id":"1389766241","name":null,"names":{},"highway":"service","tags":{"highway":"service"},"width_m":4,"width_source":"Estimated from road class and direction","direction":"both","direction_source":"Default assumption; no direction tag","access":null,"base_graph_eligible":true,"bridge":false,"tunnel":false,"layer":0,"lanes":null,"maxspeed":null,"length_m":75.45,"surface_layer":"roads"},"geometry":{"type":"LineString","coordinates":[[79.8534071,6.933645900000004],[79.8534159,6.933812900000003],[79.8534447,6.933913499999997],[79.853609,6.933856200000001],[79.853722,6.9337975],[79.853819,6.933747099999998]]}},{"type":"Feature","id":"1389766242","properties":{"id":"1389766242","name":null,"names":{},"highway":"service","tags":{"highway":"service"},"width_m":4,"width_source":"Estimated from road class and direction","direction":"both","direction_source":"Default assumption; no direction tag","access":null,"base_graph_eligible":true,"bridge":false,"tunnel":false,"layer":0,"lanes":null,"maxspeed":null,"length_m":387.46,"surface_layer":"roads"},"geometry":{"type":"LineString","coordinates":[[79.8520707,6.934409999999999],[79.8519252,6.934364100000001],[79.8519118,6.934333499999998],[79.8519259,6.934297600000001],[79.852233,6.934214999999997],[79.853324,6.933944699999999],[79.8534447,6.933913499999997],[79.853501,6.934053200000002],[79.8535312,6.934174399999999],[79.8535686,6.934293199999998],[79.8536499,6.9346323000000005],[79.8536452,6.9346663],[79.8535694,6.934722199999998],[79.8534232,6.934753499999999],[79.8531128,6.9347428],[79.8527487,6.934645700000003]]}},{"type":"Feature","id":"1421800070","properties":{"id":"1421800070","name":null,"names":{},"highway":"service","tags":{"highway":"service"},"width_m":4,"width_source":"Estimated from road class and direction","direction":"both","direction_source":"Default assumption; no direction tag","access":null,"base_graph_eligible":true,"bridge":false,"tunnel":false,"layer":0,"lanes":null,"maxspeed":null,"length_m":101.51,"surface_layer":"roads"},"geometry":{"type":"LineString","coordinates":[[79.8486194,6.937588499999997],[79.8484276,6.9377188999999975],[79.8483512,6.9377749],[79.8482372,6.937896],[79.84799980000001,6.938248799999999]]}},{"type":"Feature","id":"1421800071","properties":{"id":"1421800071","name":null,"names":{},"highway":"service","tags":{"highway":"service"},"width_m":4,"width_source":"Estimated from road class and direction","direction":"both","direction_source":"Default assumption; no direction tag","access":null,"base_graph_eligible":true,"bridge":false,"tunnel":false,"layer":0,"lanes":null,"maxspeed":null,"length_m":1.67,"surface_layer":"roads"},"geometry":{"type":"LineString","coordinates":[[79.84655630132791,6.939222502045707],[79.84656029563457,6.939237056074651]]}},{"type":"Feature","id":"1442158480","properties":{"id":"1442158480","name":null,"names":{},"highway":"service","tags":{"highway":"service"},"width_m":4,"width_source":"Estimated from road class and direction","direction":"both","direction_source":"Default assumption; no direction tag","access":null,"base_graph_eligible":true,"bridge":false,"tunnel":false,"layer":0,"lanes":null,"maxspeed":null,"length_m":97.26,"surface_layer":"roads"},"geometry":{"type":"LineString","coordinates":[[79.8620341,6.934328399999999],[79.86284445607319,6.934671504782821]]}},{"type":"Feature","id":"1442158481","properties":{"id":"1442158481","name":null,"names":{},"highway":"service","tags":{"highway":"service"},"width_m":4,"width_source":"Estimated from road class and direction","direction":"both","direction_source":"Default assumption; no direction tag","access":null,"base_graph_eligible":true,"bridge":false,"tunnel":false,"layer":0,"lanes":null,"maxspeed":null,"length_m":20.76,"surface_layer":"roads"},"geometry":{"type":"LineString","coordinates":[[79.8627177,6.935151900000001],[79.86284445933317,6.935013300112629]]}},{"type":"Feature","id":"1442158482","properties":{"id":"1442158482","name":null,"names":{},"highway":"service","tags":{"highway":"service"},"width_m":4,"width_source":"Estimated from road class and direction","direction":"both","direction_source":"Default assumption; no direction tag","access":null,"base_graph_eligible":true,"bridge":false,"tunnel":false,"layer":0,"lanes":null,"maxspeed":null,"length_m":3.35,"surface_layer":"roads"},"geometry":{"type":"LineString","coordinates":[[79.8628227,6.935233200000001],[79.86284446122924,6.93521209135247]]}},{"type":"Feature","id":"1442158483","properties":{"id":"1442158483","name":null,"names":{},"highway":"service","tags":{"highway":"service"},"width_m":4,"width_source":"Estimated from road class and direction","direction":"both","direction_source":"Default assumption; no direction tag","access":null,"base_graph_eligible":true,"bridge":false,"tunnel":false,"layer":0,"lanes":null,"maxspeed":null,"length_m":129.42,"surface_layer":"roads"},"geometry":{"type":"LineString","coordinates":[[79.8619693,6.934472999999999],[79.8624516,6.9349191999999995],[79.8627177,6.935151900000001],[79.8627318,6.935164200000001],[79.8628227,6.935233200000001],[79.86284446158858,6.935249763588304]]}},{"type":"Feature","id":"1442158484","properties":{"id":"1442158484","name":null,"names":{},"highway":"service","tags":{"highway":"service"},"width_m":4,"width_source":"Estimated from road class and direction","direction":"both","direction_source":"Default assumption; no direction tag","access":null,"base_graph_eligible":true,"bridge":false,"tunnel":false,"layer":0,"lanes":null,"maxspeed":null,"length_m":99.64,"surface_layer":"roads"},"geometry":{"type":"LineString","coordinates":[[79.8617602,6.934116399999999],[79.861962,6.934201699999999],[79.8620278,6.934256299999999],[79.8620452,6.934297499999998],[79.8620341,6.934328399999999],[79.8619929,6.934442599999999],[79.8619693,6.934472999999999],[79.8618065,6.9346823],[79.86178100000001,6.9347156],[79.8617503,6.9347577]]}},{"type":"Feature","id":"1457550326","properties":{"id":"1457550326","name":"Main Street","names":{},"highway":"primary","tags":{"highway":"primary","lanes":"2","lit":"yes","maxspeed":"60","name":"Main Street","note":"Road declared in Gazette 06-06-1989 as AC17-Main Street. Starts at the end of Lotus Road. No one may alter this trace unless redefined and issued in a new Gazette.","oneway":"yes","ref":"AC17","surface":"asphalt"},"width_m":6.4,"width_source":"Estimated: mapped lanes × 3.2 m","direction":"forward","direction_source":"OSM tag","access":null,"base_graph_eligible":true,"bridge":false,"tunnel":false,"layer":0,"lanes":2,"maxspeed":"60","length_m":7.11,"surface_layer":"roads"},"geometry":{"type":"LineString","coordinates":[[79.8470463,6.9365732],[79.84698390000001,6.936557399999999]]}},{"type":"Feature","id":"1457559753","properties":{"id":"1457559753","name":"Main Street","names":{},"highway":"primary","tags":{"highway":"primary","lanes":"2","lit":"yes","maxspeed":"60","name":"Main Street","note":"Road declared in Gazette 06-06-1989 as AC17-Main Street. Starts at the end of Lotus Road. No one may alter this trace unless redefined and issued in a new Gazette.","oneway":"yes","ref":"AC17","surface":"asphalt"},"width_m":6.4,"width_source":"Estimated: mapped lanes × 3.2 m","direction":"forward","direction_source":"OSM tag","access":null,"base_graph_eligible":true,"bridge":false,"tunnel":false,"layer":0,"lanes":2,"maxspeed":"60","length_m":27.76,"surface_layer":"roads"},"geometry":{"type":"LineString","coordinates":[[79.8469756,6.936662800000001],[79.8472204,6.936719000000002]]}},{"type":"Feature","id":"1457568093","properties":{"id":"1457568093","name":"Main Street","names":{},"highway":"primary","tags":{"highway":"primary","name":"Main Street","note":"Road declared in Gazette 06-06-1989 as AC17-Main Street. No one may alter this trace unless redefined and issued in a new Gazette.","oneway":"yes","ref":"AC17"},"width_m":7.0,"width_source":"Estimated from road class and direction","direction":"forward","direction_source":"OSM tag","access":null,"base_graph_eligible":true,"bridge":false,"tunnel":false,"layer":0,"lanes":null,"maxspeed":null,"length_m":47.64,"surface_layer":"roads"},"geometry":{"type":"LineString","coordinates":[[79.8530976,6.938622200000003],[79.8530443,6.9385616],[79.852826,6.9384451],[79.8527802,6.9384256],[79.8527286,6.938413299999999]]}},{"type":"Feature","id":"1457570745","properties":{"id":"1457570745","name":"N. H. M. Abdul Cader Mawatha","names":{"name:zh":"洋滩路","name:zh-Hans":"洋滩路","name:zh-Hant":"洋灘路"},"highway":"primary","tags":{"highway":"primary","is_in":"Pettah, Colombo, Western Province, Sri Lanka","lit":"yes","maxspeed":"50","name":"N. H. M. Abdul Cader Mawatha","name:zh":"洋滩路","name:zh-Hans":"洋滩路","name:zh-Hant":"洋灘路","note":"Road declared in Gazette 06-06-1989 as A20-N. H. M. Abdul Cader Mawatha. No one may alter this trace unless redefined and issued in a new Gazette.","old_name":"Reclamation Road","ref":"AC20"},"width_m":14,"width_source":"Estimated from road class and direction","direction":"both","direction_source":"Default assumption; no direction tag","access":null,"base_graph_eligible":true,"bridge":false,"tunnel":false,"layer":0,"lanes":null,"maxspeed":"50","length_m":294.95,"surface_layer":"roads"},"geometry":{"type":"LineString","coordinates":[[79.8494713,6.937629200000001],[79.8495067,6.937660199999997],[79.8495594,6.9377011999999985],[79.8496568,6.937765100000002],[79.8503072,6.938193100000001],[79.8505318,6.938339300000003],[79.8509451,6.938653499999999],[79.8511512,6.938827899999999],[79.8513432,6.9389863000000025],[79.85159199295597,6.939237153966477]]}},{"type":"Feature","id":"1457801135","properties":{"id":"1457801135","name":"Main Street","names":{"name:zh":"主街"},"highway":"primary","tags":{"highway":"primary","is_in":"Pettah, Colombo, Western Province, Sri Lanka","lanes":"2","lit":"yes","maxspeed":"50","name":"Main Street","name:zh":"主街","note":"Road declared in Gazette 06-06-1989 as AC17-Main Street. No one may alter this trace unless redefined and issued in a new Gazette.","ref":"AC17","surface":"asphalt"},"width_m":6.4,"width_source":"Estimated: mapped lanes × 3.2 m","direction":"both","direction_source":"Default assumption; no direction tag","access":null,"base_graph_eligible":true,"bridge":false,"tunnel":false,"layer":0,"lanes":2,"maxspeed":"50","length_m":106.17,"surface_layer":"roads"},"geometry":{"type":"LineString","coordinates":[[79.8539859,6.9389847],[79.8536308,6.938841099999998],[79.8535308,6.9387995],[79.8534692,6.938772099999998],[79.8532414,6.9386962000000025],[79.8531959,6.938672099999998],[79.8530976,6.938622200000003]]}},{"type":"Feature","id":"1458264550","properties":{"id":"1458264550","name":null,"names":{},"highway":"tertiary","tags":{"highway":"tertiary","lanes":"1","maxspeed":"40","oneway":"yes","surface":"asphalt"},"width_m":3.2,"width_source":"Estimated: mapped lanes × 3.2 m","direction":"forward","direction_source":"OSM tag","access":null,"base_graph_eligible":true,"bridge":false,"tunnel":false,"layer":0,"lanes":1,"maxspeed":"40","length_m":28.49,"surface_layer":"roads"},"geometry":{"type":"LineString","coordinates":[[79.8544061,6.937930399999999],[79.8541493,6.937953499999999]]}},{"type":"Feature","id":"1463499813","properties":{"id":"1463499813","name":null,"names":{},"highway":"primary","tags":{"foot":"no","highway":"primary","lanes":"2","lit":"yes","maxspeed":"60","note":"Link road connecting York Street and D. R. Wijewardene Mawatha.","oneway":"yes","sidewalk":"no","surface":"asphalt"},"width_m":6.4,"width_source":"Estimated: mapped lanes × 3.2 m","direction":"forward","direction_source":"OSM tag","access":null,"base_graph_eligible":true,"bridge":false,"tunnel":false,"layer":0,"lanes":2,"maxspeed":"60","length_m":13.37,"surface_layer":"roads"},"geometry":{"type":"LineString","coordinates":[[79.8466773,6.932306799999999],[79.84656440000002,6.9323087999999995],[79.846556472751,6.932310449509204]]}},{"type":"Feature","id":"1463499814","properties":{"id":"1463499814","name":null,"names":{},"highway":"trunk","tags":{"foot":"no","highway":"trunk","lit":"yes","maxspeed":"60","note":"Trunk Link roads connecting York Street and D. R. Wijewardene Mawatha to Sir Chittampalam A. Gardiner Mawatha.","oneway":"yes","sidewalk":"no","surface":"asphalt"},"width_m":8.0,"width_source":"Estimated from road class and direction","direction":"forward","direction_source":"OSM tag","access":null,"base_graph_eligible":true,"bridge":false,"tunnel":false,"layer":0,"lanes":null,"maxspeed":"60","length_m":9.89,"surface_layer":"roads"},"geometry":{"type":"LineString","coordinates":[[79.8466019,6.932354899999999],[79.8466773,6.932306799999999]]}},{"type":"Feature","id":"1463499815","properties":{"id":"1463499815","name":null,"names":{},"highway":"primary_link","tags":{"foot":"no","highway":"primary_link","lit":"yes","maxspeed":"60","note":"Primary Link roads connecting D. R. Wijewardene Mawatha to Sir Chittampalam A. Gardiner Mawatha.","oneway":"yes","sidewalk":"no","surface":"asphalt"},"width_m":7.0,"width_source":"Estimated from road class and direction","direction":"forward","direction_source":"OSM tag","access":null,"base_graph_eligible":true,"bridge":false,"tunnel":false,"layer":0,"lanes":null,"maxspeed":"60","length_m":21.32,"surface_layer":"roads"},"geometry":{"type":"LineString","coordinates":[[79.8468093,6.931985099999999],[79.8468154,6.932082799999999],[79.8468169,6.9321482],[79.8468192,6.932177599999997]]}},{"type":"Feature","id":"1463499816","properties":{"id":"1463499816","name":null,"names":{},"highway":"trunk","tags":{"foot":"no","highway":"trunk","lit":"yes","maxspeed":"60","note":"Trunk Link roads connecting York Street and D. R. Wijewardene Mawatha to Sir Chittampalam A. Gardiner Mawatha.","oneway":"yes","sidewalk":"no","surface":"asphalt"},"width_m":8.0,"width_source":"Estimated from road class and direction","direction":"forward","direction_source":"OSM tag","access":null,"base_graph_eligible":true,"bridge":false,"tunnel":false,"layer":0,"lanes":null,"maxspeed":"60","length_m":21.27,"surface_layer":"roads"},"geometry":{"type":"LineString","coordinates":[[79.8466773,6.932306799999999],[79.8467509,6.932248999999999],[79.8468192,6.932177599999997]]}},{"type":"Feature","id":"1464188420","properties":{"id":"1464188420","name":"Dam Street","names":{"name:zh":"水坝街"},"highway":"tertiary","tags":{"highway":"tertiary","lane_markings":"no","maxspeed":"40","name":"Dam Street","name:zh":"水坝街","source":"yahoo","surface":"asphalt"},"width_m":9,"width_source":"Estimated from road class and direction","direction":"both","direction_source":"Default assumption; no direction tag","access":null,"base_graph_eligible":true,"bridge":false,"tunnel":false,"layer":0,"lanes":null,"maxspeed":"40","length_m":93.79,"surface_layer":"roads"},"geometry":{"type":"LineString","coordinates":[[79.8554517,6.9392216000000015],[79.8562485,6.938929500000001]]}},{"type":"Feature","id":"1464192999","properties":{"id":"1464192999","name":"St. Sebastian Hill","names":{},"highway":"secondary","tags":{"highway":"secondary","lit":"yes","maxspeed":"50","name":"St. Sebastian Hill","note":"Road Name Spelling Corrected.","surface":"asphalt"},"width_m":11,"width_source":"Estimated from road class and direction","direction":"both","direction_source":"Default assumption; no direction tag","access":null,"base_graph_eligible":true,"bridge":false,"tunnel":false,"layer":0,"lanes":null,"maxspeed":"50","length_m":7.42,"surface_layer":"roads"},"geometry":{"type":"LineString","coordinates":[[79.8598248,6.9331429],[79.8597974,6.9332042000000005]]}},{"type":"Feature","id":"1465827584","properties":{"id":"1465827584","name":null,"names":{},"highway":"primary_link","tags":{"highway":"primary_link","oneway":"yes"},"width_m":7.0,"width_source":"Estimated from road class and direction","direction":"forward","direction_source":"OSM tag","access":null,"base_graph_eligible":true,"bridge":false,"tunnel":false,"layer":0,"lanes":null,"maxspeed":null,"length_m":12.77,"surface_layer":"roads"},"geometry":{"type":"LineString","coordinates":[[79.84835529999998,6.923380499999999],[79.8483572,6.923264999999998]]}},{"type":"Feature","id":"1465827585","properties":{"id":"1465827585","name":null,"names":{},"highway":"primary_link","tags":{"bridge":"yes","highway":"primary_link","layer":"1","oneway":"yes"},"width_m":7.0,"width_source":"Estimated from road class and direction","direction":"forward","direction_source":"OSM tag","access":null,"base_graph_eligible":true,"bridge":true,"tunnel":false,"layer":1,"lanes":null,"maxspeed":null,"length_m":17.76,"surface_layer":"bridges"},"geometry":{"type":"LineString","coordinates":[[79.84847329999998,6.923486699999998],[79.84842759999998,6.923456699999998],[79.8483907,6.923427999999998],[79.84835529999998,6.923380499999999]]}},{"type":"Feature","id":"1465827586","properties":{"id":"1465827586","name":null,"names":{},"highway":"tertiary","tags":{"highway":"tertiary","oneway":"yes"},"width_m":4.5,"width_source":"Estimated from road class and direction","direction":"forward","direction_source":"OSM tag","access":null,"base_graph_eligible":true,"bridge":false,"tunnel":false,"layer":0,"lanes":null,"maxspeed":null,"length_m":18.22,"surface_layer":"roads"},"geometry":{"type":"LineString","coordinates":[[79.8483411,6.923462699999997],[79.84827739999999,6.923443399999999],[79.8482399,6.923443399999999],[79.8481807,6.923457299999997]]}},{"type":"Feature","id":"1465827587","properties":{"id":"1465827587","name":null,"names":{},"highway":"tertiary","tags":{"bridge":"yes","highway":"tertiary","layer":"1","oneway":"yes"},"width_m":4.5,"width_source":"Estimated from road class and direction","direction":"forward","direction_source":"OSM tag","access":null,"base_graph_eligible":true,"bridge":true,"tunnel":false,"layer":1,"lanes":null,"maxspeed":null,"length_m":30.06,"surface_layer":"bridges"},"geometry":{"type":"LineString","coordinates":[[79.84860869999999,6.9235112999999995],[79.84847329999998,6.923486699999998],[79.8483411,6.923462699999997]]}},{"type":"Feature","id":"1465827588","properties":{"id":"1465827588","name":null,"names":{},"highway":"tertiary","tags":{"highway":"tertiary","oneway":"yes"},"width_m":4.5,"width_source":"Estimated from road class and direction","direction":"forward","direction_source":"OSM tag","access":null,"base_graph_eligible":true,"bridge":false,"tunnel":false,"layer":0,"lanes":null,"maxspeed":null,"length_m":237.01,"surface_layer":"roads"},"geometry":{"type":"LineString","coordinates":[[79.850725,6.923751000000002],[79.85052439999998,6.9237828],[79.85029979999999,6.9237895],[79.84991359999998,6.923760199999999],[79.84955979999998,6.923696799999997],[79.84951819999999,6.9236895],[79.8486127,6.9235153999999985],[79.84860869999999,6.9235112999999995]]}},{"type":"Feature","id":"1465827589","properties":{"id":"1465827589","name":null,"names":{},"highway":"primary_link","tags":{"highway":"primary_link","oneway":"yes"},"width_m":7.0,"width_source":"Estimated from road class and direction","direction":"forward","direction_source":"OSM tag","access":null,"base_graph_eligible":true,"bridge":false,"tunnel":false,"layer":0,"lanes":null,"maxspeed":null,"length_m":28.6,"surface_layer":"roads"},"geometry":{"type":"LineString","coordinates":[[79.85098099999999,6.923720799999998],[79.85090929999998,6.923718899999998],[79.85083589999999,6.923730900000001],[79.850725,6.923751000000002]]}},{"type":"Feature","id":"1473655236","properties":{"id":"1473655236","name":null,"names":{},"highway":"living_street","tags":{"highway":"living_street"},"width_m":5,"width_source":"Estimated from road class and direction","direction":"both","direction_source":"Default assumption; no direction tag","access":null,"base_graph_eligible":true,"bridge":false,"tunnel":false,"layer":0,"lanes":null,"maxspeed":null,"length_m":68.18,"surface_layer":"roads"},"geometry":{"type":"LineString","coordinates":[[79.86078320000001,6.9334814],[79.86080330000001,6.933528700000001],[79.86085630000001,6.933578000000001],[79.86098240000001,6.933631900000001],[79.86131760000002,6.933751699999999]]}},{"type":"Feature","id":"1482913060","properties":{"id":"1482913060","name":null,"names":{},"highway":"service","tags":{"highway":"service"},"width_m":4,"width_source":"Estimated from road class and direction","direction":"both","direction_source":"Default assumption; no direction tag","access":null,"base_graph_eligible":true,"bridge":false,"tunnel":false,"layer":0,"lanes":null,"maxspeed":null,"length_m":97.93,"surface_layer":"roads"},"geometry":{"type":"LineString","coordinates":[[79.8541519,6.924536599999999],[79.85425870000002,6.924357999999998],[79.8542815,6.9243419999999976],[79.8543406,6.924323399999998],[79.8543872,6.924311199999999],[79.8544155,6.9243139000000005],[79.8544438,6.924319400000002],[79.8545095,6.9243393],[79.8548091,6.9246249]]}},{"type":"Feature","id":"1489536411","properties":{"id":"1489536411","name":"Chatham Street","names":{},"highway":"trunk","tags":{"access":"yes","bridge":"no","description":"Road declared in Gazette 06-06-1989 as A1 CMB–KDY. Starts at Chatham St Clock Tower; runs via Chatham St, Olcott, Sangaraja, Pradeepa, Saddharma Mw, Baseline to Kelani Bridge. No one may alter this trace unless redefined and issued in a new Gazette.","highway":"trunk","int_ref":"AH43","lanes":"2","lit":"yes","maxspeed":"60","motor_vehicle":"yes","name":"Chatham Street","nat_name":"Colombo-Kandy Road","network":"SL:national","official_name":"Chatham Street","old_name":"Chatham Street","oneway":"yes","operator":"Road Development Authority","ref":"A1","sidewalk":"right","surface":"asphalt"},"width_m":6.4,"width_source":"Estimated: mapped lanes × 3.2 m","direction":"forward","direction_source":"OSM tag","access":"yes","base_graph_eligible":true,"bridge":false,"tunnel":false,"layer":0,"lanes":2,"maxspeed":"60","length_m":19.46,"surface_layer":"roads"},"geometry":{"type":"LineString","coordinates":[[79.84655643264014,6.933928211200005],[79.8465719,6.933919],[79.84660820000002,6.933891900000001],[79.8466306,6.933872900000002],[79.8466638,6.9338394999999995],[79.8466847,6.933809899999999]]}},{"type":"Feature","id":"1489536412","properties":{"id":"1489536412","name":"Lotus Road","names":{},"highway":"trunk","tags":{"access":"yes","bridge":"no","description":"A4-Colombo–Ratnapura–Wellawaya-Batticaloa Road is declared in Gazette 561/5 of 06-06-1989 as a National Highway. It starts at the CTO Round About and runs via Lotus Road so on. No one may alter this trace.","highway":"trunk","lanes":"2","lit":"yes","maxspeed":"60","motor_vehicle":"yes","name":"Lotus Road","nat_name":"Colombo-Ratnapura-Wellawaya-Batticaloa Road","network":"SL:national","official_name":"Lotus Road","old_name":"Lotus Road","oneway":"yes","operator":"Road Development Authority","ref":"A4","sidewalk":"left","surface":"asphalt"},"width_m":6.4,"width_source":"Estimated: mapped lanes × 3.2 m","direction":"forward","direction_source":"OSM tag","access":"yes","base_graph_eligible":true,"bridge":false,"tunnel":false,"layer":0,"lanes":2,"maxspeed":"60","length_m":38.31,"surface_layer":"roads"},"geometry":{"type":"LineString","coordinates":[[79.8468934,6.933767],[79.8468365,6.9337021000000005],[79.8467829,6.9336374],[79.8467084,6.933550300000001],[79.8466517,6.9335263000000005]]}},{"type":"Feature","id":"1489547542","properties":{"id":"1489547542","name":"Olcott Mawatha","names":{},"highway":"trunk","tags":{"access":"yes","bridge":"no","description":"Road declared in Gazette 06-06-1989 as A1 CMB–KDY. Starts at Chatham St Clock Tower; runs via Chatham St, Olcott, Sangaraja, Pradeepa, Saddharma Mw, Baseline to Kelani Bridge. No one may alter this trace unless redefined and issued in a new Gazette.","highway":"trunk","int_ref":"AH43","lanes":"2","layer":"0","lit":"yes","maxspeed":"60","motor_vehicle":"yes","name":"Olcott Mawatha","nat_name":"Colombo-Kandy Road","network":"SL:national","official_name":"Olcott Mawatha","old_name":"Norris Road","oneway":"yes","operator":"Road Development Authority","ref":"A1","sidewalk":"left","surface":"asphalt"},"width_m":6.4,"width_source":"Estimated: mapped lanes × 3.2 m","direction":"forward","direction_source":"OSM tag","access":"yes","base_graph_eligible":true,"bridge":false,"tunnel":false,"layer":0,"lanes":2,"maxspeed":"60","length_m":145.92,"surface_layer":"roads"},"geometry":{"type":"LineString","coordinates":[[79.85770300000001,6.932233],[79.8577493,6.932197100000001],[79.8578062,6.9321587000000005],[79.8578681,6.932122599999999],[79.857937,6.932090799999999],[79.8580295,6.932058699999999],[79.8580993,6.9320388],[79.858155,6.932026799999999],[79.8582367,6.9320144],[79.8583344,6.9320083],[79.858433,6.932010399999998],[79.8585304,6.932014],[79.8586271,6.9320141],[79.8587472,6.932009],[79.8588552,6.932001200000001],[79.8589702,6.9319837]]}},{"type":"Feature","id":"1489547543","properties":{"id":"1489547543","name":"Trace Lane","names":{},"highway":"trunk_link","tags":{"highway":"trunk_link","name":"Trace Lane","surface":"asphalt"},"width_m":16,"width_source":"Estimated from road class and direction","direction":"both","direction_source":"Default assumption; no direction tag","access":null,"base_graph_eligible":true,"bridge":false,"tunnel":false,"layer":0,"lanes":null,"maxspeed":null,"length_m":7.62,"surface_layer":"roads"},"geometry":{"type":"LineString","coordinates":[[79.8589606,6.931915499999999],[79.8589702,6.9319837]]}},{"type":"Feature","id":"1489557287","properties":{"id":"1489557287","name":"Olcott Mawatha","names":{},"highway":"trunk","tags":{"access":"yes","bridge":"no","description":"Road declared in Gazette 06-06-1989 as A1 CMB–KDY. Starts at Chatham St Clock Tower; runs via Chatham St, Olcott, Sangaraja, Pradeepa, Saddharma Mw, Baseline to Kelani Bridge. No one may alter this trace unless redefined and issued in a new Gazette.","highway":"trunk","int_ref":"AH43","lanes":"2","layer":"0","lit":"yes","maxspeed":"60","motor_vehicle":"yes","name":"Olcott Mawatha","nat_name":"Colombo-Kandy Road","network":"SL:national","official_name":"Olcott Mawatha","old_name":"Norris Road","oneway":"yes","operator":"Road Development Authority","ref":"A1","sidewalk":"left","surface":"asphalt"},"width_m":6.4,"width_source":"Estimated: mapped lanes × 3.2 m","direction":"forward","direction_source":"OSM tag","access":"yes","base_graph_eligible":true,"bridge":false,"tunnel":false,"layer":0,"lanes":2,"maxspeed":"60","length_m":157.41,"surface_layer":"roads"},"geometry":{"type":"LineString","coordinates":[[79.8589606,6.931915499999999],[79.8588713,6.931928299999999],[79.8587787,6.931936],[79.8586825,6.931943100000001],[79.8585971,6.9319464],[79.8585143,6.931945900000001],[79.8584192,6.931944500000001],[79.8583143,6.931944200000001],[79.8582349,6.9319501],[79.8581593,6.931957399999998],[79.8580889,6.931969800000002],[79.8580129,6.9319878],[79.8579449,6.932012600000002],[79.8578847,6.932037399999999],[79.8578172,6.932073400000001],[79.8577537,6.932113100000002],[79.8576783,6.9321646],[79.8576062,6.932220199999999]]}},{"type":"Feature","id":"1489557288","properties":{"id":"1489557288","name":"Olcott Mawatha","names":{},"highway":"trunk","tags":{"access":"yes","bridge":"no","description":"Road declared in Gazette 06-06-1989 as A1 CMB–KDY. Starts at Chatham St Clock Tower; runs via Chatham St, Olcott, Sangaraja, Pradeepa, Saddharma Mw, Baseline to Kelani Bridge. No one may alter this trace unless redefined and issued in a new Gazette.","highway":"trunk","int_ref":"AH43","lanes":"2","layer":"0","lit":"yes","maxspeed":"60","motor_vehicle":"yes","name":"Olcott Mawatha","nat_name":"Colombo-Kandy Road","network":"SL:national","official_name":"Olcott Mawatha","old_name":"Norris Road","oneway":"yes","operator":"Road Development Authority","ref":"A1","sidewalk":"left","surface":"asphalt"},"width_m":6.4,"width_source":"Estimated: mapped lanes × 3.2 m","direction":"forward","direction_source":"OSM tag","access":"yes","base_graph_eligible":true,"bridge":false,"tunnel":false,"layer":0,"lanes":2,"maxspeed":"60","length_m":162.75,"surface_layer":"roads"},"geometry":{"type":"LineString","coordinates":[[79.8603614,6.932188400000001],[79.8603226,6.932182899999999],[79.8602874,6.932172700000001],[79.8602398,6.9321525],[79.8600255,6.9320466],[79.8598996,6.931986900000002],[79.8597805,6.931932899999999],[79.8597113,6.931908100000001],[79.8596368,6.931884700000001],[79.8595645,6.931868199999999],[79.8594922,6.931857499999999],[79.8594209,6.931854599999999],[79.8593545,6.9318556000000005],[79.859287,6.931856499999999],[79.8592207,6.931865300000002],[79.8591413,6.931880700000001],[79.8590576,6.931897300000001],[79.8589606,6.931915499999999]]}},{"type":"Feature","id":"1489557289","properties":{"id":"1489557289","name":"Olcott Mawatha","names":{},"highway":"trunk","tags":{"access":"yes","bridge":"no","description":"Road declared in Gazette 06-06-1989 as A1 CMB–KDY. Starts at Chatham St Clock Tower; runs via Chatham St, Olcott, Sangaraja, Pradeepa, Saddharma Mw, Baseline to Kelani Bridge. No one may alter this trace unless redefined and issued in a new Gazette.","highway":"trunk","int_ref":"AH43","lanes":"2","layer":"0","lit":"yes","maxspeed":"60","motor_vehicle":"yes","name":"Olcott Mawatha","nat_name":"Colombo-Kandy Road","network":"SL:national","official_name":"Olcott Mawatha","old_name":"Norris Road","oneway":"yes","operator":"Road Development Authority","ref":"A1","sidewalk":"left","surface":"asphalt"},"width_m":6.4,"width_source":"Estimated: mapped lanes × 3.2 m","direction":"forward","direction_source":"OSM tag","access":"yes","base_graph_eligible":true,"bridge":false,"tunnel":false,"layer":0,"lanes":2,"maxspeed":"60","length_m":22.86,"surface_layer":"roads"},"geometry":{"type":"LineString","coordinates":[[79.8605665,6.932183400000002],[79.8605431,6.9321904000000005],[79.86052,6.932194699999999],[79.8604917,6.932196600000001],[79.860459,6.932196],[79.8604223,6.932193499999999],[79.8603924,6.932191299999999],[79.8603614,6.932188400000001]]}},{"type":"Feature","id":"1489557290","properties":{"id":"1489557290","name":"Orabi Pasha Mawatha","names":{},"highway":"primary","tags":{"access":"yes","bridge":"no","description":"Road declared in Gazette dated 06-06-1989 as AC19 Maradana Road (now Orabipasha, Kularatne and Gnanartha Pradeepaya Mw) from Technical Jct to Borella Jct. No one may alter this trace unless redefined and issued in a new Gazette.","highway":"primary","lanes":"2","layer":"0","lit":"yes","maxspeed":"60","motor_vehicle":"yes","name":"Orabi Pasha Mawatha","nat_name":"Maradana Road","network":"SL:national","official_name":"Orabi Pasha Mawatha","old_name":"First Division Maradana","oneway":"yes","operator":"Road Development Authority","ref":"AC19","sidewalk":"left","surface":"asphalt"},"width_m":6.4,"width_source":"Estimated: mapped lanes × 3.2 m","direction":"forward","direction_source":"OSM tag","access":"yes","base_graph_eligible":true,"bridge":false,"tunnel":false,"layer":0,"lanes":2,"maxspeed":"60","length_m":21.48,"surface_layer":"roads"},"geometry":{"type":"LineString","coordinates":[[79.8607384,6.932093600000001],[79.8607007,6.932118200000001],[79.8606602,6.9321397],[79.8606109,6.9321642000000026],[79.8605665,6.932183400000002]]}},{"type":"Feature","id":"1489572403","properties":{"id":"1489572403","name":"Orabi Pasha Mawatha","names":{},"highway":"primary","tags":{"access":"yes","bridge":"no","description":"Road declared in Gazette dated 06-06-1989 as AC19 Maradana Road (now Orabipasha, Kularatne and Gnanartha Pradeepaya Mw) from Technical Jct to Borella Jct. No one may alter this trace unless redefined and issued in a new Gazette.","highway":"primary","lanes":"4","layer":"0","lit":"yes","maxspeed":"60","motor_vehicle":"yes","name":"Orabi Pasha Mawatha","nat_name":"Maradana Road","network":"SL:national","official_name":"Orabi Pasha Mawatha","old_name":"First Division Maradana","oneway":"yes","operator":"Road Development Authority","ref":"AC19","sidewalk":"right","surface":"asphalt"},"width_m":12.8,"width_source":"Estimated: mapped lanes × 3.2 m","direction":"forward","direction_source":"OSM tag","access":"yes","base_graph_eligible":true,"bridge":false,"tunnel":false,"layer":0,"lanes":4,"maxspeed":"60","length_m":15.87,"surface_layer":"roads"},"geometry":{"type":"LineString","coordinates":[[79.8607384,6.932093600000001],[79.8607281,6.932161199999998],[79.8607212,6.9322063],[79.8607253,6.932235500000001]]}},{"type":"Feature","id":"1489572404","properties":{"id":"1489572404","name":"St. Sebastian Hill","names":{},"highway":"secondary","tags":{"highway":"secondary","lit":"yes","maxspeed":"50","name":"St. Sebastian Hill","note":"Road Name Spelling Corrected.","oneway":"yes","surface":"asphalt"},"width_m":5.5,"width_source":"Estimated from road class and direction","direction":"forward","direction_source":"OSM tag","access":null,"base_graph_eligible":true,"bridge":false,"tunnel":false,"layer":0,"lanes":null,"maxspeed":"50","length_m":11.6,"surface_layer":"roads"},"geometry":{"type":"LineString","coordinates":[[79.8604813,6.932320699999998],[79.8604082,6.932395999999999]]}},{"type":"Feature","id":"1489572405","properties":{"id":"1489572405","name":"St. Sebastian Hill","names":{},"highway":"secondary","tags":{"highway":"secondary","name":"St. Sebastian Hill","oneway":"yes"},"width_m":5.5,"width_source":"Estimated from road class and direction","direction":"forward","direction_source":"OSM tag","access":null,"base_graph_eligible":true,"bridge":false,"tunnel":false,"layer":0,"lanes":null,"maxspeed":null,"length_m":17.78,"surface_layer":"roads"},"geometry":{"type":"LineString","coordinates":[[79.8604082,6.932395999999999],[79.8603479,6.932455000000003],[79.8602873,6.9325017]]}},{"type":"Feature","id":"1489572406","properties":{"id":"1489572406","name":"Sri Sangaraja Mawatha","names":{},"highway":"trunk","tags":{"access":"yes","bridge":"no","description":"Road declared in Gazette 06-06-1989 as A1 CMB–KDY. Starts at Chatham St Clock Tower; runs via Chatham St, Olcott, Sangaraja, Pradeepa, Saddharma Mw, Baseline to Kelani Bridge. No one may alter this trace unless redefined and issued in a new Gazette.","highway":"trunk","int_ref":"AH43","lanes":"2","layer":"0","lit":"yes","maxspeed":"60","motor_vehicle":"yes","name":"Sri Sangaraja Mawatha","nat_name":"Colombo-Kandy Road","network":"SL:national","official_name":"Sri Sangaraja Mawatha","old_name":"Skinner's Road South","oneway":"yes","operator":"Road Development Authority","ref":"A1","sidewalk":"no","surface":"asphalt"},"width_m":6.4,"width_source":"Estimated: mapped lanes × 3.2 m","direction":"forward","direction_source":"OSM tag","access":"yes","base_graph_eligible":true,"bridge":false,"tunnel":false,"layer":0,"lanes":2,"maxspeed":"60","length_m":18.64,"surface_layer":"roads"},"geometry":{"type":"LineString","coordinates":[[79.8604813,6.932320699999998],[79.8606448,6.932362099999998]]}},{"type":"Feature","id":"1491101147","properties":{"id":"1491101147","name":null,"names":{},"highway":"primary","tags":{"highway":"primary","oneway":"yes"},"width_m":7.0,"width_source":"Estimated from road class and direction","direction":"forward","direction_source":"OSM tag","access":null,"base_graph_eligible":true,"bridge":false,"tunnel":false,"layer":0,"lanes":null,"maxspeed":null,"length_m":66.98,"surface_layer":"roads"},"geometry":{"type":"LineString","coordinates":[[79.8493443,6.9269627],[79.849416,6.9270066],[79.849471,6.927057199999999],[79.84952200000001,6.927115800000002],[79.84957089999999,6.927191],[79.84960440000002,6.9272749],[79.8496266,6.9273401],[79.8496353,6.927389699999998],[79.8496488,6.927458400000001]]}},{"type":"Feature","id":"1491925939","properties":{"id":"1491925939","name":null,"names":{},"highway":"residential","tags":{"highway":"residential"},"width_m":6,"width_source":"Estimated from road class and direction","direction":"both","direction_source":"Default assumption; no direction tag","access":null,"base_graph_eligible":true,"bridge":false,"tunnel":false,"layer":0,"lanes":null,"maxspeed":null,"length_m":22.54,"surface_layer":"roads"},"geometry":{"type":"LineString","coordinates":[[79.853579,6.935104],[79.8537814,6.935079]]}},{"type":"Feature","id":"1492279436","properties":{"id":"1492279436","name":null,"names":{},"highway":"service","tags":{"highway":"service"},"width_m":4,"width_source":"Estimated from road class and direction","direction":"both","direction_source":"Default assumption; no direction tag","access":null,"base_graph_eligible":true,"bridge":false,"tunnel":false,"layer":0,"lanes":null,"maxspeed":null,"length_m":35.1,"surface_layer":"roads"},"geometry":{"type":"LineString","coordinates":[[79.8625347,6.9303368],[79.86284441540924,6.930407078045302]]}},{"type":"Feature","id":"1492349371","properties":{"id":"1492349371","name":null,"names":{},"highway":"service","tags":{"highway":"service"},"width_m":4,"width_source":"Estimated from road class and direction","direction":"both","direction_source":"Default assumption; no direction tag","access":null,"base_graph_eligible":true,"bridge":false,"tunnel":false,"layer":0,"lanes":null,"maxspeed":null,"length_m":33.13,"surface_layer":"roads"},"geometry":{"type":"LineString","coordinates":[[79.8552382,6.9313379],[79.8551439,6.931053499999997]]}},{"type":"Feature","id":"1492349372","properties":{"id":"1492349372","name":null,"names":{},"highway":"service","tags":{"highway":"service"},"width_m":4,"width_source":"Estimated from road class and direction","direction":"both","direction_source":"Default assumption; no direction tag","access":null,"base_graph_eligible":true,"bridge":false,"tunnel":false,"layer":0,"lanes":null,"maxspeed":null,"length_m":36.74,"surface_layer":"roads"},"geometry":{"type":"LineString","coordinates":[[79.85543290000001,6.930495499999999],[79.8554654,6.930576799999996],[79.8554907,6.93063],[79.8555224,6.930690399999997],[79.8555879,6.9307881]]}},{"type":"Feature","id":"1492349384","properties":{"id":"1492349384","name":null,"names":{},"highway":"service","tags":{"highway":"service"},"width_m":4,"width_source":"Estimated from road class and direction","direction":"both","direction_source":"Default assumption; no direction tag","access":null,"base_graph_eligible":true,"bridge":false,"tunnel":false,"layer":0,"lanes":null,"maxspeed":null,"length_m":32.73,"surface_layer":"roads"},"geometry":{"type":"LineString","coordinates":[[79.848773,6.932611799999999],[79.8487703,6.932315900000001]]}},{"type":"Feature","id":"1492471227","properties":{"id":"1492471227","name":"St. Sebastian Hill","names":{},"highway":"secondary","tags":{"highway":"secondary","lit":"yes","maxspeed":"50","name":"St. Sebastian Hill","note":"Road Name Spelling Corrected.","surface":"asphalt"},"width_m":11,"width_source":"Estimated from road class and direction","direction":"both","direction_source":"Default assumption; no direction tag","access":null,"base_graph_eligible":true,"bridge":false,"tunnel":false,"layer":0,"lanes":null,"maxspeed":"50","length_m":1.04,"surface_layer":"roads"},"geometry":{"type":"LineString","coordinates":[[79.8597031,6.933415999999999],[79.8596996,6.933424699999999]]}},{"type":"Feature","id":"1492471228","properties":{"id":"1492471228","name":"St. Sebastian Hill","names":{},"highway":"secondary","tags":{"highway":"secondary","lit":"yes","maxspeed":"50","name":"St. Sebastian Hill","note":"Road Name Spelling Corrected.","oneway":"yes","surface":"asphalt"},"width_m":5.5,"width_source":"Estimated from road class and direction","direction":"forward","direction_source":"OSM tag","access":null,"base_graph_eligible":true,"bridge":false,"tunnel":false,"layer":0,"lanes":null,"maxspeed":"50","length_m":22.85,"surface_layer":"roads"},"geometry":{"type":"LineString","coordinates":[[79.8596996,6.933424699999999],[79.8596851,6.933447],[79.8596389,6.933515399999999],[79.8595851,6.933596700000001]]}},{"type":"Feature","id":"1492471230","properties":{"id":"1492471230","name":"San Sebastian Hill","names":{},"highway":"secondary","tags":{"highway":"secondary","lanes":"2","lit":"yes","maxspeed":"50","name":"San Sebastian Hill","oneway":"yes","surface":"asphalt"},"width_m":6.4,"width_source":"Estimated: mapped lanes × 3.2 m","direction":"forward","direction_source":"OSM tag","access":null,"base_graph_eligible":true,"bridge":false,"tunnel":false,"layer":0,"lanes":2,"maxspeed":"50","length_m":26.31,"surface_layer":"roads"},"geometry":{"type":"LineString","coordinates":[[79.8594863,6.934426499999999],[79.8594984,6.9343568],[79.8594998,6.9342882],[79.8594877,6.9341904]]}},{"type":"Feature","id":"1492471231","properties":{"id":"1492471231","name":"San Sebastian Hill","names":{},"highway":"secondary","tags":{"highway":"secondary","lanes":"2","lit":"yes","maxspeed":"50","name":"San Sebastian Hill","oneway":"yes","surface":"asphalt"},"width_m":6.4,"width_source":"Estimated: mapped lanes × 3.2 m","direction":"forward","direction_source":"OSM tag","access":null,"base_graph_eligible":true,"bridge":false,"tunnel":false,"layer":0,"lanes":2,"maxspeed":"50","length_m":34.76,"surface_layer":"roads"},"geometry":{"type":"LineString","coordinates":[[79.8595325,6.934026400000001],[79.8595688,6.933972500000001],[79.8596104,6.9338522],[79.8596195,6.933730500000002]]}},{"type":"Feature","id":"1492471232","properties":{"id":"1492471232","name":"Sanchi Arachchi Garden","names":{},"highway":"tertiary","tags":{"highway":"tertiary","lit":"yes","maxspeed":"40","name":"Sanchi Arachchi Garden","oneway":"yes","surface":"asphalt"},"width_m":4.5,"width_source":"Estimated from road class and direction","direction":"forward","direction_source":"OSM tag","access":null,"base_graph_eligible":true,"bridge":false,"tunnel":false,"layer":0,"lanes":null,"maxspeed":"40","length_m":27.15,"surface_layer":"roads"},"geometry":{"type":"LineString","coordinates":[[79.8598614,6.9337693],[79.8598431,6.933739700000001],[79.8596561,6.9336423]]}},{"type":"Feature","id":"1492471233","properties":{"id":"1492471233","name":"Sanchi Arachchi Garden","names":{},"highway":"tertiary","tags":{"highway":"tertiary","lit":"yes","maxspeed":"40","name":"Sanchi Arachchi Garden","oneway":"yes","surface":"asphalt"},"width_m":4.5,"width_source":"Estimated from road class and direction","direction":"forward","direction_source":"OSM tag","access":null,"base_graph_eligible":true,"bridge":false,"tunnel":false,"layer":0,"lanes":null,"maxspeed":"40","length_m":26.2,"surface_layer":"roads"},"geometry":{"type":"LineString","coordinates":[[79.85963110000002,6.933724699999999],[79.8597365,6.9337602999999985],[79.8598049,6.933771300000001],[79.8598614,6.9337693]]}},{"type":"Feature","id":"1492471236","properties":{"id":"1492471236","name":null,"names":{},"highway":"service","tags":{"highway":"service"},"width_m":4,"width_source":"Estimated from road class and direction","direction":"both","direction_source":"Default assumption; no direction tag","access":null,"base_graph_eligible":true,"bridge":false,"tunnel":false,"layer":0,"lanes":null,"maxspeed":null,"length_m":38.0,"surface_layer":"roads"},"geometry":{"type":"LineString","coordinates":[[79.8605748,6.9299623],[79.8608342,6.930187800000001]]}},{"type":"Feature","id":"1492471237","properties":{"id":"1492471237","name":null,"names":{},"highway":"service","tags":{"highway":"service"},"width_m":4,"width_source":"Estimated from road class and direction","direction":"both","direction_source":"Default assumption; no direction tag","access":null,"base_graph_eligible":true,"bridge":false,"tunnel":false,"layer":0,"lanes":null,"maxspeed":null,"length_m":106.79,"surface_layer":"roads"},"geometry":{"type":"LineString","coordinates":[[79.8615261,6.9291319],[79.8616093,6.929134699999999],[79.8617126,6.929140100000001],[79.86178100000001,6.929172],[79.8619741,6.929322499999999],[79.8623255,6.929618]]}},{"type":"Feature","id":"1492495728","properties":{"id":"1492495728","name":"Kachcheri Road","names":{},"highway":"residential","tags":{"highway":"residential","maxspeed":"30","name":"Kachcheri Road"},"width_m":6,"width_source":"Estimated from road class and direction","direction":"both","direction_source":"Default assumption; no direction tag","access":null,"base_graph_eligible":true,"bridge":false,"tunnel":false,"layer":0,"lanes":null,"maxspeed":"30","length_m":90.22,"surface_layer":"roads"},"geometry":{"type":"LineString","coordinates":[[79.8552653,6.938457400000001],[79.8544515,6.938521899999999]]}},{"type":"Feature","id":"1492499897","properties":{"id":"1492499897","name":"San Sebastian Hill","names":{},"highway":"secondary","tags":{"highway":"secondary","lanes":"2","lit":"yes","maxspeed":"50","name":"San Sebastian Hill","surface":"asphalt"},"width_m":6.4,"width_source":"Estimated: mapped lanes × 3.2 m","direction":"both","direction_source":"Default assumption; no direction tag","access":null,"base_graph_eligible":true,"bridge":false,"tunnel":false,"layer":0,"lanes":2,"maxspeed":"50","length_m":18.81,"surface_layer":"roads"},"geometry":{"type":"LineString","coordinates":[[79.8595325,6.934026400000001],[79.8595223,6.934071999999999],[79.8594877,6.9341904]]}},{"type":"Feature","id":"1492499898","properties":{"id":"1492499898","name":"San Sebastian Hill","names":{},"highway":"secondary","tags":{"highway":"secondary","lanes":"2","lit":"yes","maxspeed":"50","name":"San Sebastian Hill","oneway":"yes","surface":"asphalt"},"width_m":6.4,"width_source":"Estimated: mapped lanes × 3.2 m","direction":"forward","direction_source":"OSM tag","access":null,"base_graph_eligible":true,"bridge":false,"tunnel":false,"layer":0,"lanes":2,"maxspeed":"50","length_m":27.01,"surface_layer":"roads"},"geometry":{"type":"LineString","coordinates":[[79.8594877,6.9341904],[79.859428,6.934342799999999],[79.8594027,6.934419299999999]]}},{"type":"Feature","id":"1492499900","properties":{"id":"1492499900","name":"Hulftsdorp Street","names":{},"highway":"tertiary","tags":{"highway":"tertiary","lanes":"2","maxspeed":"40","name":"Hulftsdorp Street","oneway":"yes","surface":"asphalt"},"width_m":6.4,"width_source":"Estimated: mapped lanes × 3.2 m","direction":"forward","direction_source":"OSM tag","access":null,"base_graph_eligible":true,"bridge":false,"tunnel":false,"layer":0,"lanes":2,"maxspeed":"40","length_m":71.59,"surface_layer":"roads"},"geometry":{"type":"LineString","coordinates":[[79.8594588,6.934549100000001],[79.85960170000001,6.934629000000002],[79.85968780000002,6.9346777],[79.85976870000002,6.9347235],[79.85986260000001,6.934779499999999],[79.85990750000002,6.934805400000003],[79.85995510000001,6.934835399999999],[79.86002620000001,6.9348581]]}},{"type":"Feature","id":"1492499901","properties":{"id":"1492499901","name":"Hulftsdorp Street","names":{},"highway":"tertiary","tags":{"highway":"tertiary","lanes":"2","maxspeed":"40","name":"Hulftsdorp Street","oneway":"yes","surface":"asphalt"},"width_m":6.4,"width_source":"Estimated: mapped lanes × 3.2 m","direction":"forward","direction_source":"OSM tag","access":null,"base_graph_eligible":true,"bridge":false,"tunnel":false,"layer":0,"lanes":2,"maxspeed":"40","length_m":73.01,"surface_layer":"roads"},"geometry":{"type":"LineString","coordinates":[[79.86002620000001,6.9348581],[79.86000740000001,6.934812100000001],[79.85998610000001,6.9347906],[79.85971630000002,6.934628200000001],[79.8595088,6.934462400000001]]}},{"type":"Feature","id":"1492499902","properties":{"id":"1492499902","name":"Mihindu Mawatha","names":{},"highway":"secondary","tags":{"highway":"secondary","maxspeed":"50","name":"Mihindu Mawatha","sidewalk":"both","surface":"asphalt"},"width_m":11,"width_source":"Estimated from road class and direction","direction":"both","direction_source":"Default assumption; no direction tag","access":null,"base_graph_eligible":true,"bridge":false,"tunnel":false,"layer":0,"lanes":null,"maxspeed":"50","length_m":53.24,"surface_layer":"roads"},"geometry":{"type":"LineString","coordinates":[[79.85893790000002,6.9344759],[79.8585274,6.934487100000001],[79.8584563,6.9344871999999995]]}},{"type":"Feature","id":"1492499903","properties":{"id":"1492499903","name":"Mihindu Mawatha","names":{},"highway":"secondary","tags":{"highway":"secondary","maxspeed":"50","name":"Mihindu Mawatha","oneway":"yes","sidewalk":"both","surface":"asphalt"},"width_m":5.5,"width_source":"Estimated from road class and direction","direction":"forward","direction_source":"OSM tag","access":null,"base_graph_eligible":true,"bridge":false,"tunnel":false,"layer":0,"lanes":null,"maxspeed":"50","length_m":47.56,"surface_layer":"roads"},"geometry":{"type":"LineString","coordinates":[[79.8593678,6.9344758],[79.8592101,6.9344826],[79.8590579,6.934473299999999],[79.85893790000002,6.9344759]]}},{"type":"Feature","id":"1492499904","properties":{"id":"1492499904","name":null,"names":{},"highway":"tertiary","tags":{"highway":"tertiary"},"width_m":9,"width_source":"Estimated from road class and direction","direction":"both","direction_source":"Default assumption; no direction tag","access":null,"base_graph_eligible":true,"bridge":false,"tunnel":false,"layer":0,"lanes":null,"maxspeed":null,"length_m":53.65,"surface_layer":"roads"},"geometry":{"type":"LineString","coordinates":[[79.8584145,6.934723100000001],[79.8582673,6.9346369999999995],[79.8579976,6.9344744999999985]]}},{"type":"Feature","id":"1492509929","properties":{"id":"1492509929","name":null,"names":{},"highway":"service","tags":{"highway":"service"},"width_m":4,"width_source":"Estimated from road class and direction","direction":"both","direction_source":"Default assumption; no direction tag","access":null,"base_graph_eligible":true,"bridge":false,"tunnel":false,"layer":0,"lanes":null,"maxspeed":null,"length_m":201.5,"surface_layer":"roads"},"geometry":{"type":"LineString","coordinates":[[79.8511588,6.9271298],[79.8513043,6.927475899999999],[79.8514451,6.9277808],[79.8514786,6.9279139],[79.85154299999999,6.928125600000001],[79.8516195,6.9283186],[79.8516463,6.9284118],[79.8516409,6.9284678],[79.8515993,6.9285250000000005],[79.851311,6.9286661]]}},{"type":"Feature","id":"1492541634","properties":{"id":"1492541634","name":null,"names":{},"highway":"service","tags":{"highway":"service","layer":"-1"},"width_m":4,"width_source":"Estimated from road class and direction","direction":"both","direction_source":"Default assumption; no direction tag","access":null,"base_graph_eligible":true,"bridge":false,"tunnel":false,"layer":-1,"lanes":null,"maxspeed":null,"length_m":125.62,"surface_layer":"roads"},"geometry":{"type":"LineString","coordinates":[[79.8506257,6.927925199999999],[79.8506973,6.9278911999999995],[79.85087470000002,6.927806999999999],[79.8508948,6.927799000000001],[79.85090819999999,6.927804399999999],[79.85109869999998,6.9282170999999995],[79.85127170000001,6.928294300000001],[79.8513401,6.9283036],[79.851395,6.9284008]]}},{"type":"Feature","id":"1492541637","properties":{"id":"1492541637","name":null,"names":{},"highway":"service","tags":{"highway":"service"},"width_m":4,"width_source":"Estimated from road class and direction","direction":"both","direction_source":"Default assumption; no direction tag","access":null,"base_graph_eligible":true,"bridge":false,"tunnel":false,"layer":0,"lanes":null,"maxspeed":null,"length_m":28.46,"surface_layer":"roads"},"geometry":{"type":"LineString","coordinates":[[79.84999690000001,6.927575],[79.8500729,6.927659000000001],[79.85016829999999,6.927767099999999]]}},{"type":"Feature","id":"1492541638","properties":{"id":"1492541638","name":null,"names":{},"highway":"service","tags":{"highway":"service"},"width_m":4,"width_source":"Estimated from road class and direction","direction":"both","direction_source":"Default assumption; no direction tag","access":null,"base_graph_eligible":true,"bridge":false,"tunnel":false,"layer":0,"lanes":null,"maxspeed":null,"length_m":35.81,"surface_layer":"roads"},"geometry":{"type":"LineString","coordinates":[[79.84911340000001,6.9285641],[79.8491605,6.9285909],[79.84919610000001,6.928594899999999],[79.8492517,6.9285902],[79.84927860000002,6.9285729],[79.8492853,6.9285436],[79.8492772,6.928514299999999],[79.84923030000002,6.9284426]]}},{"type":"Feature","id":"1492541639","properties":{"id":"1492541639","name":null,"names":{},"highway":"service","tags":{"highway":"service"},"width_m":4,"width_source":"Estimated from road class and direction","direction":"both","direction_source":"Default assumption; no direction tag","access":null,"base_graph_eligible":true,"bridge":false,"tunnel":false,"layer":0,"lanes":null,"maxspeed":null,"length_m":110.15,"surface_layer":"roads"},"geometry":{"type":"LineString","coordinates":[[79.84943200000001,6.927906500000001],[79.849644,6.9281388999999995],[79.8497875,6.9282108000000004],[79.8499578,6.9283999],[79.8500235,6.928497000000002],[79.8500302,6.928580900000001],[79.8500262,6.928646099999999]]}},{"type":"Feature","id":"1492541640","properties":{"id":"1492541640","name":null,"names":{},"highway":"service","tags":{"highway":"service"},"width_m":4,"width_source":"Estimated from road class and direction","direction":"both","direction_source":"Default assumption; no direction tag","access":null,"base_graph_eligible":true,"bridge":false,"tunnel":false,"layer":0,"lanes":null,"maxspeed":null,"length_m":151.51,"surface_layer":"roads"},"geometry":{"type":"LineString","coordinates":[[79.848635,6.9290411],[79.8487707,6.928859400000001],[79.8488554,6.928759300000001],[79.8489614,6.9287114],[79.84904989999998,6.928630200000001],[79.84911340000001,6.9285641],[79.84923030000002,6.9284426],[79.84927650000002,6.928394499999999],[79.8494281,6.928266699999998],[79.8495541,6.9281961999999995],[79.849644,6.9281388999999995]]}},{"type":"Feature","id":"1492541641","properties":{"id":"1492541641","name":null,"names":{},"highway":"service","tags":{"highway":"service"},"width_m":4,"width_source":"Estimated from road class and direction","direction":"both","direction_source":"Default assumption; no direction tag","access":null,"base_graph_eligible":true,"bridge":false,"tunnel":false,"layer":0,"lanes":null,"maxspeed":null,"length_m":120.04,"surface_layer":"roads"},"geometry":{"type":"LineString","coordinates":[[79.8485058,6.928941599999997],[79.848635,6.9290411],[79.84875490000002,6.9291333999999996],[79.8488809,6.9292452],[79.8489426,6.9293743999999995],[79.84897350000001,6.9294528999999985],[79.84924969999999,6.9297072]]}},{"type":"Feature","id":"1492541642","properties":{"id":"1492541642","name":null,"names":{},"highway":"service","tags":{"highway":"service","maxspeed":"60"},"width_m":4,"width_source":"Estimated from road class and direction","direction":"both","direction_source":"Default assumption; no direction tag","access":null,"base_graph_eligible":true,"bridge":false,"tunnel":false,"layer":0,"lanes":null,"maxspeed":"60","length_m":35.83,"surface_layer":"roads"},"geometry":{"type":"LineString","coordinates":[[79.84865529999999,6.9287615],[79.8487707,6.928859400000001],[79.8489024,6.928971199999998]]}},{"type":"Feature","id":"1492541643","properties":{"id":"1492541643","name":null,"names":{},"highway":"service","tags":{"highway":"service"},"width_m":4,"width_source":"Estimated from road class and direction","direction":"both","direction_source":"Default assumption; no direction tag","access":null,"base_graph_eligible":true,"bridge":false,"tunnel":false,"layer":0,"lanes":null,"maxspeed":null,"length_m":101.2,"surface_layer":"roads"},"geometry":{"type":"LineString","coordinates":[[79.8474339,6.928864500000001],[79.847517,6.928937699999999],[79.84758669999998,6.9290362000000005],[79.84769539999999,6.929125400000001],[79.84774369999998,6.9291467],[79.8477839,6.9291440999999985],[79.8478308,6.9291120999999976],[79.8480695,6.9287992]]}},{"type":"Feature","id":"1492541644","properties":{"id":"1492541644","name":null,"names":{},"highway":"service","tags":{"highway":"service"},"width_m":4,"width_source":"Estimated from road class and direction","direction":"both","direction_source":"Default assumption; no direction tag","access":null,"base_graph_eligible":true,"bridge":false,"tunnel":false,"layer":0,"lanes":null,"maxspeed":null,"length_m":29.49,"surface_layer":"roads"},"geometry":{"type":"LineString","coordinates":[[79.847328,6.929017499999999],[79.8474352,6.9290562000000016],[79.8474942,6.9290509],[79.84758669999998,6.9290362000000005]]}},{"type":"Feature","id":"1492541645","properties":{"id":"1492541645","name":null,"names":{},"highway":"service","tags":{"highway":"service"},"width_m":4,"width_source":"Estimated from road class and direction","direction":"both","direction_source":"Default assumption; no direction tag","access":null,"base_graph_eligible":true,"bridge":false,"tunnel":false,"layer":0,"lanes":null,"maxspeed":null,"length_m":170.86,"surface_layer":"roads"},"geometry":{"type":"LineString","coordinates":[[79.84840539999999,6.9290626],[79.8483122,6.928975499999999],[79.84815669999999,6.9288525],[79.8480695,6.9287992],[79.8476873,6.928587599999998],[79.847635,6.928575600000001],[79.8476028,6.9285902],[79.8475385,6.928674099999998],[79.8474339,6.928864500000001],[79.847328,6.929017499999999],[79.84728099999998,6.929085500000003]]}},{"type":"Feature","id":"1492541646","properties":{"id":"1492541646","name":null,"names":{},"highway":"service","tags":{"highway":"service"},"width_m":4,"width_source":"Estimated from road class and direction","direction":"both","direction_source":"Default assumption; no direction tag","access":null,"base_graph_eligible":true,"bridge":false,"tunnel":false,"layer":0,"lanes":null,"maxspeed":null,"length_m":46.15,"surface_layer":"roads"},"geometry":{"type":"LineString","coordinates":[[79.849868,6.9321102],[79.8499227,6.932523899999999]]}},{"type":"Feature","id":"1492548075","properties":{"id":"1492548075","name":null,"names":{},"highway":"service","tags":{"highway":"service"},"width_m":4,"width_source":"Estimated from road class and direction","direction":"both","direction_source":"Default assumption; no direction tag","access":null,"base_graph_eligible":true,"bridge":false,"tunnel":false,"layer":0,"lanes":null,"maxspeed":null,"length_m":34.02,"surface_layer":"roads"},"geometry":{"type":"LineString","coordinates":[[79.85863490000001,6.927933700000002],[79.8587298,6.927884700000001],[79.8587705,6.9278638],[79.8588054,6.927845800000001],[79.8589084,6.927792600000001]]}},{"type":"Feature","id":"1492548076","properties":{"id":"1492548076","name":null,"names":{},"highway":"service","tags":{"highway":"service"},"width_m":4,"width_source":"Estimated from road class and direction","direction":"both","direction_source":"Default assumption; no direction tag","access":null,"base_graph_eligible":true,"bridge":false,"tunnel":false,"layer":0,"lanes":null,"maxspeed":null,"length_m":33.05,"surface_layer":"roads"},"geometry":{"type":"LineString","coordinates":[[79.857524,6.928515099999999],[79.8577879,6.9283744999999985]]}},{"type":"Feature","id":"1492548077","properties":{"id":"1492548077","name":null,"names":{},"highway":"service","tags":{"highway":"service"},"width_m":4,"width_source":"Estimated from road class and direction","direction":"both","direction_source":"Default assumption; no direction tag","access":null,"base_graph_eligible":true,"bridge":false,"tunnel":false,"layer":0,"lanes":null,"maxspeed":null,"length_m":78.44,"surface_layer":"roads"},"geometry":{"type":"LineString","coordinates":[[79.8580306,6.927607099999998],[79.8582858,6.928082100000001],[79.8583273,6.928159399999999],[79.8583663,6.928232000000001]]}},{"type":"Feature","id":"1492548078","properties":{"id":"1492548078","name":null,"names":{},"highway":"service","tags":{"highway":"service"},"width_m":4,"width_source":"Estimated from road class and direction","direction":"both","direction_source":"Default assumption; no direction tag","access":null,"base_graph_eligible":true,"bridge":false,"tunnel":false,"layer":0,"lanes":null,"maxspeed":null,"length_m":43.55,"surface_layer":"roads"},"geometry":{"type":"LineString","coordinates":[[79.8579353,6.928261999999998],[79.8582858,6.928082100000001]]}},{"type":"Feature","id":"1492548079","properties":{"id":"1492548079","name":null,"names":{},"highway":"service","tags":{"highway":"service"},"width_m":4,"width_source":"Estimated from road class and direction","direction":"both","direction_source":"Default assumption; no direction tag","access":null,"base_graph_eligible":true,"bridge":false,"tunnel":false,"layer":0,"lanes":null,"maxspeed":null,"length_m":63.26,"surface_layer":"roads"},"geometry":{"type":"LineString","coordinates":[[79.8579353,6.928261999999998],[79.8578723,6.928287700000002],[79.857845,6.928288899999999],[79.8578205,6.928279500000003],[79.8578069,6.928267800000004],[79.857798,6.928254599999998],[79.8576128,6.927881299999999]]}},{"type":"Feature","id":"1492548081","properties":{"id":"1492548081","name":null,"names":{},"highway":"service","tags":{"highway":"service"},"width_m":4,"width_source":"Estimated from road class and direction","direction":"both","direction_source":"Default assumption; no direction tag","access":null,"base_graph_eligible":true,"bridge":false,"tunnel":false,"layer":0,"lanes":null,"maxspeed":null,"length_m":85.5,"surface_layer":"roads"},"geometry":{"type":"LineString","coordinates":[[79.8571725,6.927773799999997],[79.8574211,6.9276479],[79.85786,6.927419200000002]]}},{"type":"Feature","id":"1492548082","properties":{"id":"1492548082","name":null,"names":{},"highway":"service","tags":{"highway":"service"},"width_m":4,"width_source":"Estimated from road class and direction","direction":"both","direction_source":"Default assumption; no direction tag","access":null,"base_graph_eligible":true,"bridge":false,"tunnel":false,"layer":0,"lanes":null,"maxspeed":null,"length_m":164.93,"surface_layer":"roads"},"geometry":{"type":"LineString","coordinates":[[79.8579345,6.9275747999999995],[79.85786,6.927419200000002],[79.8577988,6.927287799999997],[79.85779260000001,6.927282199999998],[79.8577848,6.927278200000001],[79.8577778,6.9272765],[79.85776830000002,6.927276499999998],[79.8577589,6.927279200000001],[79.8576621,6.9273297000000005],[79.857396,6.927466999999998],[79.857376,6.927478300000002],[79.8573456,6.927500899999998],[79.8573271,6.9275242000000015],[79.8571725,6.927773799999997],[79.8571132,6.9278616],[79.8569886,6.9280573]]}},{"type":"Feature","id":"1492548083","properties":{"id":"1492548083","name":null,"names":{},"highway":"service","tags":{"highway":"service"},"width_m":4,"width_source":"Estimated from road class and direction","direction":"both","direction_source":"Default assumption; no direction tag","access":null,"base_graph_eligible":true,"bridge":false,"tunnel":false,"layer":0,"lanes":null,"maxspeed":null,"length_m":67.41,"surface_layer":"roads"},"geometry":{"type":"LineString","coordinates":[[79.8575685,6.9279379999999975],[79.8572974,6.928077100000001],[79.8572836,6.9280832],[79.8572701,6.928084099999999],[79.8572529,6.9280783],[79.8572406,6.928066699999999],[79.8571825,6.927971199999997],[79.8571132,6.9278616]]}},{"type":"Feature","id":"1492548084","properties":{"id":"1492548084","name":null,"names":{},"highway":"service","tags":{"highway":"service"},"width_m":4,"width_source":"Estimated from road class and direction","direction":"both","direction_source":"Default assumption; no direction tag","access":null,"base_graph_eligible":true,"bridge":false,"tunnel":false,"layer":0,"lanes":null,"maxspeed":null,"length_m":38.51,"surface_layer":"roads"},"geometry":{"type":"LineString","coordinates":[[79.8574096,6.9283973],[79.8577163,6.928232000000001]]}},{"type":"Feature","id":"1492548085","properties":{"id":"1492548085","name":null,"names":{},"highway":"service","tags":{"highway":"service"},"width_m":4,"width_source":"Estimated from road class and direction","direction":"both","direction_source":"Default assumption; no direction tag","access":null,"base_graph_eligible":true,"bridge":false,"tunnel":false,"layer":0,"lanes":null,"maxspeed":null,"length_m":95.79,"surface_layer":"roads"},"geometry":{"type":"LineString","coordinates":[[79.8576677,6.9286096],[79.8575762,6.928560999999999],[79.8575648,6.928554999999999],[79.8575565,6.9285493],[79.857524,6.928515099999999],[79.8574096,6.9283973],[79.8573409,6.928326199999999],[79.857329,6.9283103],[79.8573252,6.9282995000000005],[79.857324,6.928283200000001],[79.8573284,6.9282664],[79.8573421,6.9282482],[79.8576415,6.9280831]]}},{"type":"Feature","id":"1492548086","properties":{"id":"1492548086","name":null,"names":{},"highway":"service","tags":{"highway":"service"},"width_m":4,"width_source":"Estimated from road class and direction","direction":"both","direction_source":"Default assumption; no direction tag","access":null,"base_graph_eligible":true,"bridge":false,"tunnel":false,"layer":0,"lanes":null,"maxspeed":null,"length_m":124.82,"surface_layer":"roads"},"geometry":{"type":"LineString","coordinates":[[79.8573456,6.927500899999998],[79.8574211,6.9276479],[79.8575004,6.9278024],[79.8575685,6.9279379999999975],[79.8576415,6.9280831],[79.8577163,6.928232000000001],[79.8577879,6.9283744999999985],[79.8578586,6.928506400000001]]}},{"type":"Feature","id":"1492548087","properties":{"id":"1492548087","name":null,"names":{},"highway":"service","tags":{"highway":"service"},"width_m":4,"width_source":"Estimated from road class and direction","direction":"both","direction_source":"Default assumption; no direction tag","access":null,"base_graph_eligible":true,"bridge":false,"tunnel":false,"layer":0,"lanes":null,"maxspeed":null,"length_m":130.15,"surface_layer":"roads"},"geometry":{"type":"LineString","coordinates":[[79.8587725,6.926838199999998],[79.8587886,6.9268909999999995],[79.8587995,6.9269431],[79.8588041,6.9269936],[79.8588023,6.927053899999999],[79.8587931,6.927110999999998],[79.8587767,6.927166400000002],[79.8587548,6.927216699999998],[79.8587221,6.927279700000001],[79.8587009,6.927333300000001],[79.8586938,6.927378300000001],[79.8587018,6.9274125],[79.858853,6.927689100000003],[79.8588661,6.9277135],[79.8589084,6.927792600000001],[79.8589765,6.927920800000001]]}},{"type":"Feature","id":"1492548088","properties":{"id":"1492548088","name":null,"names":{},"highway":"service","tags":{"highway":"service"},"width_m":4,"width_source":"Estimated from road class and direction","direction":"both","direction_source":"Default assumption; no direction tag","access":null,"base_graph_eligible":true,"bridge":false,"tunnel":false,"layer":0,"lanes":null,"maxspeed":null,"length_m":56.81,"surface_layer":"roads"},"geometry":{"type":"LineString","coordinates":[[79.8587725,6.926838199999998],[79.8588075,6.9268401000000015],[79.8588401,6.9268275],[79.8588646,6.926802499999997],[79.8588764,6.9267698],[79.8588735,6.926735099999998],[79.8588564,6.926704800000001],[79.8588281,6.9266842],[79.8587938,6.9266771],[79.8587596,6.926684700000002],[79.8587317,6.9267056999999985],[79.8587151,6.9267363],[79.8587118,6.926761299999998],[79.8587164,6.926786100000001],[79.8587284,6.9268083],[79.8587479,6.9268269],[79.8587725,6.926838199999998]]}},{"type":"Feature","id":"1492548090","properties":{"id":"1492548090","name":null,"names":{},"highway":"service","tags":{"highway":"service"},"width_m":4,"width_source":"Estimated from road class and direction","direction":"both","direction_source":"Default assumption; no direction tag","access":null,"base_graph_eligible":true,"bridge":false,"tunnel":false,"layer":0,"lanes":null,"maxspeed":null,"length_m":296.98,"surface_layer":"roads"},"geometry":{"type":"LineString","coordinates":[[79.8587019,6.9280586],[79.8586649,6.927989600000001],[79.85863490000001,6.927933700000002],[79.858595,6.927859399999997],[79.8585832,6.927837599999998],[79.8584351,6.9275636],[79.8584072,6.927533699999999],[79.858368,6.9275154],[79.8583266,6.927504599999999],[79.8582838,6.9274984],[79.8582071,6.927483399999998],[79.8581367,6.9274638],[79.8580845,6.927443500000002],[79.8579958,6.927403900000001],[79.8579591,6.927385899999998],[79.8579386,6.927370300000001],[79.8579176,6.927345600000001],[79.857876,6.927265299999999],[79.8578313,6.9271828],[79.8578231,6.9271581000000015],[79.8578189,6.927131100000002],[79.8578188,6.927103299999999],[79.8578247,6.9270573],[79.85783609999999,6.9270038],[79.8578979,6.926801599999998],[79.8579158,6.926759499999998],[79.8579364,6.926723],[79.8579551,6.926700100000001],[79.8579832,6.9266743],[79.8580269,6.926644699999997],[79.8580769,6.926615599999998],[79.8581344,6.926588199999999],[79.8581951,6.926566300000001],[79.8582891,6.9265547],[79.8583625,6.926552999999999],[79.85844200000001,6.926562299999998],[79.8585152,6.926584400000003],[79.8585562,6.926603500000001],[79.8586112,6.926637000000004],[79.8586475,6.9266656],[79.8587151,6.9267363]]}},{"type":"Feature","id":"1492548091","properties":{"id":"1492548091","name":"St. Sebastian Hill","names":{},"highway":"secondary","tags":{"highway":"secondary","lit":"yes","maxspeed":"50","name":"St. Sebastian Hill","note":"Road Name Spelling Corrected.","surface":"asphalt"},"width_m":11,"width_source":"Estimated from road class and direction","direction":"both","direction_source":"Default assumption; no direction tag","access":null,"base_graph_eligible":true,"bridge":false,"tunnel":false,"layer":0,"lanes":null,"maxspeed":"50","length_m":61.98,"surface_layer":"roads"},"geometry":{"type":"LineString","coordinates":[[79.8601669,6.9326988],[79.8598248,6.9331429]]}},{"type":"Feature","id":"1492551744","properties":{"id":"1492551744","name":null,"names":{},"highway":"residential","tags":{"bicycle":"yes","foot":"yes","highway":"residential","horse":"yes","maxspeed":"30","surface":"ground"},"width_m":6,"width_source":"Estimated from road class and direction","direction":"both","direction_source":"Default assumption; no direction tag","access":null,"base_graph_eligible":true,"bridge":false,"tunnel":false,"layer":0,"lanes":null,"maxspeed":"30","length_m":224.99,"surface_layer":"roads"},"geometry":{"type":"LineString","coordinates":[[79.855923,6.9233885000000015],[79.8559231,6.923531999999999],[79.8559819,6.923938799999999],[79.856064,6.924111100000001],[79.8562499,6.924399899999998],[79.8563973,6.924564700000003],[79.8565756,6.924896099999999],[79.8565821,6.924980199999998],[79.8564893,6.9252274]]}},{"type":"Feature","id":"1492551746","properties":{"id":"1492551746","name":null,"names":{},"highway":"service","tags":{"highway":"service"},"width_m":4,"width_source":"Estimated from road class and direction","direction":"both","direction_source":"Default assumption; no direction tag","access":null,"base_graph_eligible":true,"bridge":false,"tunnel":false,"layer":0,"lanes":null,"maxspeed":null,"length_m":37.12,"surface_layer":"roads"},"geometry":{"type":"LineString","coordinates":[[79.8551652,6.923345600000001],[79.855288,6.9235286],[79.85536580000002,6.9236138]]}},{"type":"Feature","id":"1492551747","properties":{"id":"1492551747","name":null,"names":{},"highway":"service","tags":{"highway":"service"},"width_m":4,"width_source":"Estimated from road class and direction","direction":"both","direction_source":"Default assumption; no direction tag","access":null,"base_graph_eligible":true,"bridge":false,"tunnel":false,"layer":0,"lanes":null,"maxspeed":null,"length_m":174.23,"surface_layer":"roads"},"geometry":{"type":"LineString","coordinates":[[79.8554108,6.923208500000001],[79.855215,6.923316899999998],[79.8551652,6.923345600000001],[79.8550996,6.923383399999997],[79.8549186,6.923455299999998],[79.8548314,6.923503300000001],[79.8548234,6.9235192],[79.854826,6.9235366],[79.8549172,6.9237229000000005],[79.8549199,6.923770899999998],[79.8549038,6.923806800000002],[79.8548461,6.923844099999998],[79.8543821,6.924091699999999]]}},{"type":"Feature","id":"1492551748","properties":{"id":"1492551748","name":null,"names":{},"highway":"service","tags":{"highway":"service"},"width_m":4,"width_source":"Estimated from road class and direction","direction":"both","direction_source":"Default assumption; no direction tag","access":null,"base_graph_eligible":true,"bridge":false,"tunnel":false,"layer":0,"lanes":null,"maxspeed":null,"length_m":67.47,"surface_layer":"roads"},"geometry":{"type":"LineString","coordinates":[[79.85341339999998,6.9235996],[79.8534554,6.923699000000002],[79.8534809,6.923790800000002],[79.8534742,6.923971899999997],[79.8534916,6.924103700000002],[79.8535326,6.9241869000000005]]}},{"type":"Feature","id":"1492866596","properties":{"id":"1492866596","name":null,"names":{},"highway":"service","tags":{"highway":"service"},"width_m":4,"width_source":"Estimated from road class and direction","direction":"both","direction_source":"Default assumption; no direction tag","access":null,"base_graph_eligible":true,"bridge":false,"tunnel":false,"layer":0,"lanes":null,"maxspeed":null,"length_m":15.17,"surface_layer":"roads"},"geometry":{"type":"LineString","coordinates":[[79.8578231,6.9271581000000015],[79.8578046,6.9271643],[79.8577957,6.927174299999998],[79.85779,6.9271867999999985],[79.8577778,6.9272765]]}},{"type":"Feature","id":"1492866605","properties":{"id":"1492866605","name":null,"names":{},"highway":"service","tags":{"highway":"service"},"width_m":4,"width_source":"Estimated from road class and direction","direction":"both","direction_source":"Default assumption; no direction tag","access":null,"base_graph_eligible":true,"bridge":false,"tunnel":false,"layer":0,"lanes":null,"maxspeed":null,"length_m":19.75,"surface_layer":"roads"},"geometry":{"type":"LineString","coordinates":[[79.8580164,6.9284211],[79.8579353,6.928261999999998]]}},{"type":"Feature","id":"1492866607","properties":{"id":"1492866607","name":null,"names":{},"highway":"service","tags":{"highway":"service"},"width_m":4,"width_source":"Estimated from road class and direction","direction":"both","direction_source":"Default assumption; no direction tag","access":null,"base_graph_eligible":true,"bridge":false,"tunnel":false,"layer":0,"lanes":null,"maxspeed":null,"length_m":119.45,"surface_layer":"roads"},"geometry":{"type":"LineString","coordinates":[[79.8581367,6.9274638],[79.8579345,6.9275747999999995],[79.8575004,6.9278024],[79.8571825,6.927971199999997]]}},{"type":"Feature","id":"1492866623","properties":{"id":"1492866623","name":null,"names":{},"highway":"service","tags":{"highway":"service"},"width_m":4,"width_source":"Estimated from road class and direction","direction":"both","direction_source":"Default assumption; no direction tag","access":null,"base_graph_eligible":true,"bridge":false,"tunnel":false,"layer":0,"lanes":null,"maxspeed":null,"length_m":33.88,"surface_layer":"roads"},"geometry":{"type":"LineString","coordinates":[[79.8584351,6.9275636],[79.8585686,6.927487999999999],[79.8587018,6.9274125]]}},{"type":"Feature","id":"1492910081","properties":{"id":"1492910081","name":"Approach Road to Central Bus Station","names":{},"highway":"tertiary","tags":{"covered":"yes","highway":"tertiary","maxspeed":"10","name":"Approach Road to Central Bus Station","ref":"AC10","surface":"asphalt"},"width_m":9,"width_source":"Estimated from road class and direction","direction":"both","direction_source":"Default assumption; no direction tag","access":null,"base_graph_eligible":true,"bridge":false,"tunnel":false,"layer":0,"lanes":null,"maxspeed":"10","length_m":5.66,"surface_layer":"roads"},"geometry":{"type":"LineString","coordinates":[[79.8541514,6.935628699999999],[79.8541994,6.9356108]]}},{"type":"Feature","id":"1492910082","properties":{"id":"1492910082","name":"Approach Road to Central Bus Station","names":{},"highway":"tertiary","tags":{"highway":"tertiary","maxspeed":"10","name":"Approach Road to Central Bus Station","ref":"AC10","surface":"asphalt"},"width_m":9,"width_source":"Estimated from road class and direction","direction":"both","direction_source":"Default assumption; no direction tag","access":null,"base_graph_eligible":true,"bridge":false,"tunnel":false,"layer":0,"lanes":null,"maxspeed":"10","length_m":9.86,"surface_layer":"roads"},"geometry":{"type":"LineString","coordinates":[[79.8540693,6.9356636],[79.8541514,6.935628699999999]]}},{"type":"Feature","id":"1492910084","properties":{"id":"1492910084","name":null,"names":{},"highway":"service","tags":{"highway":"service","maxspeed":"10","surface":"asphalt"},"width_m":4,"width_source":"Estimated from road class and direction","direction":"both","direction_source":"Default assumption; no direction tag","access":null,"base_graph_eligible":true,"bridge":false,"tunnel":false,"layer":0,"lanes":null,"maxspeed":"10","length_m":4.27,"surface_layer":"roads"},"geometry":{"type":"LineString","coordinates":[[79.8544373,6.935090799999999],[79.8544349,6.935052299999999]]}},{"type":"Feature","id":"1492910085","properties":{"id":"1492910085","name":null,"names":{},"highway":"service","tags":{"covered":"yes","highway":"service","maxspeed":"10","surface":"asphalt"},"width_m":4,"width_source":"Estimated from road class and direction","direction":"both","direction_source":"Default assumption; no direction tag","access":null,"base_graph_eligible":true,"bridge":false,"tunnel":false,"layer":0,"lanes":null,"maxspeed":"10","length_m":6.69,"surface_layer":"roads"},"geometry":{"type":"LineString","coordinates":[[79.8544411,6.935151199999998],[79.8544373,6.935090799999999]]}},{"type":"Feature","id":"1492954760","properties":{"id":"1492954760","name":null,"names":{},"highway":"service","tags":{"highway":"service"},"width_m":4,"width_source":"Estimated from road class and direction","direction":"both","direction_source":"Default assumption; no direction tag","access":null,"base_graph_eligible":true,"bridge":false,"tunnel":false,"layer":0,"lanes":null,"maxspeed":null,"length_m":23.32,"surface_layer":"roads"},"geometry":{"type":"LineString","coordinates":[[79.8598068,6.924622599999998],[79.8600177,6.924628499999999]]}},{"type":"Feature","id":"1492954761","properties":{"id":"1492954761","name":null,"names":{},"highway":"residential","tags":{"highway":"residential"},"width_m":6,"width_source":"Estimated from road class and direction","direction":"both","direction_source":"Default assumption; no direction tag","access":null,"base_graph_eligible":true,"bridge":false,"tunnel":false,"layer":0,"lanes":null,"maxspeed":null,"length_m":60.56,"surface_layer":"roads"},"geometry":{"type":"LineString","coordinates":[[79.8602188,6.925135699999999],[79.86023790000002,6.9251358],[79.8602517,6.925135100000002],[79.8602694,6.925130899999998],[79.8604242,6.925054800000001],[79.8604554,6.925043400000002],[79.8604869,6.9250392],[79.8607463,6.925040500000001]]}},{"type":"Feature","id":"1492954762","properties":{"id":"1492954762","name":null,"names":{},"highway":"residential","tags":{"covered":"yes","highway":"residential"},"width_m":6,"width_source":"Estimated from road class and direction","direction":"both","direction_source":"Default assumption; no direction tag","access":null,"base_graph_eligible":true,"bridge":false,"tunnel":false,"layer":0,"lanes":null,"maxspeed":null,"length_m":6.99,"surface_layer":"roads"},"geometry":{"type":"LineString","coordinates":[[79.8601556,6.925134499999996],[79.8602188,6.925135699999999]]}},{"type":"Feature","id":"1492954784","properties":{"id":"1492954784","name":null,"names":{},"highway":"service","tags":{"highway":"service"},"width_m":4,"width_source":"Estimated from road class and direction","direction":"both","direction_source":"Default assumption; no direction tag","access":null,"base_graph_eligible":true,"bridge":false,"tunnel":false,"layer":0,"lanes":null,"maxspeed":null,"length_m":16.82,"surface_layer":"roads"},"geometry":{"type":"LineString","coordinates":[[79.8606321,6.923767899999998],[79.8606458,6.923616399999999]]}},{"type":"Feature","id":"1492954785","properties":{"id":"1492954785","name":null,"names":{},"highway":"service","tags":{"highway":"service"},"width_m":4,"width_source":"Estimated from road class and direction","direction":"both","direction_source":"Default assumption; no direction tag","access":null,"base_graph_eligible":true,"bridge":false,"tunnel":false,"layer":0,"lanes":null,"maxspeed":null,"length_m":47.45,"surface_layer":"roads"},"geometry":{"type":"LineString","coordinates":[[79.8612829,6.923919500000001],[79.8612917,6.923829900000002],[79.8613018,6.923720200000001],[79.8613037,6.9237078999999975],[79.8612973,6.923696899999999],[79.8612858,6.923690100000002],[79.8610962,6.9236721]]}},{"type":"Feature","id":"1492954794","properties":{"id":"1492954794","name":null,"names":{},"highway":"residential","tags":{"highway":"residential"},"width_m":6,"width_source":"Estimated from road class and direction","direction":"both","direction_source":"Default assumption; no direction tag","access":null,"base_graph_eligible":true,"bridge":false,"tunnel":false,"layer":0,"lanes":null,"maxspeed":null,"length_m":147.37,"surface_layer":"roads"},"geometry":{"type":"LineString","coordinates":[[79.8601805,6.9244757],[79.8598658,6.9244734999999995],[79.8598489,6.924480699999999],[79.8598314,6.924490100000002],[79.8598175,6.924509800000002],[79.8598105,6.9245346],[79.8598068,6.924622599999998],[79.859788,6.925062099999999],[79.8597907,6.925084499999998],[79.859804,6.925104600000001],[79.8598222,6.9251156],[79.8598428,6.925120699999996],[79.8601556,6.925134499999996]]}},{"type":"Feature","id":"1492954795","properties":{"id":"1492954795","name":null,"names":{},"highway":"residential","tags":{"covered":"yes","highway":"residential"},"width_m":6,"width_source":"Estimated from road class and direction","direction":"both","direction_source":"Default assumption; no direction tag","access":null,"base_graph_eligible":true,"bridge":false,"tunnel":false,"layer":0,"lanes":null,"maxspeed":null,"length_m":7.23,"surface_layer":"roads"},"geometry":{"type":"LineString","coordinates":[[79.8602459,6.924477000000002],[79.8601805,6.9244757]]}},{"type":"Feature","id":"1493025691","properties":{"id":"1493025691","name":null,"names":{},"highway":"service","tags":{"highway":"service"},"width_m":4,"width_source":"Estimated from road class and direction","direction":"both","direction_source":"Default assumption; no direction tag","access":null,"base_graph_eligible":true,"bridge":false,"tunnel":false,"layer":0,"lanes":null,"maxspeed":null,"length_m":49.94,"surface_layer":"roads"},"geometry":{"type":"LineString","coordinates":[[79.8470047,6.9347116],[79.8468518,6.934704900000002],[79.8466104,6.9346836],[79.84655641432283,6.9346669027203145]]}},{"type":"Feature","id":"1493477808","properties":{"id":"1493477808","name":null,"names":{},"highway":"primary_link","tags":{"highway":"primary_link"},"width_m":14,"width_source":"Estimated from road class and direction","direction":"both","direction_source":"Default assumption; no direction tag","access":null,"base_graph_eligible":true,"bridge":false,"tunnel":false,"layer":0,"lanes":null,"maxspeed":null,"length_m":12.32,"surface_layer":"roads"},"geometry":{"type":"LineString","coordinates":[[79.8625726,6.927881599999999],[79.8626156,6.9277788]]}},{"type":"Feature","id":"1494544707","properties":{"id":"1494544707","name":null,"names":{},"highway":"service","tags":{"highway":"service"},"width_m":4,"width_source":"Estimated from road class and direction","direction":"both","direction_source":"Default assumption; no direction tag","access":null,"base_graph_eligible":true,"bridge":false,"tunnel":false,"layer":0,"lanes":null,"maxspeed":null,"length_m":38.55,"surface_layer":"roads"},"geometry":{"type":"LineString","coordinates":[[79.85260109999999,6.923203099999999],[79.85292429999998,6.9230719]]}},{"type":"Feature","id":"1494849376","properties":{"id":"1494849376","name":null,"names":{},"highway":"service","tags":{"highway":"service"},"width_m":4,"width_source":"Estimated from road class and direction","direction":"both","direction_source":"Default assumption; no direction tag","access":null,"base_graph_eligible":true,"bridge":false,"tunnel":false,"layer":0,"lanes":null,"maxspeed":null,"length_m":96.48,"surface_layer":"roads"},"geometry":{"type":"LineString","coordinates":[[79.8560625,6.9231218000000005],[79.8561168,6.923133200000001],[79.85622580000002,6.923142099999999],[79.8566888,6.9231837],[79.8567961,6.9231798000000015],[79.8569305,6.923159200000001]]}},{"type":"Feature","id":"1494849377","properties":{"id":"1494849377","name":null,"names":{},"highway":"service","tags":{"highway":"service"},"width_m":4,"width_source":"Estimated from road class and direction","direction":"both","direction_source":"Default assumption; no direction tag","access":null,"base_graph_eligible":true,"bridge":false,"tunnel":false,"layer":0,"lanes":null,"maxspeed":null,"length_m":83.87,"surface_layer":"roads"},"geometry":{"type":"LineString","coordinates":[[79.85482749999998,6.9229962999999985],[79.8547938,6.9230866],[79.8546785,6.9231411],[79.8545068,6.9232450000000005],[79.85433919999998,6.923331499999997],[79.8542105,6.923399399999999]]}},{"type":"Feature","id":"1494894378","properties":{"id":"1494894378","name":null,"names":{},"highway":"service","tags":{"highway":"service"},"width_m":4,"width_source":"Estimated from road class and direction","direction":"both","direction_source":"Default assumption; no direction tag","access":null,"base_graph_eligible":true,"bridge":false,"tunnel":false,"layer":0,"lanes":null,"maxspeed":null,"length_m":65.86,"surface_layer":"roads"},"geometry":{"type":"LineString","coordinates":[[79.86161,6.9235465],[79.86171832535447,6.922960919265508]]}},{"type":"Feature","id":"1494976572","properties":{"id":"1494976572","name":null,"names":{},"highway":"service","tags":{"highway":"service"},"width_m":4,"width_source":"Estimated from road class and direction","direction":"both","direction_source":"Default assumption; no direction tag","access":null,"base_graph_eligible":true,"bridge":false,"tunnel":false,"layer":0,"lanes":null,"maxspeed":null,"length_m":3.68,"surface_layer":"roads"},"geometry":{"type":"LineString","coordinates":[[79.84655667460848,6.92416510590457],[79.84658719999999,6.924178399999998]]}},{"type":"Feature","id":"1495325115","properties":{"id":"1495325115","name":null,"names":{},"highway":"service","tags":{"highway":"service"},"width_m":4,"width_source":"Estimated from road class and direction","direction":"both","direction_source":"Default assumption; no direction tag","access":null,"base_graph_eligible":true,"bridge":false,"tunnel":false,"layer":0,"lanes":null,"maxspeed":null,"length_m":123.57,"surface_layer":"roads"},"geometry":{"type":"LineString","coordinates":[[79.8488608,6.9381901999999975],[79.849235,6.938405900000004],[79.8494375,6.938489800000001],[79.84954210000001,6.938520399999996],[79.8495877,6.9385124],[79.8496386,6.938476399999997],[79.8497739,6.938267100000003]]}},{"type":"Feature","id":"1495325116","properties":{"id":"1495325116","name":null,"names":{},"highway":"primary_link","tags":{"highway":"primary_link"},"width_m":14,"width_source":"Estimated from road class and direction","direction":"both","direction_source":"Default assumption; no direction tag","access":null,"base_graph_eligible":true,"bridge":false,"tunnel":false,"layer":0,"lanes":null,"maxspeed":null,"length_m":8.48,"surface_layer":"roads"},"geometry":{"type":"LineString","coordinates":[[79.8602286,6.927350999999999],[79.8602573,6.927422100000001]]}},{"type":"Feature","id":"1495325117","properties":{"id":"1495325117","name":null,"names":{},"highway":"primary_link","tags":{"highway":"primary_link"},"width_m":14,"width_source":"Estimated from road class and direction","direction":"both","direction_source":"Default assumption; no direction tag","access":null,"base_graph_eligible":true,"bridge":false,"tunnel":false,"layer":0,"lanes":null,"maxspeed":null,"length_m":8.29,"surface_layer":"roads"},"geometry":{"type":"LineString","coordinates":[[79.8592804,6.927765900000002],[79.8593096,6.927834899999999]]}},{"type":"Feature","id":"1495325118","properties":{"id":"1495325118","name":null,"names":{},"highway":"service","tags":{"highway":"service"},"width_m":4,"width_source":"Estimated from road class and direction","direction":"both","direction_source":"Default assumption; no direction tag","access":null,"base_graph_eligible":true,"bridge":false,"tunnel":false,"layer":0,"lanes":null,"maxspeed":null,"length_m":11.64,"surface_layer":"roads"},"geometry":{"type":"LineString","coordinates":[[79.8562198,6.930214200000001],[79.8562853,6.930131800000001]]}},{"type":"Feature","id":"1495325119","properties":{"id":"1495325119","name":null,"names":{},"highway":"service","tags":{"highway":"service"},"width_m":4,"width_source":"Estimated from road class and direction","direction":"both","direction_source":"Default assumption; no direction tag","access":null,"base_graph_eligible":true,"bridge":false,"tunnel":false,"layer":0,"lanes":null,"maxspeed":null,"length_m":51.66,"surface_layer":"roads"},"geometry":{"type":"LineString","coordinates":[[79.8606967,6.929406999999998],[79.8605418,6.929595399999999],[79.8604023,6.9297698]]}},{"type":"Feature","id":"1495325120","properties":{"id":"1495325120","name":null,"names":{},"highway":"service","tags":{"highway":"service"},"width_m":4,"width_source":"Estimated from road class and direction","direction":"both","direction_source":"Default assumption; no direction tag","access":null,"base_graph_eligible":true,"bridge":false,"tunnel":false,"layer":0,"lanes":null,"maxspeed":null,"length_m":79.8,"surface_layer":"roads"},"geometry":{"type":"LineString","coordinates":[[79.8608476,6.929452899999999],[79.8606504,6.9296918],[79.8603856,6.930007400000001]]}},{"type":"Feature","id":"1495325121","properties":{"id":"1495325121","name":null,"names":{},"highway":"service","tags":{"highway":"service"},"width_m":4,"width_source":"Estimated from road class and direction","direction":"both","direction_source":"Default assumption; no direction tag","access":null,"base_graph_eligible":true,"bridge":false,"tunnel":false,"layer":0,"lanes":null,"maxspeed":null,"length_m":30.21,"surface_layer":"roads"},"geometry":{"type":"LineString","coordinates":[[79.8607483,6.929774300000001],[79.8606504,6.9296918],[79.8605418,6.929595399999999]]}},{"type":"Feature","id":"1495325122","properties":{"id":"1495325122","name":null,"names":{},"highway":"service","tags":{"highway":"service"},"width_m":4,"width_source":"Estimated from road class and direction","direction":"both","direction_source":"Default assumption; no direction tag","access":null,"base_graph_eligible":true,"bridge":false,"tunnel":false,"layer":0,"lanes":null,"maxspeed":null,"length_m":33.03,"surface_layer":"roads"},"geometry":{"type":"LineString","coordinates":[[79.849935,6.9265134],[79.8500624,6.9265300000000005],[79.8502264,6.9265761999999995]]}},{"type":"Feature","id":"1495325123","properties":{"id":"1495325123","name":null,"names":{},"highway":"service","tags":{"highway":"service"},"width_m":4,"width_source":"Estimated from road class and direction","direction":"both","direction_source":"Default assumption; no direction tag","access":null,"base_graph_eligible":true,"bridge":false,"tunnel":false,"layer":0,"lanes":null,"maxspeed":null,"length_m":121.3,"surface_layer":"roads"},"geometry":{"type":"LineString","coordinates":[[79.84927650000002,6.926256400000001],[79.8497647,6.9263976000000005],[79.84988410000001,6.926460100000003],[79.849935,6.9265134],[79.8499538,6.926579899999999],[79.8499538,6.926642499999999],[79.8499283,6.926730400000002],[79.8498465,6.9268649]]}},{"type":"Feature","id":"1495706222","properties":{"id":"1495706222","name":null,"names":{},"highway":"service","tags":{"covered":"yes","highway":"service","maxspeed":"10","surface":"asphalt"},"width_m":4,"width_source":"Estimated from road class and direction","direction":"both","direction_source":"Default assumption; no direction tag","access":null,"base_graph_eligible":true,"bridge":false,"tunnel":false,"layer":0,"lanes":null,"maxspeed":"10","length_m":3.59,"surface_layer":"roads"},"geometry":{"type":"LineString","coordinates":[[79.8542102,6.9351494],[79.8542068,6.9351171]]}},{"type":"Feature","id":"1495706223","properties":{"id":"1495706223","name":null,"names":{},"highway":"service","tags":{"highway":"service","maxspeed":"10","surface":"asphalt"},"width_m":4,"width_source":"Estimated from road class and direction","direction":"both","direction_source":"Default assumption; no direction tag","access":null,"base_graph_eligible":true,"bridge":false,"tunnel":false,"layer":0,"lanes":null,"maxspeed":"10","length_m":48.95,"surface_layer":"roads"},"geometry":{"type":"LineString","coordinates":[[79.8542558,6.935589700000002],[79.8542102,6.9351494]]}},{"type":"Feature","id":"1495725271","properties":{"id":"1495725271","name":null,"names":{},"highway":"service","tags":{"highway":"service"},"width_m":4,"width_source":"Estimated from road class and direction","direction":"both","direction_source":"Default assumption; no direction tag","access":null,"base_graph_eligible":true,"bridge":false,"tunnel":false,"layer":0,"lanes":null,"maxspeed":null,"length_m":85.97,"surface_layer":"roads"},"geometry":{"type":"LineString","coordinates":[[79.859804,6.925104600000001],[79.8597771,6.925147599999999],[79.8597517,6.9251701999999975],[79.8597196,6.925185300000002],[79.859685,6.925188700000001],[79.8595515,6.9251786],[79.8590632,6.925152599999999]]}},{"type":"Feature","id":"1495725275","properties":{"id":"1495725275","name":null,"names":{},"highway":"service","tags":{"highway":"service"},"width_m":4,"width_source":"Estimated from road class and direction","direction":"both","direction_source":"Default assumption; no direction tag","access":null,"base_graph_eligible":true,"bridge":false,"tunnel":false,"layer":0,"lanes":null,"maxspeed":null,"length_m":70.73,"surface_layer":"roads"},"geometry":{"type":"LineString","coordinates":[[79.8605129,6.9245999],[79.86051720000002,6.924467799999999],[79.8605222,6.924259399999999],[79.860518,6.9242434999999976],[79.8605138,6.924232599999999],[79.8603228,6.924040500000002]]}},{"type":"Feature","id":"1495725276","properties":{"id":"1495725276","name":"D. R. Wijewardene Mawatha","names":{},"highway":"primary","tags":{"highway":"primary","lanes":"2","lit":"yes","loc_name":"McCallum Road","maxspeed":"60","name":"D. R. Wijewardene Mawatha","note":"Road declared in Gazette dated 06-06-1989 as AC6 D. R. Wijewardene Mawatha from Lakehouse Roundabout to Gaminie Hall Roundabout. No one may alter this trace unless redefined and issued in a new Gazette.","oneway":"yes","ref":"AC6","sidewalk":"no","smoothness":"bad","surface":"asphalt"},"width_m":6.4,"width_source":"Estimated: mapped lanes × 3.2 m","direction":"forward","direction_source":"OSM tag","access":null,"base_graph_eligible":true,"bridge":false,"tunnel":false,"layer":0,"lanes":2,"maxspeed":"60","length_m":38.96,"surface_layer":"roads"},"geometry":{"type":"LineString","coordinates":[[79.8617839,6.926997400000002],[79.861722,6.926997000000002],[79.861667,6.927],[79.8614343,6.927036799999999]]}},{"type":"Feature","id":"1495725277","properties":{"id":"1495725277","name":"T. B. Jayah Mawatha","names":{},"highway":"secondary","tags":{"alt_name":"Darley Road","highway":"secondary","lanes":"2","lit":"yes","maxspeed":"50","name":"T. B. Jayah Mawatha","oneway":"yes","sidewalk":"no","smoothness":"good","surface":"asphalt"},"width_m":6.4,"width_source":"Estimated: mapped lanes × 3.2 m","direction":"forward","direction_source":"OSM tag","access":null,"base_graph_eligible":true,"bridge":false,"tunnel":false,"layer":0,"lanes":2,"maxspeed":"50","length_m":59.25,"surface_layer":"roads"},"geometry":{"type":"LineString","coordinates":[[79.8618019,6.926450899999999],[79.8617972,6.926597600000001],[79.86180780000001,6.926986399999998]]}},{"type":"Feature","id":"1545981819","properties":{"id":"1545981819","name":"Kew Road","names":{},"highway":"tertiary","tags":{"highway":"tertiary","maxspeed":"50","name":"Kew Road","oneway":"yes"},"width_m":4.5,"width_source":"Estimated from road class and direction","direction":"forward","direction_source":"OSM tag","access":null,"base_graph_eligible":true,"bridge":false,"tunnel":false,"layer":0,"lanes":null,"maxspeed":"50","length_m":20.91,"surface_layer":"roads"},"geometry":{"type":"LineString","coordinates":[[79.8516961,6.926146799999999],[79.8516248,6.926149899999999],[79.8515685,6.926138000000001],[79.8515155,6.926109300000001]]}},{"type":"Feature","id":"1552091945","properties":{"id":"1552091945","name":"D. R. Wijewardene Mawatha","names":{},"highway":"primary","tags":{"highway":"primary","lanes":"2","lit":"yes","loc_name":"McCallum Road","maxspeed":"60","name":"D. R. Wijewardene Mawatha","note":"Road declared in Gazette dated 06-06-1989 as AC6 D. R. Wijewardene Mawatha from Lakehouse Roundabout to Gaminie Hall Roundabout. No one may alter this trace unless redefined and issued in a new Gazette.","oneway":"yes","ref":"AC6","sidewalk:left":"separate","surface":"asphalt"},"width_m":6.4,"width_source":"Estimated: mapped lanes × 3.2 m","direction":"forward","direction_source":"OSM tag","access":null,"base_graph_eligible":true,"bridge":false,"tunnel":false,"layer":0,"lanes":2,"maxspeed":"60","length_m":49.8,"surface_layer":"roads"},"geometry":{"type":"LineString","coordinates":[[79.84655646995171,6.932423360466818],[79.84691440000002,6.9324788],[79.84700080000002,6.932497499999999]]}},{"type":"Feature","id":"1552091947","properties":{"id":"1552091947","name":"Sir Chittampalam A. Gardiner Mawatha","names":{},"highway":"trunk","tags":{"alt_name":"Colombo-Ratnapura-Wellawaya-Batticaloa Road","highway":"trunk","lanes":"2","lit":"yes","loc_name":"Parson's Road","maxspeed":"60","name":"Sir Chittampalam A. Gardiner Mawatha","note":"Road declared in Gazette 06-06-1989 as A4 Colombo-Ratnapura-Wellawaya-Batticaloa Road. Starts at CTO RB; runs via Chittampalam Gardener, Ratnam, Thummulla Jct, Havelock Road. No one may alter this trace unless redefined and issued in a new Gazette.","oneway":"yes","ref":"A4","sidewalk:left":"separate","surface":"asphalt"},"width_m":6.4,"width_source":"Estimated: mapped lanes × 3.2 m","direction":"forward","direction_source":"OSM tag","access":null,"base_graph_eligible":true,"bridge":false,"tunnel":false,"layer":0,"lanes":2,"maxspeed":"60","length_m":59.12,"surface_layer":"roads"},"geometry":{"type":"LineString","coordinates":[[79.8472316,6.930489999999997],[79.8471497,6.930664499999998],[79.8470413,6.930988700000001]]}},{"type":"Feature","id":"1557353565","properties":{"id":"1557353565","name":null,"names":{},"highway":"service","tags":{"highway":"service"},"width_m":4,"width_source":"Estimated from road class and direction","direction":"both","direction_source":"Default assumption; no direction tag","access":null,"base_graph_eligible":true,"bridge":false,"tunnel":false,"layer":0,"lanes":null,"maxspeed":null,"length_m":71.52,"surface_layer":"roads"},"geometry":{"type":"LineString","coordinates":[[79.8552015,6.935333300000002],[79.8558469,6.935284999999999]]}},{"type":"Feature","id":"1557842879","properties":{"id":"1557842879","name":null,"names":{},"highway":"service","tags":{"highway":"service"},"width_m":4,"width_source":"Estimated from road class and direction","direction":"both","direction_source":"Default assumption; no direction tag","access":null,"base_graph_eligible":true,"bridge":false,"tunnel":false,"layer":0,"lanes":null,"maxspeed":null,"length_m":36.23,"surface_layer":"roads"},"geometry":{"type":"LineString","coordinates":[[79.8523825,6.934511199999999],[79.8522793,6.9344799],[79.8520707,6.934409999999999]]}}]}
